loser_id	keep_id	merchant_id	sku	url	url_key	loser_source	canonical_source
171089125	1068555937	shopify_013554_2c_myshopify_com	013554-2c.myshopify.com:16333462471001	https://013554-2c.myshopify.com/products/healthypharm-cetirizine-dihcl-10mg-10-00-tabletten	013554-2c.myshopify.com/products/healthypharm-cetirizine-dihcl-10mg-10-00-tabletten	shopify	shopify_buy30620_crate
171089121	1068555934	shopify_013554_2c_myshopify_com	013554-2c.myshopify.com:16334645625177	https://013554-2c.myshopify.com/products/new-nordic-shampoo-hair-volume-250-00-milliliter	013554-2c.myshopify.com/products/new-nordic-shampoo-hair-volume-250-00-milliliter	shopify	shopify_buy30620_crate
171089122	1068555935	shopify_013554_2c_myshopify_com	013554-2c.myshopify.com:16333599342937	https://013554-2c.myshopify.com/products/sol-de-ibiza-beschermende-creme-baby-kids-spf30-mini-bio-30-00-gram	013554-2c.myshopify.com/products/sol-de-ibiza-beschermende-creme-baby-kids-spf30-mini-bio-30-00-gram	shopify	shopify_buy30620_crate
171089127	1068555938	shopify_013554_2c_myshopify_com	013554-2c.myshopify.com:16333430391129	https://013554-2c.myshopify.com/products/vitortho-vitamine-e-compleet-60-00-capsules	013554-2c.myshopify.com/products/vitortho-vitamine-e-compleet-60-00-capsules	shopify	shopify_buy30620_crate
171089124	1068555936	shopify_013554_2c_myshopify_com	013554-2c.myshopify.com:16333589774681	https://013554-2c.myshopify.com/products/westlab-badzout-himalaya-1-00-kilogram	013554-2c.myshopify.com/products/westlab-badzout-himalaya-1-00-kilogram	shopify	shopify_buy30620_crate
249288284	818140243	shopify_10keiya_com_myshopify_com	10keiya-com.myshopify.com:8875511644389	https://10keiya-com.myshopify.com/products/171625	10keiya-com.myshopify.com/products/171625	shopify	shopify_buy30620_crate
249288280	818140242	shopify_10keiya_com_myshopify_com	10keiya-com.myshopify.com:8875511742693	https://10keiya-com.myshopify.com/products/171626	10keiya-com.myshopify.com/products/171626	shopify	shopify_buy30620_crate
249288279	818140241	shopify_10keiya_com_myshopify_com	10keiya-com.myshopify.com:8875512299749	https://10keiya-com.myshopify.com/products/171634	10keiya-com.myshopify.com/products/171634	shopify	shopify_buy30620_crate
249288275	818140240	shopify_10keiya_com_myshopify_com	10keiya-com.myshopify.com:8875512627429	https://10keiya-com.myshopify.com/products/171638	10keiya-com.myshopify.com/products/171638	shopify	shopify_buy30620_crate
249288271	818140239	shopify_10keiya_com_myshopify_com	10keiya-com.myshopify.com:8875513577701	https://10keiya-com.myshopify.com/products/171650	10keiya-com.myshopify.com/products/171650	shopify	shopify_buy30620_crate
249288268	818140238	shopify_10keiya_com_myshopify_com	10keiya-com.myshopify.com:8875513774309	https://10keiya-com.myshopify.com/products/171652	10keiya-com.myshopify.com/products/171652	shopify	shopify_buy30620_crate
249288265	818140237	shopify_10keiya_com_myshopify_com	10keiya-com.myshopify.com:8875514298597	https://10keiya-com.myshopify.com/products/171658	10keiya-com.myshopify.com/products/171658	shopify	shopify_buy30620_crate
249288262	818140236	shopify_10keiya_com_myshopify_com	10keiya-com.myshopify.com:8875514331365	https://10keiya-com.myshopify.com/products/171659	10keiya-com.myshopify.com/products/171659	shopify	shopify_buy30620_crate
125084752	675490130	shopify_188d6d_75_myshopify_com	188d6d-75.myshopify.com:7000975900768	https://188d6d-75.myshopify.com/products/43930286-zincated-m6x36mm-clip	188d6d-75.myshopify.com/products/43930286-zincated-m6x36mm-clip	shopify	shopify_buy30620_crate
125084760	675490126	shopify_188d6d_75_myshopify_com	188d6d-75.myshopify.com:7000975736928	https://188d6d-75.myshopify.com/products/zamp-rz-62rz-65rz-64-chin-spoiler-kit	188d6d-75.myshopify.com/products/zamp-rz-62rz-65rz-64-chin-spoiler-kit	shopify	shopify_buy30620_crate
125084758	675490125	shopify_188d6d_75_myshopify_com	188d6d-75.myshopify.com:7000975802464	https://188d6d-75.myshopify.com/products/zamp-underwear-top-black	188d6d-75.myshopify.com/products/zamp-underwear-top-black	shopify	shopify_buy30620_crate
125084756	675490128	shopify_188d6d_75_myshopify_com	188d6d-75.myshopify.com:7000975835232	https://188d6d-75.myshopify.com/products/zamp-visors-z-20	188d6d-75.myshopify.com/products/zamp-visors-z-20	shopify	shopify_buy30620_crate
125084754	675490127	shopify_188d6d_75_myshopify_com	188d6d-75.myshopify.com:7000975868000	https://188d6d-75.myshopify.com/products/zamp-z-20-prism-visor-sheild	188d6d-75.myshopify.com/products/zamp-z-20-prism-visor-sheild	shopify	shopify_buy30620_crate
125084750	675490129	shopify_188d6d_75_myshopify_com	188d6d-75.myshopify.com:7000975933536	https://188d6d-75.myshopify.com/products/zip-tie-pack-white-100-pck	188d6d-75.myshopify.com/products/zip-tie-pack-white-100-pck	shopify	shopify_buy30620_crate
125084748	675490132	shopify_188d6d_75_myshopify_com	188d6d-75.myshopify.com:7000975966304	https://188d6d-75.myshopify.com/products/zipties-7-11	188d6d-75.myshopify.com/products/zipties-7-11	shopify	shopify_buy30620_crate
89814468	284304698	shopify_1c68a9_myshopify_com	1c68a9.myshopify.com:8761996738907	https://1c68a9.myshopify.com/products/colgante-para-hombre-cruz-acero-mate-y-brillo	1c68a9.myshopify.com/products/colgante-para-hombre-cruz-acero-mate-y-brillo	shopify	shopify_buy30620_crate
90238321	1068626076	shopify_1vwrwa_q1_myshopify_com	1vwrwa-q1.myshopify.com:8776914632875	https://1vwrwa-q1.myshopify.com/products/back_bar_refrigerator_with_2_sliding_doors_236918	1vwrwa-q1.myshopify.com/products/back_bar_refrigerator_with_2_sliding_doors_236918	shopify	shopify_buy30620_crate
90245941	371171847	shopify_2914c8_4_myshopify_com	2914c8-4.myshopify.com:7876347723931	https://2914c8-4.myshopify.com/products/mercedes-carplay-android-auto-video-interface-gla-ntg-4-5-ntg-4-7	2914c8-4.myshopify.com/products/mercedes-carplay-android-auto-video-interface-gla-ntg-4-5-ntg-4-7	shopify	shopify_buy30620_crate
90245942	371171849	shopify_2914c8_4_myshopify_com	2914c8-4.myshopify.com:7876346314907	https://2914c8-4.myshopify.com/products/mercedes-carplay-android-auto-video-interface-glk-ntg-4-5-ntg-4-7	2914c8-4.myshopify.com/products/mercedes-carplay-android-auto-video-interface-glk-ntg-4-5-ntg-4-7	shopify	shopify_buy30620_crate
90245943	371171851	shopify_2914c8_4_myshopify_com	2914c8-4.myshopify.com:7876344414363	https://2914c8-4.myshopify.com/products/mercedes-carplay-android-auto-video-interface-ml-ntg-4-5-ntg-4-7	2914c8-4.myshopify.com/products/mercedes-carplay-android-auto-video-interface-ml-ntg-4-5-ntg-4-7	shopify	shopify_buy30620_crate
90245945	371171856	shopify_2914c8_4_myshopify_com	2914c8-4.myshopify.com:7876339892379	https://2914c8-4.myshopify.com/products/mercedes-carplay-android-auto-video-interface-slk-ntg-4-5-ntg-4-7	2914c8-4.myshopify.com/products/mercedes-carplay-android-auto-video-interface-slk-ntg-4-5-ntg-4-7	shopify	shopify_buy30620_crate
90245944	371171853	shopify_2914c8_4_myshopify_com	2914c8-4.myshopify.com:7876343431323	https://2914c8-4.myshopify.com/products/mercedes-carplay-android-auto-video-interface-sl-ntg-4-5-ntg-4-7	2914c8-4.myshopify.com/products/mercedes-carplay-android-auto-video-interface-sl-ntg-4-5-ntg-4-7	shopify	shopify_buy30620_crate
89612774	243442743	shopify_29degrees_myshopify_com	29degrees.myshopify.com:8246426108104	https://29degrees.myshopify.com/products/big-sky-youth-t-shirts-beautiful-mountain-scene-design-t-shirt-4027950	29degrees.myshopify.com/products/big-sky-youth-t-shirts-beautiful-mountain-scene-design-t-shirt-4027950	shopify	shopify_buy30620_crate
89612772	243442742	shopify_29degrees_myshopify_com	29degrees.myshopify.com:8246426140872	https://29degrees.myshopify.com/products/big-sky-youth-t-shirts-big-sky-montana-t-shirt-4027951	29degrees.myshopify.com/products/big-sky-youth-t-shirts-big-sky-montana-t-shirt-4027951	shopify	shopify_buy30620_crate
89612770	243442741	shopify_29degrees_myshopify_com	29degrees.myshopify.com:8246426173640	https://29degrees.myshopify.com/products/big-sky-youth-t-shirts-big-sky-montana-usa-design-4027952	29degrees.myshopify.com/products/big-sky-youth-t-shirts-big-sky-montana-usa-design-4027952	shopify	shopify_buy30620_crate
89612769	243442740	shopify_29degrees_myshopify_com	29degrees.myshopify.com:8247035723976	https://29degrees.myshopify.com/products/big-sky-youth-t-shirts-mountain-sunset-graphic-t-shirt-4038341	29degrees.myshopify.com/products/big-sky-youth-t-shirts-mountain-sunset-graphic-t-shirt-4038341	shopify	shopify_buy30620_crate
94845833	817957727	shopify_31a503_18_myshopify_com	31a503-18.myshopify.com:15156521402712	https://31a503-18.myshopify.com/products/instinkt-duell-der-tiere-deutsch-1	31a503-18.myshopify.com/products/instinkt-duell-der-tiere-deutsch-1	shopify	shopify_buy30620_crate
471061133	1213990836	shopify_34stjohn_com	34stjohn.com:15794924093821	https://34stjohn.com/products/cashmere-double-drawer-vanity-unit-with-ceramic-basin-600mm	34stjohn.com/products/cashmere-double-drawer-vanity-unit-with-ceramic-basin-600mm	shopify	shopify_buy30620_crate
471061135	1213990837	shopify_34stjohn_com	34stjohn.com:15796587168125	https://34stjohn.com/products/gsi-pura-ribbed-double-drawer-vanity-unit-with-ceramic-basin-walnut-800mm	34stjohn.com/products/gsi-pura-ribbed-double-drawer-vanity-unit-with-ceramic-basin-walnut-800mm	shopify	shopify_buy30620_crate
471061131	1213990835	shopify_34stjohn_com	34stjohn.com:15794924519805	https://34stjohn.com/products/matt-white-double-drawer-vanity-unit-with-ceramic-basin-600mm	34stjohn.com/products/matt-white-double-drawer-vanity-unit-with-ceramic-basin-600mm	shopify	shopify_buy30620_crate
106408564	160488853	shopify_4phones_eu	4phones.eu:10233316311367	https://4phones.eu/products/rixus-rxhw46-laptop-stand-foldable-silver	4phones.eu/products/rixus-rxhw46-laptop-stand-foldable-silver	shopify	shopify_buy30620_crate
318107882	735848050	shopify_4x4_wholesalers_africa_myshopify_com	4x4-wholesalers-africa.myshopify.com:8145668735144	https://4x4-wholesalers-africa.myshopify.com/products/copy-of-stedi-micro-v2-13-9-inch-24-led-flood-light-2700k	4x4-wholesalers-africa.myshopify.com/products/copy-of-stedi-micro-v2-13-9-inch-24-led-flood-light-2700k	shopify	shopify_buy30620_crate
318107877	735848045	shopify_4x4_wholesalers_africa_myshopify_com	4x4-wholesalers-africa.myshopify.com:8151475585192	https://4x4-wholesalers-africa.myshopify.com/products/stedi-magnetic-neoprene-stubby-holder	4x4-wholesalers-africa.myshopify.com/products/stedi-magnetic-neoprene-stubby-holder	shopify	shopify_buy30620_crate
318107876	735848044	shopify_4x4_wholesalers_africa_myshopify_com	4x4-wholesalers-africa.myshopify.com:8151479451816	https://4x4-wholesalers-africa.myshopify.com/products/stedi-magnetic-neoprene-stubby-holder-orange	4x4-wholesalers-africa.myshopify.com/products/stedi-magnetic-neoprene-stubby-holder-orange	shopify	shopify_buy30620_crate
318107881	735848049	shopify_4x4_wholesalers_africa_myshopify_com	4x4-wholesalers-africa.myshopify.com:8146812502184	https://4x4-wholesalers-africa.myshopify.com/products/stedi-short-type-push-switch-to-suit-toyota-usbc	4x4-wholesalers-africa.myshopify.com/products/stedi-short-type-push-switch-to-suit-toyota-usbc	shopify	shopify_buy30620_crate
318107880	735848048	shopify_4x4_wholesalers_africa_myshopify_com	4x4-wholesalers-africa.myshopify.com:8149262237864	https://4x4-wholesalers-africa.myshopify.com/products/stedi-st3303-pro-39-inch-60-led-light-bar	4x4-wholesalers-africa.myshopify.com/products/stedi-st3303-pro-39-inch-60-led-light-bar	shopify	shopify_buy30620_crate
318107878	735848046	shopify_4x4_wholesalers_africa_myshopify_com	4x4-wholesalers-africa.myshopify.com:8149289173160	https://4x4-wholesalers-africa.myshopify.com/products/stedi-st3303-pro-light-bar-black-out-cover-39-inch	4x4-wholesalers-africa.myshopify.com/products/stedi-st3303-pro-light-bar-black-out-cover-39-inch	shopify	shopify_buy30620_crate
318107879	735848047	shopify_4x4_wholesalers_africa_myshopify_com	4x4-wholesalers-africa.myshopify.com:8149265842344	https://4x4-wholesalers-africa.myshopify.com/products/stedi-type-x-pro-color-sandy-tan	4x4-wholesalers-africa.myshopify.com/products/stedi-type-x-pro-color-sandy-tan	shopify	shopify_buy30620_crate
250177234	651225648	shopify_5482d3_myshopify_com	5482d3.myshopify.com:9413702287625	https://5482d3.myshopify.com/products/12mm-wrought-iron-square-forest-bow-bar-1000mm-high-15-8a	5482d3.myshopify.com/products/12mm-wrought-iron-square-forest-bow-bar-1000mm-high-15-8a	shopify	shopify_buy30620_crate
250177233	651225647	shopify_5482d3_myshopify_com	5482d3.myshopify.com:9413781192969	https://5482d3.myshopify.com/products/wrought-iron-12mm-square-plain-single-scrolled-bar-2000mm-long-17-1b	5482d3.myshopify.com/products/wrought-iron-12mm-square-plain-single-scrolled-bar-2000mm-long-17-1b	shopify	shopify_buy30620_crate
250177236	651225650	shopify_5482d3_myshopify_com	5482d3.myshopify.com:9396651786505	https://5482d3.myshopify.com/products/wrought-iron-16mm-x-8mm-hammered-edge-and-grooved-bar-s-scroll-395mm-high-115mm-wide-35-29a	5482d3.myshopify.com/products/wrought-iron-16mm-x-8mm-hammered-edge-and-grooved-bar-s-scroll-395mm-high-115mm-wide-35-29a	shopify	shopify_buy30620_crate
250177231	651225645	shopify_5482d3_myshopify_com	5482d3.myshopify.com:9414055919881	https://5482d3.myshopify.com/products/wrought-iron-left-handed-henley-panel-1660-x-1660mm-26-100	5482d3.myshopify.com/products/wrought-iron-left-handed-henley-panel-1660-x-1660mm-26-100	shopify	shopify_buy30620_crate
250177230	651225644	shopify_5482d3_myshopify_com	5482d3.myshopify.com:9414061261065	https://5482d3.myshopify.com/products/wrought-iron-right-handed-henley-panel-1660-x-1660mm-26-100	5482d3.myshopify.com/products/wrought-iron-right-handed-henley-panel-1660-x-1660mm-26-100	shopify	shopify_buy30620_crate
250177232	651225646	shopify_5482d3_myshopify_com	5482d3.myshopify.com:9413934481673	https://5482d3.myshopify.com/products/wrought-iron-square-double-scrolled-bar-2000mm-long	5482d3.myshopify.com/products/wrought-iron-square-double-scrolled-bar-2000mm-long	shopify	shopify_buy30620_crate
133888057	1068980879	shopify_5iveperformance_myshopify_com	5iveperformance.myshopify.com:9161449898230	https://5iveperformance.myshopify.com/products/wiseco-acura-4v-dome-5cc-strutted-81-5mm-piston-shelf-stock-kit	5iveperformance.myshopify.com/products/wiseco-acura-4v-dome-5cc-strutted-81-5mm-piston-shelf-stock-kit	shopify	shopify_buy30620_crate
133888055	1068980878	shopify_5iveperformance_myshopify_com	5iveperformance.myshopify.com:9161449930998	https://5iveperformance.myshopify.com/products/wiseco-acura-4v-r-dme-9cc-strutted-87-0mm-piston-shelf-stock-kit	5iveperformance.myshopify.com/products/wiseco-acura-4v-r-dme-9cc-strutted-87-0mm-piston-shelf-stock-kit	shopify	shopify_buy30620_crate
133888388	1068980604	shopify_5iveperformance_myshopify_com	5iveperformance.myshopify.com:9161461072118	https://5iveperformance.myshopify.com/products/yukon-gear-master-overhaul-kit-for-2014-gm-9-5in-12-bolt-differential	5iveperformance.myshopify.com/products/yukon-gear-master-overhaul-kit-for-2014-gm-9-5in-12-bolt-differential	shopify	shopify_buy30620_crate
83017265	1068981679	shopify_5mvniq_np_myshopify_com	5mvniq-np.myshopify.com:10235391541542	https://5mvniq-np.myshopify.com/products/parmalat-sliced-cheese-400g	5mvniq-np.myshopify.com/products/parmalat-sliced-cheese-400g	shopify	shopify_buy30620_crate
318264567	805185876	shopify_643dc6_myshopify_com	643dc6.myshopify.com:15231634899328	https://643dc6.myshopify.com/products/grand-tapis-de-fouille-avec-carottes-et-jouets-sonores	643dc6.myshopify.com/products/grand-tapis-de-fouille-avec-carottes-et-jouets-sonores	shopify	shopify_buy30620_crate
318270013	767111776	shopify_65ecbc_myshopify_com	65ecbc.myshopify.com:9045398094103	https://65ecbc.myshopify.com/products/baldwin-rs30216-air-filter	65ecbc.myshopify.com/products/baldwin-rs30216-air-filter	shopify	shopify_buy30620_crate
318270012	767111775	shopify_65ecbc_myshopify_com	65ecbc.myshopify.com:9045398225175	https://65ecbc.myshopify.com/products/baldwin-rs30217-air-filter	65ecbc.myshopify.com/products/baldwin-rs30217-air-filter	shopify	shopify_buy30620_crate
318270011	767111774	shopify_65ecbc_myshopify_com	65ecbc.myshopify.com:9045398356247	https://65ecbc.myshopify.com/products/baldwin-rs3517-air-filter	65ecbc.myshopify.com/products/baldwin-rs3517-air-filter	shopify	shopify_buy30620_crate
318270010	767111773	shopify_65ecbc_myshopify_com	65ecbc.myshopify.com:9045398454551	https://65ecbc.myshopify.com/products/baldwin-rs3535-air-filter	65ecbc.myshopify.com/products/baldwin-rs3535-air-filter	shopify	shopify_buy30620_crate
318270009	767111772	shopify_65ecbc_myshopify_com	65ecbc.myshopify.com:9045398651159	https://65ecbc.myshopify.com/products/baldwin-rs3538-air-filter	65ecbc.myshopify.com/products/baldwin-rs3538-air-filter	shopify	shopify_buy30620_crate
318270008	767111771	shopify_65ecbc_myshopify_com	65ecbc.myshopify.com:9045398749463	https://65ecbc.myshopify.com/products/baldwin-rs3542-air-filter	65ecbc.myshopify.com/products/baldwin-rs3542-air-filter	shopify	shopify_buy30620_crate
318270007	767111770	shopify_65ecbc_myshopify_com	65ecbc.myshopify.com:9045398782231	https://65ecbc.myshopify.com/products/baldwin-rs3543-air-filter	65ecbc.myshopify.com/products/baldwin-rs3543-air-filter	shopify	shopify_buy30620_crate
318270005	767111768	shopify_65ecbc_myshopify_com	65ecbc.myshopify.com:9045398880535	https://65ecbc.myshopify.com/products/baldwin-rs3545-air-filter	65ecbc.myshopify.com/products/baldwin-rs3545-air-filter	shopify	shopify_buy30620_crate
318270004	767111767	shopify_65ecbc_myshopify_com	65ecbc.myshopify.com:9045398946071	https://65ecbc.myshopify.com/products/baldwin-rs3703-air-filter	65ecbc.myshopify.com/products/baldwin-rs3703-air-filter	shopify	shopify_buy30620_crate
83027579	249007109	shopify_672c60_8a_myshopify_com	672c60-8a.myshopify.com:7967155060781	https://672c60-8a.myshopify.com/products/bugpin-liners	672c60-8a.myshopify.com/products/bugpin-liners	shopify	shopify_buy30620_crate
83027578	249007108	shopify_672c60_8a_myshopify_com	672c60-8a.myshopify.com:7967155191853	https://672c60-8a.myshopify.com/products/curved-magnum-shader-tattoo-needles	672c60-8a.myshopify.com/products/curved-magnum-shader-tattoo-needles	shopify	shopify_buy30620_crate
83027572	249007081	shopify_672c60_8a_myshopify_com	672c60-8a.myshopify.com:7967154470957	https://672c60-8a.myshopify.com/products/diamond-tip-disposable-tubes	672c60-8a.myshopify.com/products/diamond-tip-disposable-tubes	shopify	shopify_buy30620_crate
83027575	249007084	shopify_672c60_8a_myshopify_com	672c60-8a.myshopify.com:7967154307117	https://672c60-8a.myshopify.com/products/disposable-cartridge-tubes-32mm	672c60-8a.myshopify.com/products/disposable-cartridge-tubes-32mm	shopify	shopify_buy30620_crate
83027581	249007111	shopify_672c60_8a_myshopify_com	672c60-8a.myshopify.com:7967154864173	https://672c60-8a.myshopify.com/products/hollow-round-liner-bar-tattoo-needles	672c60-8a.myshopify.com/products/hollow-round-liner-bar-tattoo-needles	shopify	shopify_buy30620_crate
83027573	249007082	shopify_672c60_8a_myshopify_com	672c60-8a.myshopify.com:7967154372653	https://672c60-8a.myshopify.com/products/magnum-shader-disposable-tubes	672c60-8a.myshopify.com/products/magnum-shader-disposable-tubes	shopify	shopify_buy30620_crate
83027576	249007086	shopify_672c60_8a_myshopify_com	672c60-8a.myshopify.com:7967155552301	https://672c60-8a.myshopify.com/products/round-liner-bar-tattoo-needles	672c60-8a.myshopify.com/products/round-liner-bar-tattoo-needles	shopify	shopify_buy30620_crate
83027566	249007078	shopify_672c60_8a_myshopify_com	672c60-8a.myshopify.com:8240814719021	https://672c60-8a.myshopify.com/products/stainless-steel-disposable-magnum-tubes	672c60-8a.myshopify.com/products/stainless-steel-disposable-magnum-tubes	shopify	shopify_buy30620_crate
83027580	249007110	shopify_672c60_8a_myshopify_com	672c60-8a.myshopify.com:7967154929709	https://672c60-8a.myshopify.com/products/straight-magnum-long-taper-tattoo-needles	672c60-8a.myshopify.com/products/straight-magnum-long-taper-tattoo-needles	shopify	shopify_buy30620_crate
83027577	249007087	shopify_672c60_8a_myshopify_com	672c60-8a.myshopify.com:7967155355693	https://672c60-8a.myshopify.com/products/straight-magnum-shader-tattoo-needles	672c60-8a.myshopify.com/products/straight-magnum-shader-tattoo-needles	shopify	shopify_buy30620_crate
591186591	370124982	shopify_68d293_71_myshopify_com	68d293-71.myshopify.com:10353940267192	https://68d293-71.myshopify.com/products/4-way-lockable-pet-door-security-flap-door-abs-plastic	68d293-71.myshopify.com/products/4-way-lockable-pet-door-security-flap-door-abs-plastic	shopify	shopify_buy30620_crate
591186586	370124977	shopify_68d293_71_myshopify_com	68d293-71.myshopify.com:10353943871672	https://68d293-71.myshopify.com/products/camera-filter-accessories	68d293-71.myshopify.com/products/camera-filter-accessories	shopify	shopify_buy30620_crate
591186593	370124984	shopify_68d293_71_myshopify_com	68d293-71.myshopify.com:10353113694392	https://68d293-71.myshopify.com/products/flying-woven-breathable-protective-safety-shoes-large-size-mens-work-shoes	68d293-71.myshopify.com/products/flying-woven-breathable-protective-safety-shoes-large-size-mens-work-shoes	shopify	shopify_buy30620_crate
591186590	370124981	shopify_68d293_71_myshopify_com	68d293-71.myshopify.com:10353942036664	https://68d293-71.myshopify.com/products/hc801a-hunting-camera	68d293-71.myshopify.com/products/hc801a-hunting-camera	shopify	shopify_buy30620_crate
591186592	370124983	shopify_68d293_71_myshopify_com	68d293-71.myshopify.com:10353113956536	https://68d293-71.myshopify.com/products/high-top-camouflage-waterproof-combat-boots	68d293-71.myshopify.com/products/high-top-camouflage-waterproof-combat-boots	shopify	shopify_buy30620_crate
591186594	370124985	shopify_68d293_71_myshopify_com	68d293-71.myshopify.com:10353113596088	https://68d293-71.myshopify.com/products/high-top-lace-up-dr-martens-boots-for-fall-and-winter	68d293-71.myshopify.com/products/high-top-lace-up-dr-martens-boots-for-fall-and-winter	shopify	shopify_buy30620_crate
591186589	370124980	shopify_68d293_71_myshopify_com	68d293-71.myshopify.com:10353942266040	https://68d293-71.myshopify.com/products/reverse-camera-detector	68d293-71.myshopify.com/products/reverse-camera-detector	shopify	shopify_buy30620_crate
591186588	370124979	shopify_68d293_71_myshopify_com	68d293-71.myshopify.com:10353943773368	https://68d293-71.myshopify.com/products/security-battery-camera-wireless-wifi-outdoor-monitoring	68d293-71.myshopify.com/products/security-battery-camera-wireless-wifi-outdoor-monitoring	shopify	shopify_buy30620_crate
591186587	370124978	shopify_68d293_71_myshopify_com	68d293-71.myshopify.com:10353943806136	https://68d293-71.myshopify.com/products/solar-outdoor-screen-panoramic-surveillance-camera	68d293-71.myshopify.com/products/solar-outdoor-screen-panoramic-surveillance-camera	shopify	shopify_buy30620_crate
89441935	675096169	shopify_784d7c_myshopify_com	784d7c.myshopify.com:8332224233777	https://784d7c.myshopify.com/products/30-glittered-mistletoe-stem	784d7c.myshopify.com/products/30-glittered-mistletoe-stem	shopify	shopify_buy30620_crate
89439012	675096162	shopify_784d7c_myshopify_com	784d7c.myshopify.com:8332157780273	https://784d7c.myshopify.com/products/ball-orn-sc-stadium	784d7c.myshopify.com/products/ball-orn-sc-stadium	shopify	shopify_buy30620_crate
89439007	675096161	shopify_784d7c_myshopify_com	784d7c.myshopify.com:8332135334193	https://784d7c.myshopify.com/products/car-coaster-usc-set-2	784d7c.myshopify.com/products/car-coaster-usc-set-2	shopify	shopify_buy30620_crate
89439020	675096164	shopify_784d7c_myshopify_com	784d7c.myshopify.com:8332049121585	https://784d7c.myshopify.com/products/cheese-straws-classic-cheddar	784d7c.myshopify.com/products/cheese-straws-classic-cheddar	shopify	shopify_buy30620_crate
89439002	675096160	shopify_784d7c_myshopify_com	784d7c.myshopify.com:8332044271921	https://784d7c.myshopify.com/products/clemson-melamine-chip-and-dip	784d7c.myshopify.com/products/clemson-melamine-chip-and-dip	shopify	shopify_buy30620_crate
89439016	675096163	shopify_784d7c_myshopify_com	784d7c.myshopify.com:8332269453617	https://784d7c.myshopify.com/products/corks-caramel-corn-6oz	784d7c.myshopify.com/products/corks-caramel-corn-6oz	shopify	shopify_buy30620_crate
89439032	675096166	shopify_784d7c_myshopify_com	784d7c.myshopify.com:8332231770417	https://784d7c.myshopify.com/products/glass-dome-ornaments-with-santa	784d7c.myshopify.com/products/glass-dome-ornaments-with-santa	shopify	shopify_buy30620_crate
83098084	243905101	shopify_8b4006_myshopify_com	8b4006.myshopify.com:8692698448219	https://8b4006.myshopify.com/products/mastgoot-zink-m44-met-rechts-ingesoldeerd-bol-vlindermodel-kopschot-3-mtr	8b4006.myshopify.com/products/mastgoot-zink-m44-met-rechts-ingesoldeerd-bol-vlindermodel-kopschot-3-mtr	shopify	shopify_buy30620_crate
591575405	675245894	shopify_983f91_eb_myshopify_com	983f91-eb.myshopify.com:8887856038131	https://983f91-eb.myshopify.com/products/timex-helix-timex-metalfit-2-0-smartwatch-tw0hxw404t	983f91-eb.myshopify.com/products/timex-helix-timex-metalfit-2-0-smartwatch-tw0hxw404t	shopify	shopify_buy30620_crate
591575404	675245555	shopify_983f91_eb_myshopify_com	983f91-eb.myshopify.com:8887890804979	https://983f91-eb.myshopify.com/products/unisex-digital-smart-watch-twixw204t	983f91-eb.myshopify.com/products/unisex-digital-smart-watch-twixw204t	shopify	shopify_buy30620_crate
591575406	675245898	shopify_983f91_eb_myshopify_com	983f91-eb.myshopify.com:8887946936563	https://983f91-eb.myshopify.com/products/white-silver-dial-metal-analog-watch-for-womens-gz-60063-22	983f91-eb.myshopify.com/products/white-silver-dial-metal-analog-watch-for-womens-gz-60063-22	shopify	shopify_buy30620_crate
591575408	675245902	shopify_983f91_eb_myshopify_com	983f91-eb.myshopify.com:8887951327475	https://983f91-eb.myshopify.com/products/women-analog-bracelet-watch-gz60078-22	983f91-eb.myshopify.com/products/women-analog-bracelet-watch-gz60078-22	shopify	shopify_buy30620_crate
591575407	675245900	shopify_983f91_eb_myshopify_com	983f91-eb.myshopify.com:8887944315123	https://983f91-eb.myshopify.com/products/women-crescent-dial-analog-watch-gd-60012-22	983f91-eb.myshopify.com/products/women-crescent-dial-analog-watch-gd-60012-22	shopify	shopify_buy30620_crate
591575410	675245907	shopify_983f91_eb_myshopify_com	983f91-eb.myshopify.com:8887957618931	https://983f91-eb.myshopify.com/products/women-embellished-analog-watch-with-metal-strap-gz60015-33	983f91-eb.myshopify.com/products/women-embellished-analog-watch-with-metal-strap-gz60015-33	shopify	shopify_buy30620_crate
591575409	675245904	shopify_983f91_eb_myshopify_com	983f91-eb.myshopify.com:8887949295859	https://983f91-eb.myshopify.com/products/women-embellished-analog-watch-with-metal-strap-gz-60063-33	983f91-eb.myshopify.com/products/women-embellished-analog-watch-with-metal-strap-gz-60063-33	shopify	shopify_buy30620_crate
591575403	675245554	shopify_983f91_eb_myshopify_com	983f91-eb.myshopify.com:8887826383091	https://983f91-eb.myshopify.com/products/workwear-2019-analog-watch-for-men-1803sm01	983f91-eb.myshopify.com/products/workwear-2019-analog-watch-for-men-1803sm01	shopify	shopify_buy30620_crate
591601476	675270018	shopify_9hx3ad_es_myshopify_com	9hx3ad-es.myshopify.com:7809780678733	https://9hx3ad-es.myshopify.com/products/blue-flower-stem-bud-vase	9hx3ad-es.myshopify.com/products/blue-flower-stem-bud-vase	shopify	shopify_buy30620_crate
591601478	675270021	shopify_9hx3ad_es_myshopify_com	9hx3ad-es.myshopify.com:7809776222285	https://9hx3ad-es.myshopify.com/products/pink-flower-vase	9hx3ad-es.myshopify.com/products/pink-flower-vase	shopify	shopify_buy30620_crate
591601475	675270014	shopify_9hx3ad_es_myshopify_com	9hx3ad-es.myshopify.com:7809781989453	https://9hx3ad-es.myshopify.com/products/single-flower-with-leaves-bud-vase	9hx3ad-es.myshopify.com/products/single-flower-with-leaves-bud-vase	shopify	shopify_buy30620_crate
591601472	675270006	shopify_9hx3ad_es_myshopify_com	9hx3ad-es.myshopify.com:7809787199565	https://9hx3ad-es.myshopify.com/products/stars-stripes-tidbit-set	9hx3ad-es.myshopify.com/products/stars-stripes-tidbit-set	shopify	shopify_buy30620_crate
591601477	675270019	shopify_9hx3ad_es_myshopify_com	9hx3ad-es.myshopify.com:7809778057293	https://9hx3ad-es.myshopify.com/products/sunflower-vase	9hx3ad-es.myshopify.com/products/sunflower-vase	shopify	shopify_buy30620_crate
591601474	675270011	shopify_9hx3ad_es_myshopify_com	9hx3ad-es.myshopify.com:7809782153293	https://9hx3ad-es.myshopify.com/products/triple-color-flower-bud-vase	9hx3ad-es.myshopify.com/products/triple-color-flower-bud-vase	shopify	shopify_buy30620_crate
591601473	675270009	shopify_9hx3ad_es_myshopify_com	9hx3ad-es.myshopify.com:7809782317133	https://9hx3ad-es.myshopify.com/products/white-stem-flower-bud-vase	9hx3ad-es.myshopify.com/products/white-stem-flower-bud-vase	shopify	shopify_buy30620_crate
251064615	677521664	shopify_a6d986_4_myshopify_com	a6d986-4.myshopify.com:9724316352829	https://a6d986-4.myshopify.com/products/kokomo-mirror	a6d986-4.myshopify.com/products/kokomo-mirror	shopify	shopify_buy30620_crate
251175053	370147757	shopify_aae_black_art_myshopify_com	aae-black-art.myshopify.com:5693288906914	https://aae-black-art.myshopify.com/products/j176-black-history-2017-journal	aae-black-art.myshopify.com/products/j176-black-history-2017-journal	shopify	shopify_buy30620_crate
90303904	370148038	shopify_aagsport_myshopify_com	aagsport.myshopify.com:15669083177120	https://aagsport.myshopify.com/products/venum-0621-672-predator-sports-mouthguard-senior-age-11-white-kaki	aagsport.myshopify.com/products/venum-0621-672-predator-sports-mouthguard-senior-age-11-white-kaki	shopify	shopify_buy30620_crate
67974453	262853987	shopify_absolute_autoguard_myshopify_com	absolute-autoguard.myshopify.com:8966106087736	https://absolute-autoguard.myshopify.com/products/bsgd4824	absolute-autoguard.myshopify.com/products/bsgd4824	shopify	shopify_buy30620_crate
67974440	262853981	shopify_absolute_autoguard_myshopify_com	absolute-autoguard.myshopify.com:8966106480952	https://absolute-autoguard.myshopify.com/products/bsgs2014	absolute-autoguard.myshopify.com/products/bsgs2014	shopify	shopify_buy30620_crate
67974438	262853978	shopify_absolute_autoguard_myshopify_com	absolute-autoguard.myshopify.com:8966106579256	https://absolute-autoguard.myshopify.com/products/bsgs2016	absolute-autoguard.myshopify.com/products/bsgs2016	shopify	shopify_buy30620_crate
67974435	262853977	shopify_absolute_autoguard_myshopify_com	absolute-autoguard.myshopify.com:8966106677560	https://absolute-autoguard.myshopify.com/products/bsgs2440	absolute-autoguard.myshopify.com/products/bsgs2440	shopify	shopify_buy30620_crate
67974431	262853975	shopify_absolute_autoguard_myshopify_com	absolute-autoguard.myshopify.com:8966106808632	https://absolute-autoguard.myshopify.com/products/bsk2000	absolute-autoguard.myshopify.com/products/bsk2000	shopify	shopify_buy30620_crate
67974411	262853973	shopify_absolute_autoguard_myshopify_com	absolute-autoguard.myshopify.com:8966107005240	https://absolute-autoguard.myshopify.com/products/bsspu	absolute-autoguard.myshopify.com/products/bsspu	shopify	shopify_buy30620_crate
67974403	262853972	shopify_absolute_autoguard_myshopify_com	absolute-autoguard.myshopify.com:8966107103544	https://absolute-autoguard.myshopify.com/products/bsv000001	absolute-autoguard.myshopify.com/products/bsv000001	shopify	shopify_buy30620_crate
67974399	262853971	shopify_absolute_autoguard_myshopify_com	absolute-autoguard.myshopify.com:8966107267384	https://absolute-autoguard.myshopify.com/products/bsv2	absolute-autoguard.myshopify.com/products/bsv2	shopify	shopify_buy30620_crate
72014723	158656289	shopify_adoradelight_com	adoradelight.com:15155781271937	https://adoradelight.com/products/blanche-s-elegance-luxurious-bag	adoradelight.com/products/blanche-s-elegance-luxurious-bag	shopify	shopify_buy30620_crate
72014731	158656293	shopify_adoradelight_com	adoradelight.com:15155781140865	https://adoradelight.com/products/camila-stylish-orthopedic-shoes	adoradelight.com/products/camila-stylish-orthopedic-shoes	shopify	shopify_buy30620_crate
72014727	158656291	shopify_adoradelight_com	adoradelight.com:15155781206401	https://adoradelight.com/products/lace-backless-bra	adoradelight.com/products/lace-backless-bra	shopify	shopify_buy30620_crate
72014719	158656258	shopify_adoradelight_com	adoradelight.com:15155781337473	https://adoradelight.com/products/laura-s-timeless-allure-vintage-bag	adoradelight.com/products/laura-s-timeless-allure-vintage-bag	shopify	shopify_buy30620_crate
72014721	158656260	shopify_adoradelight_com	adoradelight.com:15155781304705	https://adoradelight.com/products/mackenzie-premium-orthopedic-sneakers	adoradelight.com/products/mackenzie-premium-orthopedic-sneakers	shopify	shopify_buy30620_crate
72014725	158656290	shopify_adoradelight_com	adoradelight.com:15155781239169	https://adoradelight.com/products/magneticgrip-glitter-diamond-magnetic-magsafe-ring-holder-for-iphone	adoradelight.com/products/magneticgrip-glitter-diamond-magnetic-magsafe-ring-holder-for-iphone	shopify	shopify_buy30620_crate
72014734	158656294	shopify_adoradelight_com	adoradelight.com:15155781108097	https://adoradelight.com/products/mia-cozy-100-cowhide-leather-shoes-with-thick-sole-for-ultimate-warmth-and-comfort	adoradelight.com/products/mia-cozy-100-cowhide-leather-shoes-with-thick-sole-for-ultimate-warmth-and-comfort	shopify	shopify_buy30620_crate
72014729	158656292	shopify_adoradelight_com	adoradelight.com:15155781173633	https://adoradelight.com/products/turboshield-3-in-1-ultra-protection-quick-coat-spray	adoradelight.com/products/turboshield-3-in-1-ultra-protection-quick-coat-spray	shopify	shopify_buy30620_crate
72014737	158656295	shopify_adoradelight_com	adoradelight.com:15155781075329	https://adoradelight.com/products/vivacious-large-pants	adoradelight.com/products/vivacious-large-pants	shopify	shopify_buy30620_crate
91183853	197805760	shopify_akrithi_com	akrithi.com:9410940043481	https://akrithi.com/products/hand-block-printed-pure-cotton-fabric-150	akrithi.com/products/hand-block-printed-pure-cotton-fabric-150	shopify	shopify_buy30620_crate
91183852	197805759	shopify_akrithi_com	akrithi.com:9410940993753	https://akrithi.com/products/hand-block-printed-pure-cotton-fabric-175	akrithi.com/products/hand-block-printed-pure-cotton-fabric-175	shopify	shopify_buy30620_crate
91183851	197805758	shopify_akrithi_com	akrithi.com:9410943811801	https://akrithi.com/products/hand-block-printed-pure-cotton-fabric-183	akrithi.com/products/hand-block-printed-pure-cotton-fabric-183	shopify	shopify_buy30620_crate
91183850	197805757	shopify_akrithi_com	akrithi.com:9410961539289	https://akrithi.com/products/hand-block-printed-pure-cotton-fabric-187	akrithi.com/products/hand-block-printed-pure-cotton-fabric-187	shopify	shopify_buy30620_crate
91183849	197805756	shopify_akrithi_com	akrithi.com:9410962129113	https://akrithi.com/products/hand-block-printed-pure-cotton-fabric-192	akrithi.com/products/hand-block-printed-pure-cotton-fabric-192	shopify	shopify_buy30620_crate
91183848	197805755	shopify_akrithi_com	akrithi.com:9410962489561	https://akrithi.com/products/hand-block-printed-pure-cotton-fabric-198	akrithi.com/products/hand-block-printed-pure-cotton-fabric-198	shopify	shopify_buy30620_crate
91183847	197805754	shopify_akrithi_com	akrithi.com:9410962817241	https://akrithi.com/products/hand-block-printed-pure-cotton-fabric-205	akrithi.com/products/hand-block-printed-pure-cotton-fabric-205	shopify	shopify_buy30620_crate
91183846	197805753	shopify_akrithi_com	akrithi.com:9410963931353	https://akrithi.com/products/hand-block-printed-pure-cotton-fabric-207	akrithi.com/products/hand-block-printed-pure-cotton-fabric-207	shopify	shopify_buy30620_crate
91183845	197805752	shopify_akrithi_com	akrithi.com:9410964226265	https://akrithi.com/products/hand-block-printed-pure-cotton-fabric-208	akrithi.com/products/hand-block-printed-pure-cotton-fabric-208	shopify	shopify_buy30620_crate
91183844	197805751	shopify_akrithi_com	akrithi.com:9410964553945	https://akrithi.com/products/hand-block-printed-pure-cotton-fabric-284	akrithi.com/products/hand-block-printed-pure-cotton-fabric-284	shopify	shopify_buy30620_crate
89479151	421980164	shopify_akshar_square_llc_myshopify_com	akshar-square-llc.myshopify.com:7701519106218	https://akshar-square-llc.myshopify.com/products/hair-clips-10	akshar-square-llc.myshopify.com/products/hair-clips-10	shopify	shopify_buy30620_crate
90328732	1069300258	shopify_all_my_mode_myshopify_com	all-my-mode.myshopify.com:14989818069318	https://all-my-mode.myshopify.com/products/dkny-montres-84	all-my-mode.myshopify.com/products/dkny-montres-84	shopify	shopify_buy30620_crate
84683665	4641448266	shopify_almacenesanfora_com	almacenesanfora.com:8837426741403	https://almacenesanfora.com/products/contenedor-de-plastico-2-1-l-taparrosca-num-3-1533-cubasa	almacenesanfora.com/products/contenedor-de-plastico-2-1-l-taparrosca-num-3-1533-cubasa	shopify	shopify_buy30620_crate
113677011	4641448276	shopify_almacenesanfora_com	almacenesanfora.com:8837906956443	https://almacenesanfora.com/products/licorera-de-vidrio-750-ml-diamante-96728-cristaglass	almacenesanfora.com/products/licorera-de-vidrio-750-ml-diamante-96728-cristaglass	shopify	shopify_buy30620_crate
115646843	4641448272	shopify_almacenesanfora_com	almacenesanfora.com:8837430182043	https://almacenesanfora.com/products/vaso-380-ml-dof-portofino	almacenesanfora.com/products/vaso-380-ml-dof-portofino	shopify	shopify_buy30620_crate
127272466	1559710669	shopify_alpina_ro	alpina.ro:9303707713872	https://alpina.ro/products/velo-sneaker-eco-grey-embossed-leather-2	alpina.ro/products/velo-sneaker-eco-grey-embossed-leather-2	shopify	shopify_buy30620_crate
68282188	250213341	shopify_alpkit_com	alpkit.com:7767668752489	https://alpkit.com/products/tierra-womens-waterproof-multi-activity-shoe	alpkit.com/products/tierra-womens-waterproof-multi-activity-shoe	shopify	shopify_buy30620_crate
82840365	937548874	shopify_alsultanpharmacy_com	alsultanpharmacy.com:7122910871587	https://alsultanpharmacy.com/products/bioderma-photoderm-xdefense-ultrafluid-spf50-invisible-40ml-offer-1-1-free	alsultanpharmacy.com/products/bioderma-photoderm-xdefense-ultrafluid-spf50-invisible-40ml-offer-1-1-free	shopify	shopify_buy30620_crate
82840362	937548871	shopify_alsultanpharmacy_com	alsultanpharmacy.com:7122910969891	https://alsultanpharmacy.com/products/dr-yglo-wart-acid-treatment-2ml	alsultanpharmacy.com/products/dr-yglo-wart-acid-treatment-2ml	shopify	shopify_buy30620_crate
82840361	937548870	shopify_alsultanpharmacy_com	alsultanpharmacy.com:7122911002659	https://alsultanpharmacy.com/products/lakme-teknia-argan-oil-shampoo-300-ml	alsultanpharmacy.com/products/lakme-teknia-argan-oil-shampoo-300-ml	shopify	shopify_buy30620_crate
82840363	937548872	shopify_alsultanpharmacy_com	alsultanpharmacy.com:7122910937123	https://alsultanpharmacy.com/products/on-call-plus-glucometer-100-strips-100-lancets-100-alcohol-swabs	alsultanpharmacy.com/products/on-call-plus-glucometer-100-strips-100-lancets-100-alcohol-swabs	shopify	shopify_buy30620_crate
82840360	937548869	shopify_alsultanpharmacy_com	alsultanpharmacy.com:7122911035427	https://alsultanpharmacy.com/products/protem-pharma-prota-kids-vitamin-c-vit-d3-400iu-60gummies	alsultanpharmacy.com/products/protem-pharma-prota-kids-vitamin-c-vit-d3-400iu-60gummies	shopify	shopify_buy30620_crate
82840364	937548873	shopify_alsultanpharmacy_com	alsultanpharmacy.com:7122910904355	https://alsultanpharmacy.com/products/skinage-collagen-tri-active-20-000mg-15-50ml	alsultanpharmacy.com/products/skinage-collagen-tri-active-20-000mg-15-50ml	shopify	shopify_buy30620_crate
112976459	220469048	shopify_altenew_com	altenew.com:7121019928633	https://altenew.com/products/crafty-necessities-sea-shore-envelope-bundle	altenew.com/products/crafty-necessities-sea-shore-envelope-bundle	shopify	shopify_buy30620_crate
69272736	220467310	shopify_altenew_com	altenew.com:7850939514937	https://altenew.com/products/sleigh-ride-greetings	altenew.com/products/sleigh-ride-greetings	shopify	shopify_buy30620_crate
492360894	7075912483	shopify_alternative_armies_com	alternative-armies.com:8048973873395	https://alternative-armies.com/products/cm30-04-pucci-bearer-standing-with-shield	alternative-armies.com/products/cm30-04-pucci-bearer-standing-with-shield	shopify	shopify_buy30620_crate
492363856	937582618	shopify_alternativetentacles_com	alternativetentacles.com:8581575147809	https://alternativetentacles.com/products/v404-subhumans_canada-same_thoughts_different_day	alternativetentacles.com/products/v404-subhumans_canada-same_thoughts_different_day	shopify	shopify_buy30620_crate
70490389	142753307	shopify_amalisalwars_com	amalisalwars.com:9270673408219	https://amalisalwars.com/products/d-26-069-chettinad-cotton-dupatta-pink-with-bottle-green	amalisalwars.com/products/d-26-069-chettinad-cotton-dupatta-pink-with-bottle-green	shopify	shopify_buy30620_crate
166440259	898393404	shopify_amantelingerie_in	amantelingerie.in:8720402448561	https://amantelingerie.in/products/sleep-shorts-black-beauty-floral-print	amantelingerie.in/products/sleep-shorts-black-beauty-floral-print	shopify	shopify_buy30620_crate
166440249	898393398	shopify_amantelingerie_in	amantelingerie.in:8720402677937	https://amantelingerie.in/products/sleep-shorts-blue-bow-print	amantelingerie.in/products/sleep-shorts-blue-bow-print	shopify	shopify_buy30620_crate
166440252	898393400	shopify_amantelingerie_in	amantelingerie.in:8720402612401	https://amantelingerie.in/products/sleep-shorts-blue-depths	amantelingerie.in/products/sleep-shorts-blue-depths	shopify	shopify_buy30620_crate
166440253	898393401	shopify_amantelingerie_in	amantelingerie.in:8720402579633	https://amantelingerie.in/products/sleep-shorts-bubblegum	amantelingerie.in/products/sleep-shorts-bubblegum	shopify	shopify_buy30620_crate
166440255	898393402	shopify_amantelingerie_in	amantelingerie.in:8720402546865	https://amantelingerie.in/products/sleep-shorts-burlwood-floral-print	amantelingerie.in/products/sleep-shorts-burlwood-floral-print	shopify	shopify_buy30620_crate
166440257	898393403	shopify_amantelingerie_in	amantelingerie.in:8720402481329	https://amantelingerie.in/products/sleep-shorts-canyon-floral-print	amantelingerie.in/products/sleep-shorts-canyon-floral-print	shopify	shopify_buy30620_crate
166440251	898393399	shopify_amantelingerie_in	amantelingerie.in:8720402645169	https://amantelingerie.in/products/sleep-shorts-fragrant-lilac	amantelingerie.in/products/sleep-shorts-fragrant-lilac	shopify	shopify_buy30620_crate
166440260	898393405	shopify_amantelingerie_in	amantelingerie.in:8720402415793	https://amantelingerie.in/products/sleep-shorts-prism-pink-floral-print	amantelingerie.in/products/sleep-shorts-prism-pink-floral-print	shopify	shopify_buy30620_crate
166440262	898393406	shopify_amantelingerie_in	amantelingerie.in:8720402383025	https://amantelingerie.in/products/v-neck-sleep-tee-blue-ice-print	amantelingerie.in/products/v-neck-sleep-tee-blue-ice-print	shopify	shopify_buy30620_crate
592477290	1069313202	shopify_amazing_greencare_myshopify_com	amazing-greencare.myshopify.com:7441799250078	https://amazing-greencare.myshopify.com/products/kate-spade-all-tied-up-pave-mini-pendant	amazing-greencare.myshopify.com/products/kate-spade-all-tied-up-pave-mini-pendant	shopify	shopify_buy30620_crate
592477291	1069313203	shopify_amazing_greencare_myshopify_com	amazing-greencare.myshopify.com:7441798889630	https://amazing-greencare.myshopify.com/products/kate-spade-tea-cup-bracelet	amazing-greencare.myshopify.com/products/kate-spade-tea-cup-bracelet	shopify	shopify_buy30620_crate
131989341	3749278124	shopify_americantechdepot_com	americantechdepot.com:6019307307174	https://americantechdepot.com/products/c2g-10ft-cat6-snagless-crossover-unshielded-utp-network-patch-cable-red	americantechdepot.com/products/c2g-10ft-cat6-snagless-crossover-unshielded-utp-network-patch-cable-red	shopify	shopify_buy30620_crate
592519965	1069319292	shopify_amici_e_natura_italia_myshopify_com	amici-e-natura-italia.myshopify.com:12505569132884	https://amici-e-natura-italia.myshopify.com/products/cat-chow-umido-kitten-con-tacchino-e-zucchine-85g	amici-e-natura-italia.myshopify.com/products/cat-chow-umido-kitten-con-tacchino-e-zucchine-85g	shopify	shopify_buy30620_crate
592519972	1069319299	shopify_amici_e_natura_italia_myshopify_com	amici-e-natura-italia.myshopify.com:15054963966292	https://amici-e-natura-italia.myshopify.com/products/proggy-plus-ceci-mini-2-2kg	amici-e-natura-italia.myshopify.com/products/proggy-plus-ceci-mini-2-2kg	shopify	shopify_buy30620_crate
592519969	1069319296	shopify_amici_e_natura_italia_myshopify_com	amici-e-natura-italia.myshopify.com:15054963867988	https://amici-e-natura-italia.myshopify.com/products/proggy-plus-ceci-mini-800g	amici-e-natura-italia.myshopify.com/products/proggy-plus-ceci-mini-800g	shopify	shopify_buy30620_crate
592519973	1069319300	shopify_amici_e_natura_italia_myshopify_com	amici-e-natura-italia.myshopify.com:15054963999060	https://amici-e-natura-italia.myshopify.com/products/proggy-plus-lenticchie-medium-large-2-2kg	amici-e-natura-italia.myshopify.com/products/proggy-plus-lenticchie-medium-large-2-2kg	shopify	shopify_buy30620_crate
592519971	1069319298	shopify_amici_e_natura_italia_myshopify_com	amici-e-natura-italia.myshopify.com:15054963933524	https://amici-e-natura-italia.myshopify.com/products/proggy-plus-lenticchie-mini-2-2kg	amici-e-natura-italia.myshopify.com/products/proggy-plus-lenticchie-mini-2-2kg	shopify	shopify_buy30620_crate
592519968	1069319295	shopify_amici_e_natura_italia_myshopify_com	amici-e-natura-italia.myshopify.com:15054963835220	https://amici-e-natura-italia.myshopify.com/products/proggy-plus-lenticchie-mini-800g	amici-e-natura-italia.myshopify.com/products/proggy-plus-lenticchie-mini-800g	shopify	shopify_buy30620_crate
592519966	1069319293	shopify_amici_e_natura_italia_myshopify_com	amici-e-natura-italia.myshopify.com:15055370584404	https://amici-e-natura-italia.myshopify.com/products/proggy-plus-piselli-medium-maxi-2-2kg	amici-e-natura-italia.myshopify.com/products/proggy-plus-piselli-medium-maxi-2-2kg	shopify	shopify_buy30620_crate
592519970	1069319297	shopify_amici_e_natura_italia_myshopify_com	amici-e-natura-italia.myshopify.com:15054963900756	https://amici-e-natura-italia.myshopify.com/products/proggy-plus-piselli-mini-2-2kg	amici-e-natura-italia.myshopify.com/products/proggy-plus-piselli-mini-2-2kg	shopify	shopify_buy30620_crate
592519967	1069319294	shopify_amici_e_natura_italia_myshopify_com	amici-e-natura-italia.myshopify.com:15054963802452	https://amici-e-natura-italia.myshopify.com/products/proggy-plus-piselli-mini-800g	amici-e-natura-italia.myshopify.com/products/proggy-plus-piselli-mini-800g	shopify	shopify_buy30620_crate
592519964	1069319291	shopify_amici_e_natura_italia_myshopify_com	amici-e-natura-italia.myshopify.com:12541222879572	https://amici-e-natura-italia.myshopify.com/products/sheba-filets-16pz-di-pollo-con-gamberetti-e-pesce-delloceano-60g	amici-e-natura-italia.myshopify.com/products/sheba-filets-16pz-di-pollo-con-gamberetti-e-pesce-delloceano-60g	shopify	shopify_buy30620_crate
592519962	1069319290	shopify_amici_e_natura_italia_myshopify_com	amici-e-natura-italia.myshopify.com:15046896910676	https://amici-e-natura-italia.myshopify.com/products/stuzzy-dog-pate-puppy-pollo-150gr-vaschetta	amici-e-natura-italia.myshopify.com/products/stuzzy-dog-pate-puppy-pollo-150gr-vaschetta	shopify	shopify_buy30620_crate
68831889	193735081	shopify_amiparis_com	amiparis.com:15247958999425	https://amiparis.com/products/black-cotton-ami-de-coeur-hoodie-hsw764730045	amiparis.com/products/black-cotton-ami-de-coeur-hoodie-hsw764730045	shopify	shopify_buy30620_crate
68831891	193735085	shopify_amiparis_com	amiparis.com:15247916958081	https://amiparis.com/products/blue-and-white-cotton-socks-usc620ak0007a042	amiparis.com/products/blue-and-white-cotton-socks-usc620ak0007a042	shopify	shopify_buy30620_crate
68831892	193735088	shopify_amiparis_com	amiparis.com:15247994028417	https://amiparis.com/products/blue-cotton-ami-de-coeur-socks-usc615ak0007a021	amiparis.com/products/blue-cotton-ami-de-coeur-socks-usc615ak0007a021	shopify	shopify_buy30620_crate
68831871	193735080	shopify_amiparis_com	amiparis.com:15247993176449	https://amiparis.com/products/cotton-three-pack-black-ami-de-coeur-socks-usc611ak0007a148	amiparis.com/products/cotton-three-pack-black-ami-de-coeur-socks-usc611ak0007a148	shopify	shopify_buy30620_crate
68831848	193735077	shopify_amiparis_com	amiparis.com:15247994487169	https://amiparis.com/products/green-cotton-ami-de-coeur-socks-usc615ak0007a035	amiparis.com/products/green-cotton-ami-de-coeur-socks-usc615ak0007a035	shopify	shopify_buy30620_crate
68831890	193735083	shopify_amiparis_com	amiparis.com:15247917416833	https://amiparis.com/products/red-and-white-cotton-socks-usc620ak0007a103	amiparis.com/products/red-and-white-cotton-socks-usc620ak0007a103	shopify	shopify_buy30620_crate
68831870	193735078	shopify_amiparis_com	amiparis.com:15247944352129	https://amiparis.com/products/white-and-green-cotton-knitted-ami-de-coeur-sweatshirt-usw781747a041	amiparis.com/products/white-and-green-cotton-knitted-ami-de-coeur-sweatshirt-usw781747a041	shopify	shopify_buy30620_crate
74142605	722500100	shopify_anwar_store	anwar.store:7721240428781	https://anwar.store/products/bodylicious-oud-bouquet-body-mist-217ml	anwar.store/products/bodylicious-oud-bouquet-body-mist-217ml	shopify	shopify_buy30620_crate
592664223	397414106	shopify_anyandallgraphics_myshopify_com	anyandallgraphics.myshopify.com:7548356034732	https://anyandallgraphics.myshopify.com/products/9x12-noel-only-reserved-parking-aluminum-novelty-sign-great-for-indoor-or-outdoor-long-term-use	anyandallgraphics.myshopify.com/products/9x12-noel-only-reserved-parking-aluminum-novelty-sign-great-for-indoor-or-outdoor-long-term-use	shopify	shopify_buy30620_crate
592664233	397414108	shopify_anyandallgraphics_myshopify_com	anyandallgraphics.myshopify.com:7548356001964	https://anyandallgraphics.myshopify.com/products/9x12-noe-only-reserved-parking-aluminum-novelty-sign-great-for-indoor-or-outdoor-long-term-use	anyandallgraphics.myshopify.com/products/9x12-noe-only-reserved-parking-aluminum-novelty-sign-great-for-indoor-or-outdoor-long-term-use	shopify	shopify_buy30620_crate
592664217	397414105	shopify_anyandallgraphics_myshopify_com	anyandallgraphics.myshopify.com:7548356100268	https://anyandallgraphics.myshopify.com/products/9x12-nolan-only-reserved-parking-aluminum-novelty-sign-great-for-indoor-or-outdoor-long-term-use	anyandallgraphics.myshopify.com/products/9x12-nolan-only-reserved-parking-aluminum-novelty-sign-great-for-indoor-or-outdoor-long-term-use	shopify	shopify_buy30620_crate
592664212	397414103	shopify_anyandallgraphics_myshopify_com	anyandallgraphics.myshopify.com:7548356133036	https://anyandallgraphics.myshopify.com/products/9x12-octavio-only-reserved-parking-aluminum-novelty-sign-great-for-indoor-or-outdoor-long-term-use	anyandallgraphics.myshopify.com/products/9x12-octavio-only-reserved-parking-aluminum-novelty-sign-great-for-indoor-or-outdoor-long-term-use	shopify	shopify_buy30620_crate
492864713	510271628	shopify_aquariumfish_com	aquariumfish.com:10111237488939	https://aquariumfish.com/products/warty-sea-cat	aquariumfish.com/products/warty-sea-cat	shopify	shopify_buy30620_crate
492876275	501116007	shopify_aquitaz_se	aquitaz.se:10821076812122	https://aquitaz.se/products/monkey-d-luffy-eb02-061-sec-1	aquitaz.se/products/monkey-d-luffy-eb02-061-sec-1	shopify	shopify_buy30620_crate
492876266	501116006	shopify_aquitaz_se	aquitaz.se:10821077827930	https://aquitaz.se/products/otama-op07-022-r	aquitaz.se/products/otama-op07-022-r	shopify	shopify_buy30620_crate
492876278	501116008	shopify_aquitaz_se	aquitaz.se:10821076549978	https://aquitaz.se/products/uta-eb03-061-sec	aquitaz.se/products/uta-eb03-061-sec	shopify	shopify_buy30620_crate
252224201	1194434179	shopify_archerywarehouse_myshopify_com	archerywarehouse.myshopify.com:8158927388729	https://archerywarehouse.myshopify.com/products/eotech-eps3-dcr-holographic-sight-black-w-dcr-reticle-1-moa-dot-cr123-battery	archerywarehouse.myshopify.com/products/eotech-eps3-dcr-holographic-sight-black-w-dcr-reticle-1-moa-dot-cr123-battery	shopify	shopify_buy30620_crate
90372662	665634219	shopify_art_and_about_brisbane_myshopify_com	art-and-about-brisbane.myshopify.com:8110812102895	https://art-and-about-brisbane.myshopify.com/products/classes-ndis-1-1-and-group-creative-art-as-therapy-and-wellbeing	art-and-about-brisbane.myshopify.com/products/classes-ndis-1-1-and-group-creative-art-as-therapy-and-wellbeing	shopify	shopify_buy30620_crate
90372665	665634222	shopify_art_and_about_brisbane_myshopify_com	art-and-about-brisbane.myshopify.com:8057483034863	https://art-and-about-brisbane.myshopify.com/products/copy-of-after-school-workshop-make-a-mug-and-cookie-plate	art-and-about-brisbane.myshopify.com/products/copy-of-after-school-workshop-make-a-mug-and-cookie-plate	shopify	shopify_buy30620_crate
90372664	665634221	shopify_art_and_about_brisbane_myshopify_com	art-and-about-brisbane.myshopify.com:8069707071727	https://art-and-about-brisbane.myshopify.com/products/copy-of-holiday-workshop-colourful-nature-printing	art-and-about-brisbane.myshopify.com/products/copy-of-holiday-workshop-colourful-nature-printing	shopify	shopify_buy30620_crate
90372663	665634220	shopify_art_and_about_brisbane_myshopify_com	art-and-about-brisbane.myshopify.com:8069725782255	https://art-and-about-brisbane.myshopify.com/products/copy-of-kids-paint-party-colourful-elephant	art-and-about-brisbane.myshopify.com/products/copy-of-kids-paint-party-colourful-elephant	shopify	shopify_buy30620_crate
90372660	665634217	shopify_art_and_about_brisbane_myshopify_com	art-and-about-brisbane.myshopify.com:8111420080367	https://art-and-about-brisbane.myshopify.com/products/copy-of-ndis-art-class-impressionist-painting	art-and-about-brisbane.myshopify.com/products/copy-of-ndis-art-class-impressionist-painting	shopify	shopify_buy30620_crate
90372661	665634218	shopify_art_and_about_brisbane_myshopify_com	art-and-about-brisbane.myshopify.com:8111423815919	https://art-and-about-brisbane.myshopify.com/products/copy-of-ndis-art-class-impressionist-painting-1	art-and-about-brisbane.myshopify.com/products/copy-of-ndis-art-class-impressionist-painting-1	shopify	shopify_buy30620_crate
90372659	665634216	shopify_art_and_about_brisbane_myshopify_com	art-and-about-brisbane.myshopify.com:8111421751535	https://art-and-about-brisbane.myshopify.com/products/copy-of-ndis-art-class-watercolour-painting-1	art-and-about-brisbane.myshopify.com/products/copy-of-ndis-art-class-watercolour-painting-1	shopify	shopify_buy30620_crate
90372666	665634223	shopify_art_and_about_brisbane_myshopify_com	art-and-about-brisbane.myshopify.com:8045147324655	https://art-and-about-brisbane.myshopify.com/products/copy-of-paint-n-sip-paradise-lost	art-and-about-brisbane.myshopify.com/products/copy-of-paint-n-sip-paradise-lost	shopify	shopify_buy30620_crate
252465108	704588150	shopify_art_in_the_atrium_inc_myshopify_com	art-in-the-atrium-inc.myshopify.com:7414275375239	https://art-in-the-atrium-inc.myshopify.com/products/109-cage-by-akil-roper	art-in-the-atrium-inc.myshopify.com/products/109-cage-by-akil-roper	shopify	shopify_buy30620_crate
252465107	704588149	shopify_art_in_the_atrium_inc_myshopify_com	art-in-the-atrium-inc.myshopify.com:7414277144711	https://art-in-the-atrium-inc.myshopify.com/products/121-the-hill-climbers-by-stephen-b-ellis	art-in-the-atrium-inc.myshopify.com/products/121-the-hill-climbers-by-stephen-b-ellis	shopify	shopify_buy30620_crate
252465106	704588148	shopify_art_in_the_atrium_inc_myshopify_com	art-in-the-atrium-inc.myshopify.com:7414277701767	https://art-in-the-atrium-inc.myshopify.com/products/189-this-is-america-by-timothy-simmons	art-in-the-atrium-inc.myshopify.com/products/189-this-is-america-by-timothy-simmons	shopify	shopify_buy30620_crate
252465109	704588151	shopify_art_in_the_atrium_inc_myshopify_com	art-in-the-atrium-inc.myshopify.com:7409455530119	https://art-in-the-atrium-inc.myshopify.com/products/222-dark-matter-latte-by-samad-onque	art-in-the-atrium-inc.myshopify.com/products/222-dark-matter-latte-by-samad-onque	shopify	shopify_buy30620_crate
252465111	704588153	shopify_art_in_the_atrium_inc_myshopify_com	art-in-the-atrium-inc.myshopify.com:7409140826247	https://art-in-the-atrium-inc.myshopify.com/products/223	art-in-the-atrium-inc.myshopify.com/products/223	shopify	shopify_buy30620_crate
252465115	704588157	shopify_art_in_the_atrium_inc_myshopify_com	art-in-the-atrium-inc.myshopify.com:7409140727943	https://art-in-the-atrium-inc.myshopify.com/products/mind-over-matter-by-theda-sandiford	art-in-the-atrium-inc.myshopify.com/products/mind-over-matter-by-theda-sandiford	shopify	shopify_buy30620_crate
252465114	704588156	shopify_art_in_the_atrium_inc_myshopify_com	art-in-the-atrium-inc.myshopify.com:7409140760711	https://art-in-the-atrium-inc.myshopify.com/products/nag-champa-by-philip-robinson	art-in-the-atrium-inc.myshopify.com/products/nag-champa-by-philip-robinson	shopify	shopify_buy30620_crate
252465110	704588152	shopify_art_in_the_atrium_inc_myshopify_com	art-in-the-atrium-inc.myshopify.com:7409136271495	https://art-in-the-atrium-inc.myshopify.com/products/she-birthed-me-into-the-world-by-tenjin-ikeda	art-in-the-atrium-inc.myshopify.com/products/she-birthed-me-into-the-world-by-tenjin-ikeda	shopify	shopify_buy30620_crate
252465112	704588154	shopify_art_in_the_atrium_inc_myshopify_com	art-in-the-atrium-inc.myshopify.com:7409126899847	https://art-in-the-atrium-inc.myshopify.com/products/soul-of-black-folk-by-harold-davis	art-in-the-atrium-inc.myshopify.com/products/soul-of-black-folk-by-harold-davis	shopify	shopify_buy30620_crate
252465113	704588155	shopify_art_in_the_atrium_inc_myshopify_com	art-in-the-atrium-inc.myshopify.com:7409140793479	https://art-in-the-atrium-inc.myshopify.com/products/the-awakening-by-philip-robinson	art-in-the-atrium-inc.myshopify.com/products/the-awakening-by-philip-robinson	shopify	shopify_buy30620_crate
68557205	749039952	shopify_artofskincare_com	artofskincare.com:15348898857033	https://artofskincare.com/products/circadia-nighttime-control-acne-treatment-lotion	artofskincare.com/products/circadia-nighttime-control-acne-treatment-lotion	shopify	shopify_buy30620_crate
68557206	749039953	shopify_artofskincare_com	artofskincare.com:15348266074185	https://artofskincare.com/products/circadia-nighttime-repair	artofskincare.com/products/circadia-nighttime-repair	shopify	shopify_buy30620_crate
592857699	665640368	shopify_art_plus_nh_myshopify_com	art-plus-nh.myshopify.com:7427921182912	https://art-plus-nh.myshopify.com/products/02dcd191-ae13-11e9-ed44-2a5e152fc348	art-plus-nh.myshopify.com/products/02dcd191-ae13-11e9-ed44-2a5e152fc348	shopify	shopify_buy30620_crate
592857695	665640367	shopify_art_plus_nh_myshopify_com	art-plus-nh.myshopify.com:7427927867584	https://art-plus-nh.myshopify.com/products/02dcd191-ae13-11e9-ed44-2a5e474ab939	art-plus-nh.myshopify.com/products/02dcd191-ae13-11e9-ed44-2a5e474ab939	shopify	shopify_buy30620_crate
592857705	665640369	shopify_art_plus_nh_myshopify_com	art-plus-nh.myshopify.com:7427920756928	https://art-plus-nh.myshopify.com/products/02dcd191-ae13-11e9-ed44-2a5e477a6fc4	art-plus-nh.myshopify.com/products/02dcd191-ae13-11e9-ed44-2a5e477a6fc4	shopify	shopify_buy30620_crate
592857685	665640365	shopify_art_plus_nh_myshopify_com	art-plus-nh.myshopify.com:7427928326336	https://art-plus-nh.myshopify.com/products/02dcd191-ae13-11e9-ed44-2a6077262cbb	art-plus-nh.myshopify.com/products/02dcd191-ae13-11e9-ed44-2a6077262cbb	shopify	shopify_buy30620_crate
592857690	665640366	shopify_art_plus_nh_myshopify_com	art-plus-nh.myshopify.com:7427927965888	https://art-plus-nh.myshopify.com/products/02dcd191-ae13-11e9-ed44-2a6077328973	art-plus-nh.myshopify.com/products/02dcd191-ae13-11e9-ed44-2a6077328973	shopify	shopify_buy30620_crate
592857680	665640364	shopify_art_plus_nh_myshopify_com	art-plus-nh.myshopify.com:7427928785088	https://art-plus-nh.myshopify.com/products/02dcd191-ae13-11e9-ed44-2a60774212d5	art-plus-nh.myshopify.com/products/02dcd191-ae13-11e9-ed44-2a60774212d5	shopify	shopify_buy30620_crate
592857674	665640363	shopify_art_plus_nh_myshopify_com	art-plus-nh.myshopify.com:7427929112768	https://art-plus-nh.myshopify.com/products/artbinbottlestoragetray	art-plus-nh.myshopify.com/products/artbinbottlestoragetray	shopify	shopify_buy30620_crate
131696424	749054460	shopify_artprinta_com	artprinta.com:5841881399448	https://artprinta.com/products/anonymous-portrait-of-jean-francois-trebuchet-art-print-fine-art-reproduction-wall-art	artprinta.com/products/anonymous-portrait-of-jean-francois-trebuchet-art-print-fine-art-reproduction-wall-art	shopify	shopify_buy30620_crate
131696485	749054521	shopify_artprinta_com	artprinta.com:5841884381336	https://artprinta.com/products/romain-cazes-1870-sketch-for-the-church-of-the-trinity-the-sacred-heart-art-print-fine-art-reproduction-wall-art	artprinta.com/products/romain-cazes-1870-sketch-for-the-church-of-the-trinity-the-sacred-heart-art-print-fine-art-reproduction-wall-art	shopify	shopify_buy30620_crate
592928627	1069454094	shopify_asia_home_gifts_myshopify_com	asia-home-gifts.myshopify.com:6836111441998	https://asia-home-gifts.myshopify.com/products/sterling-silver-natural-larimar-pendant-necklace	asia-home-gifts.myshopify.com/products/sterling-silver-natural-larimar-pendant-necklace	shopify	shopify_buy30620_crate
494032938	749111067	shopify_atwoodrope_com	atwoodrope.com:9454870069536	https://atwoodrope.com/products/5-8-solid-braid-blue	atwoodrope.com/products/5-8-solid-braid-blue	shopify	shopify_buy30620_crate
494037497	749115870	shopify_auctionliner_com	auctionliner.com:7708044329012	https://auctionliner.com/products/1991-upper-deck-tom-hammonds-349	auctionliner.com/products/1991-upper-deck-tom-hammonds-349	shopify	shopify_buy30620_crate
494036959	749115332	shopify_auctionliner_com	auctionliner.com:7708366831668	https://auctionliner.com/products/1995-select-certified-checklists-checklist-manny-ramirez-raul-mondesi-7	auctionliner.com/products/1995-select-certified-checklists-checklist-manny-ramirez-raul-mondesi-7	shopify	shopify_buy30620_crate
68951110	193757803	shopify_audiovolt_co_uk	audiovolt.co.uk:8556510609658	https://audiovolt.co.uk/products/citronic-cuba-12-full-range-passive-wooden-pa-speaker	audiovolt.co.uk/products/citronic-cuba-12-full-range-passive-wooden-pa-speaker	shopify	shopify_buy30620_crate
68951107	193757801	shopify_audiovolt_co_uk	audiovolt.co.uk:8096251445498	https://audiovolt.co.uk/products/jts-cm-502-overhead-electret-condenser-choir-microphone	audiovolt.co.uk/products/jts-cm-502-overhead-electret-condenser-choir-microphone	shopify	shopify_buy30620_crate
68951112	193757806	shopify_audiovolt_co_uk	audiovolt.co.uk:8096258818298	https://audiovolt.co.uk/products/jts-cm-601-electret-condenser-boundary-microphone	audiovolt.co.uk/products/jts-cm-601-electret-condenser-boundary-microphone	shopify	shopify_buy30620_crate
68951114	193757808	shopify_audiovolt_co_uk	audiovolt.co.uk:8103220248826	https://audiovolt.co.uk/products/jts-cm-602-electret-condenser-boundary-microphone	audiovolt.co.uk/products/jts-cm-602-electret-condenser-boundary-microphone	shopify	shopify_buy30620_crate
68951116	193757812	shopify_audiovolt_co_uk	audiovolt.co.uk:8103244792058	https://audiovolt.co.uk/products/jts-cm-602-usb-electret-condenser-boundary-microphone	audiovolt.co.uk/products/jts-cm-602-usb-electret-condenser-boundary-microphone	shopify	shopify_buy30620_crate
68951104	193757799	shopify_audiovolt_co_uk	audiovolt.co.uk:8096164413690	https://audiovolt.co.uk/products/jts-fgm-62-carbon-floor-stand-microphone-with-carbon-boom	audiovolt.co.uk/products/jts-fgm-62-carbon-floor-stand-microphone-with-carbon-boom	shopify	shopify_buy30620_crate
68951099	193757796	shopify_audiovolt_co_uk	audiovolt.co.uk:8089526698234	https://audiovolt.co.uk/products/jts-jss-4a-wireless-handheld-condenser-mic	audiovolt.co.uk/products/jts-jss-4a-wireless-handheld-condenser-mic	shopify	shopify_buy30620_crate
494074748	751351156	shopify_aumandsfurniture_com	aumandsfurniture.com:10150078841153	https://aumandsfurniture.com/products/laguna-heights-outdoor-sectional	aumandsfurniture.com/products/laguna-heights-outdoor-sectional	shopify	shopify_buy30620_crate
494074747	751351155	shopify_aumandsfurniture_com	aumandsfurniture.com:9973812887873	https://aumandsfurniture.com/products/lanceburg-bunk-bed-with-ladder	aumandsfurniture.com/products/lanceburg-bunk-bed-with-ladder	shopify	shopify_buy30620_crate
494074746	751351154	shopify_aumandsfurniture_com	aumandsfurniture.com:9942677127489	https://aumandsfurniture.com/products/lango-chair	aumandsfurniture.com/products/lango-chair	shopify	shopify_buy30620_crate
494074745	751351153	shopify_aumandsfurniture_com	aumandsfurniture.com:9942677160257	https://aumandsfurniture.com/products/lango-ottoman	aumandsfurniture.com/products/lango-ottoman	shopify	shopify_buy30620_crate
494074744	751351152	shopify_aumandsfurniture_com	aumandsfurniture.com:9942677193025	https://aumandsfurniture.com/products/lango-sofa-chaise	aumandsfurniture.com/products/lango-sofa-chaise	shopify	shopify_buy30620_crate
494074743	751351151	shopify_aumandsfurniture_com	aumandsfurniture.com:9942677225793	https://aumandsfurniture.com/products/lango-sofa-chaise-sleeper	aumandsfurniture.com/products/lango-sofa-chaise-sleeper	shopify	shopify_buy30620_crate
494074742	751351150	shopify_aumandsfurniture_com	aumandsfurniture.com:9942677258561	https://aumandsfurniture.com/products/lango-upholstery-package	aumandsfurniture.com/products/lango-upholstery-package	shopify	shopify_buy30620_crate
494074741	751351149	shopify_aumandsfurniture_com	aumandsfurniture.com:9930894868801	https://aumandsfurniture.com/products/lanolee-bedroom-set	aumandsfurniture.com/products/lanolee-bedroom-set	shopify	shopify_buy30620_crate
494074740	751351148	shopify_aumandsfurniture_com	aumandsfurniture.com:9935083012417	https://aumandsfurniture.com/products/lanwell-table-lamp	aumandsfurniture.com/products/lanwell-table-lamp	shopify	shopify_buy30620_crate
494074739	751351147	shopify_aumandsfurniture_com	aumandsfurniture.com:9930895229249	https://aumandsfurniture.com/products/laresview-upholstery-package	aumandsfurniture.com/products/laresview-upholstery-package	shopify	shopify_buy30620_crate
494074738	751351146	shopify_aumandsfurniture_com	aumandsfurniture.com:10048624689473	https://aumandsfurniture.com/products/larimer-recliner	aumandsfurniture.com/products/larimer-recliner	shopify	shopify_buy30620_crate
494074737	751351145	shopify_aumandsfurniture_com	aumandsfurniture.com:10048624722241	https://aumandsfurniture.com/products/larimer-sofa	aumandsfurniture.com/products/larimer-sofa	shopify	shopify_buy30620_crate
494074736	751351144	shopify_aumandsfurniture_com	aumandsfurniture.com:10048624755009	https://aumandsfurniture.com/products/larimer-sofa-sleeper	aumandsfurniture.com/products/larimer-sofa-sleeper	shopify	shopify_buy30620_crate
494103378	751366375	shopify_auroragift_com	auroragift.com:9235840172245	https://auroragift.com/products/05065-11in-puck-platypus	auroragift.com/products/05065-11in-puck-platypus	shopify	shopify_buy30620_crate
494103377	751366374	shopify_auroragift_com	auroragift.com:9235840237781	https://auroragift.com/products/05066-10-5in-skyler-skunk	auroragift.com/products/05066-10-5in-skyler-skunk	shopify	shopify_buy30620_crate
494103376	751366373	shopify_auroragift_com	auroragift.com:9235840336085	https://auroragift.com/products/05067-11in-mylo-moose	auroragift.com/products/05067-11in-mylo-moose	shopify	shopify_buy30620_crate
494103375	751366372	shopify_auroragift_com	auroragift.com:9235840434389	https://auroragift.com/products/05068-11in-ori-opossum	auroragift.com/products/05068-11in-ori-opossum	shopify	shopify_buy30620_crate
494103374	751366371	shopify_auroragift_com	auroragift.com:9235840565461	https://auroragift.com/products/05069-10in-blair-black-bear	auroragift.com/products/05069-10in-blair-black-bear	shopify	shopify_buy30620_crate
494103373	751366370	shopify_auroragift_com	auroragift.com:9235840696533	https://auroragift.com/products/05070-9-5in-lachlan-lamb	auroragift.com/products/05070-9-5in-lachlan-lamb	shopify	shopify_buy30620_crate
494103372	751366369	shopify_auroragift_com	auroragift.com:9235840827605	https://auroragift.com/products/05071-10in-perrine-pig	auroragift.com/products/05071-10in-perrine-pig	shopify	shopify_buy30620_crate
494103371	751366368	shopify_auroragift_com	auroragift.com:9235840991445	https://auroragift.com/products/05072-9-5in-connor-cow	auroragift.com/products/05072-9-5in-connor-cow	shopify	shopify_buy30620_crate
494103370	751366367	shopify_auroragift_com	auroragift.com:9235841122517	https://auroragift.com/products/05073-10-5in-carlota-capybara	auroragift.com/products/05073-10-5in-carlota-capybara	shopify	shopify_buy30620_crate
494103369	751366366	shopify_auroragift_com	auroragift.com:9235841286357	https://auroragift.com/products/05074-11-5in-arturo-axolotl	auroragift.com/products/05074-11-5in-arturo-axolotl	shopify	shopify_buy30620_crate
494103368	751366365	shopify_auroragift_com	auroragift.com:9235841417429	https://auroragift.com/products/14399-4-5in-sushi-unicorno-blind-bag	auroragift.com/products/14399-4-5in-sushi-unicorno-blind-bag	shopify	shopify_buy30620_crate
252732114	1194683925	shopify_autium_revolutionary_jewellery_myshopify_com	autium-revolutionary-jewellery.myshopify.com:6605518438435	https://autium-revolutionary-jewellery.myshopify.com/products/aqua-gemstone-cocktail-ring-tanzanite-trillion-w194	autium-revolutionary-jewellery.myshopify.com/products/aqua-gemstone-cocktail-ring-tanzanite-trillion-w194	shopify	shopify_buy30620_crate
252732113	1194683924	shopify_autium_revolutionary_jewellery_myshopify_com	autium-revolutionary-jewellery.myshopify.com:6605519159331	https://autium-revolutionary-jewellery.myshopify.com/products/fredio-bicolour-halo-men-ring-tanzanite-cushion-2020-09	autium-revolutionary-jewellery.myshopify.com/products/fredio-bicolour-halo-men-ring-tanzanite-cushion-2020-09	shopify	shopify_buy30620_crate
252732112	1194683923	shopify_autium_revolutionary_jewellery_myshopify_com	autium-revolutionary-jewellery.myshopify.com:6605519716387	https://autium-revolutionary-jewellery.myshopify.com/products/isimo-gemstone-ring-tanzanite-cushion-w197	autium-revolutionary-jewellery.myshopify.com/products/isimo-gemstone-ring-tanzanite-cushion-w197	shopify	shopify_buy30620_crate
252732106	1194683917	shopify_autium_revolutionary_jewellery_myshopify_com	autium-revolutionary-jewellery.myshopify.com:6605688373283	https://autium-revolutionary-jewellery.myshopify.com/products/lintaz-gemstone-ring-tanzanite-emerald-2019-80	autium-revolutionary-jewellery.myshopify.com/products/lintaz-gemstone-ring-tanzanite-emerald-2019-80	shopify	shopify_buy30620_crate
252732110	1194683921	shopify_autium_revolutionary_jewellery_myshopify_com	autium-revolutionary-jewellery.myshopify.com:6552819138595	https://autium-revolutionary-jewellery.myshopify.com/products/rare-ural-mountains-russian-colour-change-alexandrite-raw-stone-g500-1	autium-revolutionary-jewellery.myshopify.com/products/rare-ural-mountains-russian-colour-change-alexandrite-raw-stone-g500-1	shopify	shopify_buy30620_crate
252732108	1194683919	shopify_autium_revolutionary_jewellery_myshopify_com	autium-revolutionary-jewellery.myshopify.com:6605687980067	https://autium-revolutionary-jewellery.myshopify.com/products/shangrila-baguette-five-stone-ring-tanzanite-emerald-2019-228	autium-revolutionary-jewellery.myshopify.com/products/shangrila-baguette-five-stone-ring-tanzanite-emerald-2019-228	shopify	shopify_buy30620_crate
252732107	1194683918	shopify_autium_revolutionary_jewellery_myshopify_com	autium-revolutionary-jewellery.myshopify.com:6605688078371	https://autium-revolutionary-jewellery.myshopify.com/products/siryo-halo-ring-tanzanite-emerald-2019-008	autium-revolutionary-jewellery.myshopify.com/products/siryo-halo-ring-tanzanite-emerald-2019-008	shopify	shopify_buy30620_crate
252741233	618357712	shopify_automagicmx_myshopify_com	automagicmx.myshopify.com:7551816040545	https://automagicmx.myshopify.com/products/calavera-sierra-denali-16-18-led-der	automagicmx.myshopify.com/products/calavera-sierra-denali-16-18-led-der	shopify	shopify_buy30620_crate
252741232	618357711	shopify_automagicmx_myshopify_com	automagicmx.myshopify.com:7551816106081	https://automagicmx.myshopify.com/products/calavera-sierra-denali-16-18-led-izq	automagicmx.myshopify.com/products/calavera-sierra-denali-16-18-led-izq	shopify	shopify_buy30620_crate
252741239	618357718	shopify_automagicmx_myshopify_com	automagicmx.myshopify.com:7551815843937	https://automagicmx.myshopify.com/products/faro-enclave-13-16-c-xenon-c-balastra-der	automagicmx.myshopify.com/products/faro-enclave-13-16-c-xenon-c-balastra-der	shopify	shopify_buy30620_crate
252741237	618357717	shopify_automagicmx_myshopify_com	automagicmx.myshopify.com:7551815876705	https://automagicmx.myshopify.com/products/faro-enclave-13-16-c-xenon-c-balastra-izq	automagicmx.myshopify.com/products/faro-enclave-13-16-c-xenon-c-balastra-izq	shopify	shopify_buy30620_crate
252741244	618357722	shopify_automagicmx_myshopify_com	automagicmx.myshopify.com:7551815712865	https://automagicmx.myshopify.com/products/faro-niebla-yukon-denali-21-24-led-izq	automagicmx.myshopify.com/products/faro-niebla-yukon-denali-21-24-led-izq	shopify	shopify_buy30620_crate
252741236	618357715	shopify_automagicmx_myshopify_com	automagicmx.myshopify.com:7551815942241	https://automagicmx.myshopify.com/products/faro-silverado-cheyenne-lt-rst-22-26-led-der	automagicmx.myshopify.com/products/faro-silverado-cheyenne-lt-rst-22-26-led-der	shopify	shopify_buy30620_crate
252741234	618357714	shopify_automagicmx_myshopify_com	automagicmx.myshopify.com:7551816007777	https://automagicmx.myshopify.com/products/faro-silverado-cheyenne-lt-rst-22-26-led-izq	automagicmx.myshopify.com/products/faro-silverado-cheyenne-lt-rst-22-26-led-izq	shopify	shopify_buy30620_crate
252741242	618357721	shopify_automagicmx_myshopify_com	automagicmx.myshopify.com:7551815778401	https://automagicmx.myshopify.com/products/rejilla-yukon-denali-21-24-der	automagicmx.myshopify.com/products/rejilla-yukon-denali-21-24-der	shopify	shopify_buy30620_crate
252741240	618357720	shopify_automagicmx_myshopify_com	automagicmx.myshopify.com:7551815811169	https://automagicmx.myshopify.com/products/rejilla-yukon-denali-21-24-izq	automagicmx.myshopify.com/products/rejilla-yukon-denali-21-24-izq	shopify	shopify_buy30620_crate
494540940	751575123	shopify_avemariapress_com	avemariapress.com:7765822996533	https://avemariapress.com/products/remembering-why-we-preach	avemariapress.com/products/remembering-why-we-preach	shopify	shopify_buy30620_crate
332892315	399311835	shopify_ayn_peruu_myshopify_com	ayn-peruu.myshopify.com:6622490886199	https://ayn-peruu.myshopify.com/products/case-9a	ayn-peruu.myshopify.com/products/case-9a	shopify	shopify_buy30620_crate
332892311	399311834	shopify_ayn_peruu_myshopify_com	ayn-peruu.myshopify.com:6622491803703	https://ayn-peruu.myshopify.com/products/case-9b-1	ayn-peruu.myshopify.com/products/case-9b-1	shopify	shopify_buy30620_crate
332892307	399311832	shopify_ayn_peruu_myshopify_com	ayn-peruu.myshopify.com:6622492164151	https://ayn-peruu.myshopify.com/products/case-9c	ayn-peruu.myshopify.com/products/case-9c	shopify	shopify_buy30620_crate
332892302	399311831	shopify_ayn_peruu_myshopify_com	ayn-peruu.myshopify.com:6622493966391	https://ayn-peruu.myshopify.com/products/case-9d-2	ayn-peruu.myshopify.com/products/case-9d-2	shopify	shopify_buy30620_crate
332892299	399311830	shopify_ayn_peruu_myshopify_com	ayn-peruu.myshopify.com:6622494588983	https://ayn-peruu.myshopify.com/products/case-9e-1	ayn-peruu.myshopify.com/products/case-9e-1	shopify	shopify_buy30620_crate
332892296	399311829	shopify_ayn_peruu_myshopify_com	ayn-peruu.myshopify.com:6622495047735	https://ayn-peruu.myshopify.com/products/case-9f	ayn-peruu.myshopify.com/products/case-9f	shopify	shopify_buy30620_crate
332892292	399311824	shopify_ayn_peruu_myshopify_com	ayn-peruu.myshopify.com:6626042740791	https://ayn-peruu.myshopify.com/products/case-gel-mariposa-2	ayn-peruu.myshopify.com/products/case-gel-mariposa-2	shopify	shopify_buy30620_crate
332892295	399311826	shopify_ayn_peruu_myshopify_com	ayn-peruu.myshopify.com:6624914636855	https://ayn-peruu.myshopify.com/products/case-teddy	ayn-peruu.myshopify.com/products/case-teddy	shopify	shopify_buy30620_crate
332892289	399311823	shopify_ayn_peruu_myshopify_com	ayn-peruu.myshopify.com:6628675223607	https://ayn-peruu.myshopify.com/products/case-tornasol	ayn-peruu.myshopify.com/products/case-tornasol	shopify	shopify_buy30620_crate
332892324	399311838	shopify_ayn_peruu_myshopify_com	ayn-peruu.myshopify.com:6619241054263	https://ayn-peruu.myshopify.com/products/copia-de-mica-de-vidrio-9d-iphone-samsung-y-lg	ayn-peruu.myshopify.com/products/copia-de-mica-de-vidrio-9d-iphone-samsung-y-lg	shopify	shopify_buy30620_crate
332892285	399311822	shopify_ayn_peruu_myshopify_com	ayn-peruu.myshopify.com:6629075845175	https://ayn-peruu.myshopify.com/products/diamond-case	ayn-peruu.myshopify.com/products/diamond-case	shopify	shopify_buy30620_crate
332892319	399311836	shopify_ayn_peruu_myshopify_com	ayn-peruu.myshopify.com:6619243249719	https://ayn-peruu.myshopify.com/products/mica-de-vidrio-9d-lg	ayn-peruu.myshopify.com/products/mica-de-vidrio-9d-lg	shopify	shopify_buy30620_crate
72203609	157956593	shopify_azjasklep_com	azjasklep.com:9979296219473	https://azjasklep.com/products/dubajskie-perfumy-yara-asad	azjasklep.com/products/dubajskie-perfumy-yara-asad	shopify	shopify_buy30620_crate
72203415	157956470	shopify_azjasklep_com	azjasklep.com:10284254691665	https://azjasklep.com/products/zele-pod-prysznic-cassillia-wybor-sposrod-dwoch-wariantow	azjasklep.com/products/zele-pod-prysznic-cassillia-wybor-sposrod-dwoch-wariantow	shopify	shopify_buy30620_crate
320847790	654982658	shopify_b09262_2_myshopify_com	b09262-2.myshopify.com:7609978028120	https://b09262-2.myshopify.com/products/beds-14-inch-metal-queen-bed-frame-with-rounded-corner-and-headboard-hole-mattress-retainers-3500lbs-steel-slats-no-box-spring	b09262-2.myshopify.com/products/beds-14-inch-metal-queen-bed-frame-with-rounded-corner-and-headboard-hole-mattress-retainers-3500lbs-steel-slats-no-box-spring	shopify	shopify_buy30620_crate
90409811	649798601	shopify_b2b_libertad_myshopify_com	b2b-libertad.myshopify.com:7492887478449	https://b2b-libertad.myshopify.com/products/libreta-eco-mid-18426	b2b-libertad.myshopify.com/products/libreta-eco-mid-18426	shopify	shopify_buy30620_crate
90409813	649798602	shopify_b2b_libertad_myshopify_com	b2b-libertad.myshopify.com:7492887445681	https://b2b-libertad.myshopify.com/products/libreta-eco-mid-18427	b2b-libertad.myshopify.com/products/libreta-eco-mid-18427	shopify	shopify_buy30620_crate
90409815	649798604	shopify_b2b_libertad_myshopify_com	b2b-libertad.myshopify.com:7492887412913	https://b2b-libertad.myshopify.com/products/libreta-eco-mid-18428	b2b-libertad.myshopify.com/products/libreta-eco-mid-18428	shopify	shopify_buy30620_crate
90409817	649798605	shopify_b2b_libertad_myshopify_com	b2b-libertad.myshopify.com:7492887838897	https://b2b-libertad.myshopify.com/products/libreta-eco-mini-18380	b2b-libertad.myshopify.com/products/libreta-eco-mini-18380	shopify	shopify_buy30620_crate
90409819	649798606	shopify_b2b_libertad_myshopify_com	b2b-libertad.myshopify.com:7492887740593	https://b2b-libertad.myshopify.com/products/libreta-eco-mini-18381	b2b-libertad.myshopify.com/products/libreta-eco-mini-18381	shopify	shopify_buy30620_crate
90409821	649798608	shopify_b2b_libertad_myshopify_com	b2b-libertad.myshopify.com:7492887707825	https://b2b-libertad.myshopify.com/products/libreta-eco-mini-18398	b2b-libertad.myshopify.com/products/libreta-eco-mini-18398	shopify	shopify_buy30620_crate
90409822	649798609	shopify_b2b_libertad_myshopify_com	b2b-libertad.myshopify.com:7492887642289	https://b2b-libertad.myshopify.com/products/libreta-eco-mini-18399	b2b-libertad.myshopify.com/products/libreta-eco-mini-18399	shopify	shopify_buy30620_crate
90409825	649798610	shopify_b2b_libertad_myshopify_com	b2b-libertad.myshopify.com:7492887609521	https://b2b-libertad.myshopify.com/products/libreta-eco-mini-18400	b2b-libertad.myshopify.com/products/libreta-eco-mini-18400	shopify	shopify_buy30620_crate
90409827	649798612	shopify_b2b_libertad_myshopify_com	b2b-libertad.myshopify.com:7492888068273	https://b2b-libertad.myshopify.com/products/libreta-eco-mini-18418	b2b-libertad.myshopify.com/products/libreta-eco-mini-18418	shopify	shopify_buy30620_crate
90409829	649798613	shopify_b2b_libertad_myshopify_com	b2b-libertad.myshopify.com:7492887969969	https://b2b-libertad.myshopify.com/products/libreta-eco-mini-18419	b2b-libertad.myshopify.com/products/libreta-eco-mini-18419	shopify	shopify_buy30620_crate
90412006	649808299	shopify_b45b91_3_myshopify_com	b45b91-3.myshopify.com:8171659198639	https://b45b91-3.myshopify.com/products/c-1700s-wine-pitchers-copper-2	b45b91-3.myshopify.com/products/c-1700s-wine-pitchers-copper-2	shopify	shopify_buy30620_crate
90412007	649808300	shopify_b45b91_3_myshopify_com	b45b91-3.myshopify.com:8171659493551	https://b45b91-3.myshopify.com/products/castof-maker-pitcher-carmel-and-brown	b45b91-3.myshopify.com/products/castof-maker-pitcher-carmel-and-brown	shopify	shopify_buy30620_crate
90412004	649808298	shopify_b45b91_3_myshopify_com	b45b91-3.myshopify.com:7838700601519	https://b45b91-3.myshopify.com/products/cluster-study-with-balloon	b45b91-3.myshopify.com/products/cluster-study-with-balloon	shopify	shopify_buy30620_crate
90412014	649808307	shopify_b45b91_3_myshopify_com	b45b91-3.myshopify.com:8173526122671	https://b45b91-3.myshopify.com/products/kakelugn-copy	b45b91-3.myshopify.com/products/kakelugn-copy	shopify	shopify_buy30620_crate
90412013	649808306	shopify_b45b91_3_myshopify_com	b45b91-3.myshopify.com:8173526220975	https://b45b91-3.myshopify.com/products/naperon	b45b91-3.myshopify.com/products/naperon	shopify	shopify_buy30620_crate
90412008	649808301	shopify_b45b91_3_myshopify_com	b45b91-3.myshopify.com:8171659559087	https://b45b91-3.myshopify.com/products/painted-wooden-bowl-c1880	b45b91-3.myshopify.com/products/painted-wooden-bowl-c1880	shopify	shopify_buy30620_crate
90412012	649808305	shopify_b45b91_3_myshopify_com	b45b91-3.myshopify.com:8173526941871	https://b45b91-3.myshopify.com/products/reduced-green	b45b91-3.myshopify.com/products/reduced-green	shopify	shopify_buy30620_crate
90412011	649808304	shopify_b45b91_3_myshopify_com	b45b91-3.myshopify.com:8173527007407	https://b45b91-3.myshopify.com/products/sap-green	b45b91-3.myshopify.com/products/sap-green	shopify	shopify_buy30620_crate
90412010	649808303	shopify_b45b91_3_myshopify_com	b45b91-3.myshopify.com:8173527072943	https://b45b91-3.myshopify.com/products/scallop	b45b91-3.myshopify.com/products/scallop	shopify	shopify_buy30620_crate
90412009	649808302	shopify_b45b91_3_myshopify_com	b45b91-3.myshopify.com:8173527138479	https://b45b91-3.myshopify.com/products/sizing	b45b91-3.myshopify.com/products/sizing	shopify	shopify_buy30620_crate
90412002	649808297	shopify_b45b91_3_myshopify_com	b45b91-3.myshopify.com:8182188310703	https://b45b91-3.myshopify.com/products/taupe-teddy-lumbar	b45b91-3.myshopify.com/products/taupe-teddy-lumbar	shopify	shopify_buy30620_crate
90412000	649808296	shopify_b45b91_3_myshopify_com	b45b91-3.myshopify.com:8171660378287	https://b45b91-3.myshopify.com/products/vintage-wicker-barcart	b45b91-3.myshopify.com/products/vintage-wicker-barcart	shopify	shopify_buy30620_crate
252832221	649810914	shopify_b54a6a_8e_myshopify_com	b54a6a-8e.myshopify.com:9116473393357	https://b54a6a-8e.myshopify.com/products/helicopter-mountain-rescue-flight-wall-art-canvas-prints	b54a6a-8e.myshopify.com/products/helicopter-mountain-rescue-flight-wall-art-canvas-prints	shopify	shopify_buy30620_crate
252832224	649810915	shopify_b54a6a_8e_myshopify_com	b54a6a-8e.myshopify.com:9116473229517	https://b54a6a-8e.myshopify.com/products/runway-jet-reflection-wall-art-canvas-prints	b54a6a-8e.myshopify.com/products/runway-jet-reflection-wall-art-canvas-prints	shopify	shopify_buy30620_crate
252848442	736038759	shopify_ba2sm6_mv_myshopify_com	ba2sm6-mv.myshopify.com:9674030219600	https://ba2sm6-mv.myshopify.com/products/17inch-queen-bonnet-mop-104148	ba2sm6-mv.myshopify.com/products/17inch-queen-bonnet-mop-104148	shopify	shopify_buy30620_crate
252849578	736038817	shopify_ba2sm6_mv_myshopify_com	ba2sm6-mv.myshopify.com:9674026287440	https://ba2sm6-mv.myshopify.com/products/2san-super-cherry-concentrate-175ml	ba2sm6-mv.myshopify.com/products/2san-super-cherry-concentrate-175ml	shopify	shopify_buy30620_crate
252847930	736037816	shopify_ba2sm6_mv_myshopify_com	ba2sm6-mv.myshopify.com:10399608996176	https://ba2sm6-mv.myshopify.com/products/griddle-brick-12-pack-robert-scott-103975	ba2sm6-mv.myshopify.com/products/griddle-brick-12-pack-robert-scott-103975	shopify	shopify_buy30620_crate
252848550	736038788	shopify_ba2sm6_mv_myshopify_com	ba2sm6-mv.myshopify.com:9674028384592	https://ba2sm6-mv.myshopify.com/products/jumbo-sponge-robert-scott-104604	ba2sm6-mv.myshopify.com/products/jumbo-sponge-robert-scott-104604	shopify	shopify_buy30620_crate
252848515	736038778	shopify_ba2sm6_mv_myshopify_com	ba2sm6-mv.myshopify.com:9674029236560	https://ba2sm6-mv.myshopify.com/products/kwazar-orion-super-6-litre-alkaline-pump-up-sprayer	ba2sm6-mv.myshopify.com/products/kwazar-orion-super-6-litre-alkaline-pump-up-sprayer	shopify	shopify_buy30620_crate
252849600	736038839	shopify_ba2sm6_mv_myshopify_com	ba2sm6-mv.myshopify.com:9674024747344	https://ba2sm6-mv.myshopify.com/products/kwazar-seal-kit-for-all-orion-or-xi6-sprayer	ba2sm6-mv.myshopify.com/products/kwazar-seal-kit-for-all-orion-or-xi6-sprayer	shopify	shopify_buy30620_crate
252848426	736038743	shopify_ba2sm6_mv_myshopify_com	ba2sm6-mv.myshopify.com:9674031563088	https://ba2sm6-mv.myshopify.com/products/medium-weight-bleached-dishcloth-robert-scott-100097	ba2sm6-mv.myshopify.com/products/medium-weight-bleached-dishcloth-robert-scott-100097	shopify	shopify_buy30620_crate
320920204	370752531	shopify_bae_baa_myshopify_com	bae-baa.myshopify.com:8393407791274	https://bae-baa.myshopify.com/products/baby-bed-6	bae-baa.myshopify.com/products/baby-bed-6	shopify	shopify_buy30620_crate
320920148	370752448	shopify_bae_baa_myshopify_com	bae-baa.myshopify.com:8397956776106	https://bae-baa.myshopify.com/products/babyhug-6-in-1-baby-cot-crib-with-rocking-function-convertible-cot-with-parent-bed-attachment-storage	bae-baa.myshopify.com/products/babyhug-6-in-1-baby-cot-crib-with-rocking-function-convertible-cot-with-parent-bed-attachment-storage	shopify	shopify_buy30620_crate
320920564	370752686	shopify_bae_baa_myshopify_com	bae-baa.myshopify.com:8385700593834	https://bae-baa.myshopify.com/products/crochet-lily-of-the-valley-flower-blanket	bae-baa.myshopify.com/products/crochet-lily-of-the-valley-flower-blanket	shopify	shopify_buy30620_crate
320920580	370752709	shopify_bae_baa_myshopify_com	bae-baa.myshopify.com:8383859884202	https://bae-baa.myshopify.com/products/luvlap-bath-chair-for-baby	bae-baa.myshopify.com/products/luvlap-bath-chair-for-baby	shopify	shopify_buy30620_crate
320920048	370752391	shopify_bae_baa_myshopify_com	bae-baa.myshopify.com:8402862244010	https://bae-baa.myshopify.com/products/luvlap-twin-joy-stroller	bae-baa.myshopify.com/products/luvlap-twin-joy-stroller	shopify	shopify_buy30620_crate
320920227	370752555	shopify_bae_baa_myshopify_com	bae-baa.myshopify.com:8392314192042	https://bae-baa.myshopify.com/products/phillips-avent-electric-advance-single-breast-pump	bae-baa.myshopify.com/products/phillips-avent-electric-advance-single-breast-pump	shopify	shopify_buy30620_crate
320920022	370752347	shopify_bae_baa_myshopify_com	bae-baa.myshopify.com:8403760152746	https://bae-baa.myshopify.com/products/r-for-rabbit-rock-roll-baby-stroller-pram-stylish-2-in-1-stroller-rocker-sea-green	bae-baa.myshopify.com/products/r-for-rabbit-rock-roll-baby-stroller-pram-stylish-2-in-1-stroller-rocker-sea-green	shopify	shopify_buy30620_crate
320927667	704647963	shopify_baisihair_myshopify_com	baisihair.myshopify.com:9371840479475	https://baisihair.myshopify.com/products/baisi-promo-nouveau-produit-13x4-lace-frontal-perruque-lisse-bob-10-pouces-avec-coiffure-tressee-natte-en-couleur-noir-75-video-100-reelle-en-100-cheveux-humains	baisihair.myshopify.com/products/baisi-promo-nouveau-produit-13x4-lace-frontal-perruque-lisse-bob-10-pouces-avec-coiffure-tressee-natte-en-couleur-noir-75-video-100-reelle-en-100-cheveux-humains	shopify	shopify_buy30620_crate
253075817	1264980573	shopify_basicstyle_youta_myshopify_com	basicstyle-youta.myshopify.com:7617751711933	https://basicstyle-youta.myshopify.com/products/ナチュラル木手set-ダレスバッグ-横型-lサイズ-y2-light-ネイビー	basicstyle-youta.myshopify.com/products/ナチュラル木手set-ダレスバッグ-横型-lサイズ-y2-light-ネイビー	shopify	shopify_buy30620_crate
253075692	1264980516	shopify_basicstyle_youta_myshopify_com	basicstyle-youta.myshopify.com:7629180633277	https://basicstyle-youta.myshopify.com/products/ミニダレスバッグ-xsサイズ-木手ロングハンドル-y59-light-ネイビー	basicstyle-youta.myshopify.com/products/ミニダレスバッグ-xsサイズ-木手ロングハンドル-y59-light-ネイビー	shopify	shopify_buy30620_crate
253084934	1264985452	shopify_bathandliving_myshopify_com	bathandliving.myshopify.com:10879157305678	https://bathandliving.myshopify.com/products/everly-dekbedovertrek-140x220-cm	bathandliving.myshopify.com/products/everly-dekbedovertrek-140x220-cm	shopify	shopify_buy30620_crate
70823886	160666859	shopify_bbbranded_com	bbbranded.com:15522016624713	https://bbbranded.com/products/unisex-lightweight-cap-1-2uf10330553	bbbranded.com/products/unisex-lightweight-cap-1-2uf10330553	shopify	shopify_buy30620_crate
317104367	420649163	shopify_beautyjoint_dev_myshopify_com	beautyjoint-dev.myshopify.com:6977421443239	https://beautyjoint-dev.myshopify.com/products/rude-fearless-face-palette	beautyjoint-dev.myshopify.com/products/rude-fearless-face-palette	shopify	shopify_buy30620_crate
317104362	420649156	shopify_beautyjoint_dev_myshopify_com	beautyjoint-dev.myshopify.com:6977421869223	https://beautyjoint-dev.myshopify.com/products/rude-glitter-primer	beautyjoint-dev.myshopify.com/products/rude-glitter-primer	shopify	shopify_buy30620_crate
593592625	397430129	shopify_belcantobooks_myshopify_com	belcantobooks.myshopify.com:9093639831827	https://belcantobooks.myshopify.com/products/america-is-not-the-heart	belcantobooks.myshopify.com/products/america-is-not-the-heart	shopify	shopify_buy30620_crate
593592631	397430131	shopify_belcantobooks_myshopify_com	belcantobooks.myshopify.com:9093640028435	https://belcantobooks.myshopify.com/products/asian-american-histories-hardcover	belcantobooks.myshopify.com/products/asian-american-histories-hardcover	shopify	shopify_buy30620_crate
593592628	397430130	shopify_belcantobooks_myshopify_com	belcantobooks.myshopify.com:9093640061203	https://belcantobooks.myshopify.com/products/asian-american-histories-paperback	belcantobooks.myshopify.com/products/asian-american-histories-paperback	shopify	shopify_buy30620_crate
593592640	397430135	shopify_belcantobooks_myshopify_com	belcantobooks.myshopify.com:9093640126739	https://belcantobooks.myshopify.com/products/babae-sticker	belcantobooks.myshopify.com/products/babae-sticker	shopify	shopify_buy30620_crate
593592638	397430134	shopify_belcantobooks_myshopify_com	belcantobooks.myshopify.com:9093640159507	https://belcantobooks.myshopify.com/products/beauty-regimes	belcantobooks.myshopify.com/products/beauty-regimes	shopify	shopify_buy30620_crate
593592636	397430133	shopify_belcantobooks_myshopify_com	belcantobooks.myshopify.com:9093640192275	https://belcantobooks.myshopify.com/products/bibliolepsy	belcantobooks.myshopify.com/products/bibliolepsy	shopify	shopify_buy30620_crate
593592634	397430132	shopify_belcantobooks_myshopify_com	belcantobooks.myshopify.com:9093640257811	https://belcantobooks.myshopify.com/products/blackmail-and-bibingka	belcantobooks.myshopify.com/products/blackmail-and-bibingka	shopify	shopify_buy30620_crate
593592646	397430138	shopify_belcantobooks_myshopify_com	belcantobooks.myshopify.com:9093640290579	https://belcantobooks.myshopify.com/products/body-papers	belcantobooks.myshopify.com/products/body-papers	shopify	shopify_buy30620_crate
593592644	397430137	shopify_belcantobooks_myshopify_com	belcantobooks.myshopify.com:9093640323347	https://belcantobooks.myshopify.com/products/brown-and-gay-in-la-hardcover	belcantobooks.myshopify.com/products/brown-and-gay-in-la-hardcover	shopify	shopify_buy30620_crate
593592642	397430136	shopify_belcantobooks_myshopify_com	belcantobooks.myshopify.com:9093640388883	https://belcantobooks.myshopify.com/products/brown-and-gay-in-la-paperback	belcantobooks.myshopify.com/products/brown-and-gay-in-la-paperback	shopify	shopify_buy30620_crate
593592648	397430139	shopify_belcantobooks_myshopify_com	belcantobooks.myshopify.com:9093640519955	https://belcantobooks.myshopify.com/products/bundok	belcantobooks.myshopify.com/products/bundok	shopify	shopify_buy30620_crate
321060953	308745912	shopify_bellaterrashopmx_myshopify_com	bellaterrashopmx.myshopify.com:8645783322838	https://bellaterrashopmx.myshopify.com/products/aretes-con-broche-lipa-bano-de-oro-18k	bellaterrashopmx.myshopify.com/products/aretes-con-broche-lipa-bano-de-oro-18k	shopify	shopify_buy30620_crate
321060948	308745905	shopify_bellaterrashopmx_myshopify_com	bellaterrashopmx.myshopify.com:8646194888918	https://bellaterrashopmx.myshopify.com/products/aretes-con-tornillo-kylie-bano-de-oro-18k	bellaterrashopmx.myshopify.com/products/aretes-con-tornillo-kylie-bano-de-oro-18k	shopify	shopify_buy30620_crate
321060942	308745888	shopify_bellaterrashopmx_myshopify_com	bellaterrashopmx.myshopify.com:8647656734934	https://bellaterrashopmx.myshopify.com/products/aros-atardecer-circonitas-bano-de-oro-18k	bellaterrashopmx.myshopify.com/products/aros-atardecer-circonitas-bano-de-oro-18k	shopify	shopify_buy30620_crate
321060946	308745902	shopify_bellaterrashopmx_myshopify_com	bellaterrashopmx.myshopify.com:8647567999190	https://bellaterrashopmx.myshopify.com/products/collar-radiante-sol-cristal-aurora-circonitas	bellaterrashopmx.myshopify.com/products/collar-radiante-sol-cristal-aurora-circonitas	shopify	shopify_buy30620_crate
321060951	308745910	shopify_bellaterrashopmx_myshopify_com	bellaterrashopmx.myshopify.com:8646033342678	https://bellaterrashopmx.myshopify.com/products/ear-cuff-liso-doble-grueso-bano-de-oro-18k	bellaterrashopmx.myshopify.com/products/ear-cuff-liso-doble-grueso-bano-de-oro-18k	shopify	shopify_buy30620_crate
321060949	308745907	shopify_bellaterrashopmx_myshopify_com	bellaterrashopmx.myshopify.com:8646035669206	https://bellaterrashopmx.myshopify.com/products/ear-cuff-liso-grueso-bano-de-oro-18k	bellaterrashopmx.myshopify.com/products/ear-cuff-liso-grueso-bano-de-oro-18k	shopify	shopify_buy30620_crate
321060955	308745913	shopify_bellaterrashopmx_myshopify_com	bellaterrashopmx.myshopify.com:8645775982806	https://bellaterrashopmx.myshopify.com/products/huggies-verena-2-0-bano-de-oro-18k	bellaterrashopmx.myshopify.com/products/huggies-verena-2-0-bano-de-oro-18k	shopify	shopify_buy30620_crate
321060944	308745891	shopify_bellaterrashopmx_myshopify_com	bellaterrashopmx.myshopify.com:8647603486934	https://bellaterrashopmx.myshopify.com/products/pulsera-chiara-circonitas-bano-de-oro-18k	bellaterrashopmx.myshopify.com/products/pulsera-chiara-circonitas-bano-de-oro-18k	shopify	shopify_buy30620_crate
321063349	308750548	shopify_benchmark_abrasives_myshopify_com	benchmark-abrasives.myshopify.com:6874884833358	https://benchmark-abrasives.myshopify.com/products/2-mini-flap-disc-ceramic-quick-change-discs	benchmark-abrasives.myshopify.com/products/2-mini-flap-disc-ceramic-quick-change-discs	shopify	shopify_buy30620_crate
321063348	308750547	shopify_benchmark_abrasives_myshopify_com	benchmark-abrasives.myshopify.com:6874885029966	https://benchmark-abrasives.myshopify.com/products/3-mini-flap-disc-ceramic-quick-change-discs	benchmark-abrasives.myshopify.com/products/3-mini-flap-disc-ceramic-quick-change-discs	shopify	shopify_buy30620_crate
321063350	308750551	shopify_benchmark_abrasives_myshopify_com	benchmark-abrasives.myshopify.com:6874884505678	https://benchmark-abrasives.myshopify.com/products/4-1-2-x-5-8-11-t27-curved-ceramic-flap-discs-for-fillet-welds-1-piece	benchmark-abrasives.myshopify.com/products/4-1-2-x-5-8-11-t27-curved-ceramic-flap-discs-for-fillet-welds-1-piece	shopify	shopify_buy30620_crate
321063352	308750557	shopify_benchmark_abrasives_myshopify_com	benchmark-abrasives.myshopify.com:6874883260494	https://benchmark-abrasives.myshopify.com/products/4-1-2-x-5-8-11-t27-curved-zirconia-flap-discs-for-fillet-welds-1-piece	benchmark-abrasives.myshopify.com/products/4-1-2-x-5-8-11-t27-curved-zirconia-flap-discs-for-fillet-welds-1-piece	shopify	shopify_buy30620_crate
321063351	308750555	shopify_benchmark_abrasives_myshopify_com	benchmark-abrasives.myshopify.com:6874884145230	https://benchmark-abrasives.myshopify.com/products/4-1-2-x-7-8-t27-curved-ceramic-flap-discs-for-fillet-welds-1-piece	benchmark-abrasives.myshopify.com/products/4-1-2-x-7-8-t27-curved-ceramic-flap-discs-for-fillet-welds-1-piece	shopify	shopify_buy30620_crate
321063353	308750560	shopify_benchmark_abrasives_myshopify_com	benchmark-abrasives.myshopify.com:6864438820942	https://benchmark-abrasives.myshopify.com/products/scrubnutz-industrial-combo-half-filled-3-55l-120-fl-oz-and-dispenser-combo-heavy-duty-hand-surface-and-tool-wipes-70-wipes	benchmark-abrasives.myshopify.com/products/scrubnutz-industrial-combo-half-filled-3-55l-120-fl-oz-and-dispenser-combo-heavy-duty-hand-surface-and-tool-wipes-70-wipes	shopify	shopify_buy30620_crate
305891984	786851317	shopify_bernava_net	bernava.net:9475062366531	https://bernava.net/products/seven-portapenne-scuola-round-plus-reflex-blue-shadefull-boy-bustina-ovale-con-tasca-interna-ed-elastici-porta-penne-accessori-zaino-elementari-medie-superiori-ragazzo-ragazza	bernava.net/products/seven-portapenne-scuola-round-plus-reflex-blue-shadefull-boy-bustina-ovale-con-tasca-interna-ed-elastici-porta-penne-accessori-zaino-elementari-medie-superiori-ragazzo-ragazza	shopify	shopify_buy30620_crate
70558594	786881088	shopify_best4pets_in	best4pets.in:1951525732403	https://best4pets.in/products/whitefintetra	best4pets.in/products/whitefintetra	shopify	shopify_buy30620_crate
71724081	1162155135	shopify_betlehem_myshopify_com	betlehem.myshopify.com:10797887029579	https://betlehem.myshopify.com/products/keramikfat-oliv-8	betlehem.myshopify.com/products/keramikfat-oliv-8	shopify	shopify_buy30620_crate
71724379	1162155260	shopify_betlehem_myshopify_com	betlehem.myshopify.com:6557987537048	https://betlehem.myshopify.com/products/kors-sara	betlehem.myshopify.com/products/kors-sara	shopify	shopify_buy30620_crate
321083397	308792128	shopify_better_furniture_myshopify_com	better-furniture.myshopify.com:14870650978686	https://better-furniture.myshopify.com/products/aubrey-sofa-cuddler-swivel	better-furniture.myshopify.com/products/aubrey-sofa-cuddler-swivel	shopify	shopify_buy30620_crate
321084012	308792862	shopify_better_furniture_myshopify_com	better-furniture.myshopify.com:8797405315293	https://better-furniture.myshopify.com/products/ezra-desk-bronze-clear	better-furniture.myshopify.com/products/ezra-desk-bronze-clear	shopify	shopify_buy30620_crate
321083855	308792763	shopify_better_furniture_myshopify_com	better-furniture.myshopify.com:14683975909758	https://better-furniture.myshopify.com/products/gilbert-armchair-dark-grey	better-furniture.myshopify.com/products/gilbert-armchair-dark-grey	shopify	shopify_buy30620_crate
321083443	308792149	shopify_better_furniture_myshopify_com	better-furniture.myshopify.com:14870607167870	https://better-furniture.myshopify.com/products/hambleden-2-over-3-chest-oak	better-furniture.myshopify.com/products/hambleden-2-over-3-chest-oak	shopify	shopify_buy30620_crate
321083472	308792164	shopify_better_furniture_myshopify_com	better-furniture.myshopify.com:14870035399038	https://better-furniture.myshopify.com/products/hambleden-dressing-table-grey	better-furniture.myshopify.com/products/hambleden-dressing-table-grey	shopify	shopify_buy30620_crate
321083354	308792103	shopify_better_furniture_myshopify_com	better-furniture.myshopify.com:8383899074781	https://better-furniture.myshopify.com/products/riva-armless-chair-by-nardi-set-of-2	better-furniture.myshopify.com/products/riva-armless-chair-by-nardi-set-of-2	shopify	shopify_buy30620_crate
321083718	308792656	shopify_better_furniture_myshopify_com	better-furniture.myshopify.com:14687351079294	https://better-furniture.myshopify.com/products/shaker-carver-dining-chair-2pk	better-furniture.myshopify.com/products/shaker-carver-dining-chair-2pk	shopify	shopify_buy30620_crate
321083733	308792679	shopify_better_furniture_myshopify_com	better-furniture.myshopify.com:14687355109758	https://better-furniture.myshopify.com/products/shaker-dressing-mirror-oak	better-furniture.myshopify.com/products/shaker-dressing-mirror-oak	shopify	shopify_buy30620_crate
321083905	308792816	shopify_better_furniture_myshopify_com	better-furniture.myshopify.com:8803824926941	https://better-furniture.myshopify.com/products/torin-sofa-moss-green	better-furniture.myshopify.com/products/torin-sofa-moss-green	shopify	shopify_buy30620_crate
321083526	308792202	shopify_better_furniture_myshopify_com	better-furniture.myshopify.com:14820831887742	https://better-furniture.myshopify.com/products/vermont-dining-chair-set-of-2	better-furniture.myshopify.com/products/vermont-dining-chair-set-of-2	shopify	shopify_buy30620_crate
220529078	842694394	shopify_beyours_in	beyours.in:7900340650167	https://beyours.in/products/knit-charcoal-black-overshirt	beyours.in/products/knit-charcoal-black-overshirt	shopify	shopify_buy30620_crate
85908994	133098828	shopify_biancatorino_store	biancatorino.store:7584947798083	https://biancatorino.store/products/anello-klara-saphira-oro-misto	biancatorino.store/products/anello-klara-saphira-oro-misto	shopify	shopify_buy30620_crate
85908991	133098825	shopify_biancatorino_store	biancatorino.store:7584947896387	https://biancatorino.store/products/anello-vionne-saphirae-oro-bianco	biancatorino.store/products/anello-vionne-saphirae-oro-bianco	shopify	shopify_buy30620_crate
85908998	133098832	shopify_biancatorino_store	biancatorino.store:7584947667011	https://biancatorino.store/products/bracciale-giada-seraphae-oro-bianco	biancatorino.store/products/bracciale-giada-seraphae-oro-bianco	shopify	shopify_buy30620_crate
85908990	133098824	shopify_biancatorino_store	biancatorino.store:7584947961923	https://biancatorino.store/products/ciondolo-minimalista-di-zaffiro-oro-bianco	biancatorino.store/products/ciondolo-minimalista-di-zaffiro-oro-bianco	shopify	shopify_buy30620_crate
85908992	133098826	shopify_biancatorino_store	biancatorino.store:7584947863619	https://biancatorino.store/products/collana-croce-di-zaffiro-oro-bianco	biancatorino.store/products/collana-croce-di-zaffiro-oro-bianco	shopify	shopify_buy30620_crate
85908989	133098823	shopify_biancatorino_store	biancatorino.store:7584947994691	https://biancatorino.store/products/collana-cuore-infinito-di-zaffiro-oro-bianco	biancatorino.store/products/collana-cuore-infinito-di-zaffiro-oro-bianco	shopify	shopify_buy30620_crate
85908997	133098831	shopify_biancatorino_store	biancatorino.store:7584947699779	https://biancatorino.store/products/collana-kavella-noctazure-oro	biancatorino.store/products/collana-kavella-noctazure-oro	shopify	shopify_buy30620_crate
85908995	133098829	shopify_biancatorino_store	biancatorino.store:7584947765315	https://biancatorino.store/products/orecchini-blasone-reale-di-zaffiro-oro-bianco	biancatorino.store/products/orecchini-blasone-reale-di-zaffiro-oro-bianco	shopify	shopify_buy30620_crate
85908996	133098830	shopify_biancatorino_store	biancatorino.store:7584947732547	https://biancatorino.store/products/orecchini-di-zaffiro-nadine-oro	biancatorino.store/products/orecchini-di-zaffiro-nadine-oro	shopify	shopify_buy30620_crate
85908988	133098822	shopify_biancatorino_store	biancatorino.store:7584948060227	https://biancatorino.store/products/set-di-gioielli-brienne-solazure-oro-bianco	biancatorino.store/products/set-di-gioielli-brienne-solazure-oro-bianco	shopify	shopify_buy30620_crate
85925797	133116392	shopify_binasarts_com	binasarts.com:9986236219665	https://binasarts.com/products/32-in-1-pressed-flower-3	binasarts.com/products/32-in-1-pressed-flower-3	shopify	shopify_buy30620_crate
85925795	133116388	shopify_binasarts_com	binasarts.com:9986238316817	https://binasarts.com/products/40-in-1-pressed-flower	binasarts.com/products/40-in-1-pressed-flower	shopify	shopify_buy30620_crate
85925794	133116387	shopify_binasarts_com	binasarts.com:9986248179985	https://binasarts.com/products/40-in-1-pressed-flower-1	binasarts.com/products/40-in-1-pressed-flower-1	shopify	shopify_buy30620_crate
85925793	133116386	shopify_binasarts_com	binasarts.com:9986248474897	https://binasarts.com/products/40-in-1-pressed-flower-2	binasarts.com/products/40-in-1-pressed-flower-2	shopify	shopify_buy30620_crate
85925792	133116384	shopify_binasarts_com	binasarts.com:9986249916689	https://binasarts.com/products/40-in-1-pressed-flower-3	binasarts.com/products/40-in-1-pressed-flower-3	shopify	shopify_buy30620_crate
279654722	666062054	shopify_biodance_us_myshopify_com	biodance-us.myshopify.com:10484877689143	https://biodance-us.myshopify.com/products/0401_pe_a_aly_sanchezoficial1	biodance-us.myshopify.com/products/0401_pe_a_aly_sanchezoficial1	shopify	shopify_buy30620_crate
279654724	666062055	shopify_biodance_us_myshopify_com	biodance-us.myshopify.com:10484855243063	https://biodance-us.myshopify.com/products/last-chance-spring-sale-amazon-1-glass-skincare-brand	biodance-us.myshopify.com/products/last-chance-spring-sale-amazon-1-glass-skincare-brand	shopify	shopify_buy30620_crate
321274540	1318377134	shopify_black_and_white_london_dcef_myshopify_com	black-and-white-london-dcef.myshopify.com:6798232846403	https://black-and-white-london-dcef.myshopify.com/products/elegance-flute-glass-130ml-4-3oz	black-and-white-london-dcef.myshopify.com/products/elegance-flute-glass-130ml-4-3oz	shopify	shopify_buy30620_crate
72018115	158671925	shopify_blackphoenixalchemylab_com	blackphoenixalchemylab.com:8743671759004	https://blackphoenixalchemylab.com/products/paladin-perfume-oil	blackphoenixalchemylab.com/products/paladin-perfume-oil	shopify	shopify_buy30620_crate
189630673	268755688	shopify_blackvaultgaming_com	blackvaultgaming.com:9992425373981	https://blackvaultgaming.com/products/rite-of-replication-commander-2014-94283	blackvaultgaming.com/products/rite-of-replication-commander-2014-94283	shopify	shopify_buy30620_crate
189630670	268755687	shopify_blackvaultgaming_com	blackvaultgaming.com:9993108586781	https://blackvaultgaming.com/products/volcanic-geyser-magic-2014-m14-69093	blackvaultgaming.com/products/volcanic-geyser-magic-2014-m14-69093	shopify	shopify_buy30620_crate
93561616	287212196	shopify_blingbaebysuhanabasheer_com	blingbaebysuhanabasheer.com:9265633034489	https://blingbaebysuhanabasheer.com/products/royal-curve-sparkle-rings-adjustable	blingbaebysuhanabasheer.com/products/royal-curve-sparkle-rings-adjustable	shopify	shopify_buy30620_crate
84268276	1386754626	shopify_blueoceanfurnishings_com	blueoceanfurnishings.com:10149335302445	https://blueoceanfurnishings.com/products/clarington-sectional-with-chaise	blueoceanfurnishings.com/products/clarington-sectional-with-chaise	shopify	shopify_buy30620_crate
226158762	1386788367	shopify_blueowl_us	blueowl.us:7401808527418	https://blueowl.us/products/2m14-good-originals-6-8oz-relaxed-t-shirt-in-ink-natural	blueowl.us/products/2m14-good-originals-6-8oz-relaxed-t-shirt-in-ink-natural	shopify	shopify_buy30620_crate
68962608	264309814	shopify_bluetokaicoffee_com	bluetokaicoffee.com:6660869914679	https://bluetokaicoffee.com/products/12-delivery-easy-pour-subscription	bluetokaicoffee.com/products/12-delivery-easy-pour-subscription	shopify	shopify_buy30620_crate
68962590	264309813	shopify_bluetokaicoffee_com	bluetokaicoffee.com:6660869947447	https://bluetokaicoffee.com/products/24-delivery-easy-pour-subscription	bluetokaicoffee.com/products/24-delivery-easy-pour-subscription	shopify	shopify_buy30620_crate
68962586	264309812	shopify_bluetokaicoffee_com	bluetokaicoffee.com:6660869816375	https://bluetokaicoffee.com/products/6-delivery-easy-pour-subscription	bluetokaicoffee.com/products/6-delivery-easy-pour-subscription	shopify	shopify_buy30620_crate
68962577	264309810	shopify_bluetokaicoffee_com	bluetokaicoffee.com:6663001047095	https://bluetokaicoffee.com/products/french-roast-easy-pour-coffee-sachets	bluetokaicoffee.com/products/french-roast-easy-pour-coffee-sachets	shopify	shopify_buy30620_crate
68962581	264309811	shopify_bluetokaicoffee_com	bluetokaicoffee.com:6663000948791	https://bluetokaicoffee.com/products/jacaranda-blend-easy-pour-coffee-sachets	bluetokaicoffee.com/products/jacaranda-blend-easy-pour-coffee-sachets	shopify	shopify_buy30620_crate
68962574	264309809	shopify_bluetokaicoffee_com	bluetokaicoffee.com:6708087062583	https://bluetokaicoffee.com/products/versova-cafe-tee-grey	bluetokaicoffee.com/products/versova-cafe-tee-grey	shopify	shopify_buy30620_crate
82497161	468167586	shopify_boathousestores_com	boathousestores.com:6702562672901	https://boathousestores.com/products/nike-sportswear-oval-loose-fit-t-shirt	boathousestores.com/products/nike-sportswear-oval-loose-fit-t-shirt	shopify	shopify_buy30620_crate
72228858	153742898	shopify_boaz_cl	boaz.cl:8950160556260	https://boaz.cl/products/palito-huevo-multicolor-x12	boaz.cl/products/palito-huevo-multicolor-x12	shopify	shopify_buy30620_crate
72228859	153742899	shopify_boaz_cl	boaz.cl:8950159868132	https://boaz.cl/products/palito-huevo-oro-x12	boaz.cl/products/palito-huevo-oro-x12	shopify	shopify_buy30620_crate
93584295	941424970	shopify_bocali_com_co	bocali.com.co:8961144422701	https://bocali.com.co/products/body-control-3730-negro	bocali.com.co/products/body-control-3730-negro	shopify	shopify_buy30620_crate
93584292	941424967	shopify_bocali_com_co	bocali.com.co:8961143308589	https://bocali.com.co/products/body-control-3730-pluss-negro	bocali.com.co/products/body-control-3730-pluss-negro	shopify	shopify_buy30620_crate
93584332	941424973	shopify_bocali_com_co	bocali.com.co:10276403314989	https://bocali.com.co/products/body-control-corazon-y-tiras-azul-navy	bocali.com.co/products/body-control-corazon-y-tiras-azul-navy	shopify	shopify_buy30620_crate
93584312	941424972	shopify_bocali_com_co	bocali.com.co:9804563448109	https://bocali.com.co/products/body-control-corazon-y-tiras-blanco	bocali.com.co/products/body-control-corazon-y-tiras-blanco	shopify	shopify_buy30620_crate
93584293	941424968	shopify_bocali_com_co	bocali.com.co:9517765034285	https://bocali.com.co/products/body-control-nudo-azul-rey	bocali.com.co/products/body-control-nudo-azul-rey	shopify	shopify_buy30620_crate
93584290	941424965	shopify_bocali_com_co	bocali.com.co:9517776929069	https://bocali.com.co/products/body-control-⭐-nudo-azul-rey-plus	bocali.com.co/products/body-control-⭐-nudo-azul-rey-plus	shopify	shopify_buy30620_crate
93584291	941424966	shopify_bocali_com_co	bocali.com.co:10279426654509	https://bocali.com.co/products/body-control-nudo-⭐-blanco-plus	bocali.com.co/products/body-control-nudo-⭐-blanco-plus	shopify	shopify_buy30620_crate
93584294	941424969	shopify_bocali_com_co	bocali.com.co:10279427211565	https://bocali.com.co/products/body-control-nudo-marron	bocali.com.co/products/body-control-nudo-marron	shopify	shopify_buy30620_crate
93584289	941424964	shopify_bocali_com_co	bocali.com.co:10279427277101	https://bocali.com.co/products/body-control-nudo-⭐-marron-plus	bocali.com.co/products/body-control-nudo-⭐-marron-plus	shopify	shopify_buy30620_crate
105159016	220478378	shopify_bodycandy_com	bodycandy.com:7729226350666	https://bodycandy.com/products/16-gauge-1-4-black-green-leaf-me-alone-tragus-cartilage-earring	bodycandy.com/products/16-gauge-1-4-black-green-leaf-me-alone-tragus-cartilage-earring	shopify	shopify_buy30620_crate
105159014	220478376	shopify_bodycandy_com	bodycandy.com:7729227137098	https://bodycandy.com/products/16-gauge-1-4-black-yellow-fake-adult-tragus-cartilage-earring	bodycandy.com/products/16-gauge-1-4-black-yellow-fake-adult-tragus-cartilage-earring	shopify	shopify_buy30620_crate
105159012	220478375	shopify_bodycandy_com	bodycandy.com:7729227530314	https://bodycandy.com/products/16-gauge-1-4-blue-haze-sunset-skull-and-palms-tragus-cartilage-earring	bodycandy.com/products/16-gauge-1-4-blue-haze-sunset-skull-and-palms-tragus-cartilage-earring	shopify	shopify_buy30620_crate
105159008	220478371	shopify_bodycandy_com	bodycandy.com:7729228480586	https://bodycandy.com/products/16-gauge-1-4-glow-in-the-dark-keep-it-100-tragus-cartilage-earring	bodycandy.com/products/16-gauge-1-4-glow-in-the-dark-keep-it-100-tragus-cartilage-earring	shopify	shopify_buy30620_crate
105159007	220478370	shopify_bodycandy_com	bodycandy.com:7729228709962	https://bodycandy.com/products/16-gauge-1-4-glow-in-the-dark-leaf-me-alone-tragus-cartilage-earring	bodycandy.com/products/16-gauge-1-4-glow-in-the-dark-leaf-me-alone-tragus-cartilage-earring	shopify	shopify_buy30620_crate
105159005	220478369	shopify_bodycandy_com	bodycandy.com:7729229004874	https://bodycandy.com/products/16-gauge-1-4-glow-in-the-dark-only-in-ohio-tragus-cartilage-earring	bodycandy.com/products/16-gauge-1-4-glow-in-the-dark-only-in-ohio-tragus-cartilage-earring	shopify	shopify_buy30620_crate
495868429	941431635	shopify_bodyguardz_com	bodyguardz.com:8437069381811	https://bodyguardz.com/products/clear-tempered-glass-screen-protector-for-iphone-17e	bodyguardz.com/products/clear-tempered-glass-screen-protector-for-iphone-17e	shopify	shopify_buy30620_crate
495868431	941431636	shopify_bodyguardz_com	bodyguardz.com:8437068595379	https://bodyguardz.com/products/iphone-17e-case-carve-magsafe	bodyguardz.com/products/iphone-17e-case-carve-magsafe	shopify	shopify_buy30620_crate
495868426	941431634	shopify_bodyguardz_com	bodyguardz.com:8437069938867	https://bodyguardz.com/products/privacy-tempered-glass-screen-protector-iphone-17e	bodyguardz.com/products/privacy-tempered-glass-screen-protector-iphone-17e	shopify	shopify_buy30620_crate
495868425	941431633	shopify_bodyguardz_com	bodyguardz.com:8437070332083	https://bodyguardz.com/products/red-light-converter-privacy-for-iphone-17e	bodyguardz.com/products/red-light-converter-privacy-for-iphone-17e	shopify	shopify_buy30620_crate
495868436	941431638	shopify_bodyguardz_com	bodyguardz.com:8433087709363	https://bodyguardz.com/products/red-light-counter-top-display-med-spa	bodyguardz.com/products/red-light-counter-top-display-med-spa	shopify	shopify_buy30620_crate
495868434	941431637	shopify_bodyguardz_com	bodyguardz.com:8433087742131	https://bodyguardz.com/products/red-light-countertop-display-verizon	bodyguardz.com/products/red-light-countertop-display-verizon	shopify	shopify_buy30620_crate
145362481	146052761	shopify_bohme_com	bohme.com:8215878238395	https://bohme.com/products/aya-ruffle-shorts-in-yellow	bohme.com/products/aya-ruffle-shorts-in-yellow	shopify	shopify_buy30620_crate
70364080	189837564	shopify_bonussuperstore_co_uk	bonussuperstore.co.uk:9244326953174	https://bonussuperstore.co.uk/products/endon-dachshund-table-matt-black-101188	bonussuperstore.co.uk/products/endon-dachshund-table-matt-black-101188	shopify	shopify_buy30620_crate
70364081	189837565	shopify_bonussuperstore_co_uk	bonussuperstore.co.uk:9244316303574	https://bonussuperstore.co.uk/products/endon-dachshund-table-vintage-gold-101187	bonussuperstore.co.uk/products/endon-dachshund-table-vintage-gold-101187	shopify	shopify_buy30620_crate
70364082	189837566	shopify_bonussuperstore_co_uk	bonussuperstore.co.uk:9244314861782	https://bonussuperstore.co.uk/products/endon-elin-dimple-touch-table-101150	bonussuperstore.co.uk/products/endon-elin-dimple-touch-table-101150	shopify	shopify_buy30620_crate
70364084	189837568	shopify_bonussuperstore_co_uk	bonussuperstore.co.uk:9244309061846	https://bonussuperstore.co.uk/products/endon-henbury-5-light-pendant-100014	bonussuperstore.co.uk/products/endon-henbury-5-light-pendant-100014	shopify	shopify_buy30620_crate
70364076	189837561	shopify_bonussuperstore_co_uk	bonussuperstore.co.uk:9244331081942	https://bonussuperstore.co.uk/products/endon-mathias-3lt-linear-pendant-101775	bonussuperstore.co.uk/products/endon-mathias-3lt-linear-pendant-101775	shopify	shopify_buy30620_crate
70364078	189837563	shopify_bonussuperstore_co_uk	bonussuperstore.co.uk:9244328100054	https://bonussuperstore.co.uk/products/endon-viviana-15lt-pendant-101663	bonussuperstore.co.uk/products/endon-viviana-15lt-pendant-101663	shopify	shopify_buy30620_crate
70364086	189837570	shopify_bonussuperstore_co_uk	bonussuperstore.co.uk:9244259090646	https://bonussuperstore.co.uk/products/hoover-hlec9dgb-80-9kg-tumble-dryer-black	bonussuperstore.co.uk/products/hoover-hlec9dgb-80-9kg-tumble-dryer-black	shopify	shopify_buy30620_crate
496015163	751739571	shopify_boodles_com	boodles.com:7620008673458	https://boodles.com/products/boodles-brilliance-yellow-gold-diamond-engagement-ring-0-25-carat	boodles.com/products/boodles-brilliance-yellow-gold-diamond-engagement-ring-0-25-carat	shopify	shopify_buy30620_crate
496015274	751739682	shopify_boodles_com	boodles.com:7274063921330	https://boodles.com/products/patek-philippe-complications-watch-ref-5172g-010	boodles.com/products/patek-philippe-complications-watch-ref-5172g-010	shopify	shopify_buy30620_crate
496048170	751762391	shopify_bookowlsbd_com	bookowlsbd.com:10258282709273	https://bookowlsbd.com/products/buy-yourself-the-f-cking-lilies-and-other-rituals-to-fix-your-life-from-someone-whos-been-there-book-by-tara-schuster	bookowlsbd.com/products/buy-yourself-the-f-cking-lilies-and-other-rituals-to-fix-your-life-from-someone-whos-been-there-book-by-tara-schuster	shopify	shopify_buy30620_crate
496048166	751762387	shopify_bookowlsbd_com	bookowlsbd.com:10259190808857	https://bookowlsbd.com/products/cover-story-book-by-mhairi-mcfarlane	bookowlsbd.com/products/cover-story-book-by-mhairi-mcfarlane	shopify	shopify_buy30620_crate
496048165	751762386	shopify_bookowlsbd_com	bookowlsbd.com:10259192873241	https://bookowlsbd.com/products/dear-debbie-book-by-freida-mcfadden	bookowlsbd.com/products/dear-debbie-book-by-freida-mcfadden	shopify	shopify_buy30620_crate
496048171	751762392	shopify_bookowlsbd_com	bookowlsbd.com:10258282447129	https://bookowlsbd.com/products/everyone-who-can-forgive-me-is-dead-a-novel-by-jenny-hollander	bookowlsbd.com/products/everyone-who-can-forgive-me-is-dead-a-novel-by-jenny-hollander	shopify	shopify_buy30620_crate
496048169	751762390	shopify_bookowlsbd_com	bookowlsbd.com:10258283168025	https://bookowlsbd.com/products/glow-of-the-everflame-book-by-penn-cole	bookowlsbd.com/products/glow-of-the-everflame-book-by-penn-cole	shopify	shopify_buy30620_crate
496048168	751762389	shopify_bookowlsbd_com	bookowlsbd.com:10258283528473	https://bookowlsbd.com/products/heat-of-the-everflame-book-by-penn-cole	bookowlsbd.com/products/heat-of-the-everflame-book-by-penn-cole	shopify	shopify_buy30620_crate
496048164	751762385	shopify_bookowlsbd_com	bookowlsbd.com:10259194249497	https://bookowlsbd.com/products/how-to-know-a-person-the-art-of-seeing-others-deeply-and-being-deeply-seen-book-by-david-brooks	bookowlsbd.com/products/how-to-know-a-person-the-art-of-seeing-others-deeply-and-being-deeply-seen-book-by-david-brooks	shopify	shopify_buy30620_crate
496048167	751762388	shopify_bookowlsbd_com	bookowlsbd.com:10258284118297	https://bookowlsbd.com/products/the-political-thought-of-xi-jinping-book-by-olivia-cheung-and-steve-tsang	bookowlsbd.com/products/the-political-thought-of-xi-jinping-book-by-olivia-cheung-and-steve-tsang	shopify	shopify_buy30620_crate
132145251	751764202	shopify_books2door_com	books2door.com:6063553839283	https://books2door.com/products/9781444940688	books2door.com/products/9781444940688	shopify	shopify_buy30620_crate
68555380	751783717	shopify_boomf_com	boomf.com:7347611304103	https://boomf.com/products/elephant-3d-pop-up-wild-card-greeting-card	boomf.com/products/elephant-3d-pop-up-wild-card-greeting-card	shopify	shopify_buy30620_crate
154244491	751783715	shopify_boomf_com	boomf.com:8535496589479	https://boomf.com/products/fathers-day-cannon-confetti-shooter-card	boomf.com/products/fathers-day-cannon-confetti-shooter-card	shopify	shopify_buy30620_crate
321969080	289252938	shopify_botasonline_myshopify_com	botasonline.myshopify.com:5547877925029	https://botasonline.myshopify.com/products/trasera-224-hag-oro-viejo	botasonline.myshopify.com/products/trasera-224-hag-oro-viejo	shopify	shopify_buy30620_crate
118665877	752154821	shopify_bowlift_com	bowlift.com:15855539355993	https://bowlift.com/products/bowlift-cordless-trimmer-without-gaps-hair-clipper	bowlift.com/products/bowlift-cordless-trimmer-without-gaps-hair-clipper	shopify	shopify_buy30620_crate
118657641	752154819	shopify_bowlift_com	bowlift.com:15772019622233	https://bowlift.com/products/bowlift-floral-tablecloth	bowlift.com/products/bowlift-floral-tablecloth	shopify	shopify_buy30620_crate
118656192	752154815	shopify_bowlift_com	bowlift.com:16261332336985	https://bowlift.com/products/led-pendant-light-with-ball-design-modern-and-elegant-ideal-for-living-room-or-dining-room-bowlift	bowlift.com/products/led-pendant-light-with-ball-design-modern-and-elegant-ideal-for-living-room-or-dining-room-bowlift	shopify	shopify_buy30620_crate
118665752	752154814	shopify_bowlift_com	bowlift.com:16225532576089	https://bowlift.com/products/refrigerator-door-safety-lock-bowlift	bowlift.com/products/refrigerator-door-safety-lock-bowlift	shopify	shopify_buy30620_crate
496388015	548153256	shopify_boxito_com	boxito.com:7757124829259	https://boxito.com/products/canastilla-de-malla-de-acero-inoxidable-para-lavabo-ph-072-pg0723	boxito.com/products/canastilla-de-malla-de-acero-inoxidable-para-lavabo-ph-072-pg0723	shopify	shopify_buy30620_crate
76980616	749300192	shopify_braceletsmartwatch_fr	braceletsmartwatch.fr:15703557800319	https://braceletsmartwatch.fr/products/xiaomi-watch-s5-sport-strap-black-pink	braceletsmartwatch.fr/products/xiaomi-watch-s5-sport-strap-black-pink	shopify	shopify_buy30620_crate
143634434	305228030	shopify_brastop_com	brastop.com:7945192243380	https://brastop.com/products/curvy-kate-boost-diamante-padded-balcony-bra-black	brastop.com/products/curvy-kate-boost-diamante-padded-balcony-bra-black	shopify	shopify_buy30620_crate
143634427	305228025	shopify_brastop_com	brastop.com:7945224192180	https://brastop.com/products/curvy-kate-wild-one-brazilian-brief-black	brastop.com/products/curvy-kate-wild-one-brazilian-brief-black	shopify	shopify_buy30620_crate
111042937	305228285	shopify_brastop_com	brastop.com:7968630538420	https://brastop.com/products/fantasie-aubree-moulded-spacer-bra-night-sky-black	brastop.com/products/fantasie-aubree-moulded-spacer-bra-night-sky-black	shopify	shopify_buy30620_crate
111043081	305228390	shopify_brastop_com	brastop.com:7961024397492	https://brastop.com/products/gorsenia-evia-balconette-bra-black	brastop.com/products/gorsenia-evia-balconette-bra-black	shopify	shopify_buy30620_crate
111043238	305228469	shopify_brastop_com	brastop.com:7949286572212	https://brastop.com/products/panache-ana-brazilian-brief-pink	brastop.com/products/panache-ana-brazilian-brief-pink	shopify	shopify_buy30620_crate
111042837	305228239	shopify_brastop_com	brastop.com:7972260315316	https://brastop.com/products/panache-signature-midi-bikini-brief-black	brastop.com/products/panache-signature-midi-bikini-brief-black	shopify	shopify_buy30620_crate
111042582	305228179	shopify_brastop_com	brastop.com:7976202928308	https://brastop.com/products/parfait-pearl-unlined-seamless-minimizer-bra-navy-blue	brastop.com/products/parfait-pearl-unlined-seamless-minimizer-bra-navy-blue	shopify	shopify_buy30620_crate
496810005	752397074	shopify_bravekid_com	bravekid.com:15247650488705	https://bravekid.com/products/diesel-t-shirts-white-k0076800yi9k100	bravekid.com/products/diesel-t-shirts-white-k0076800yi9k100	shopify	shopify_buy30620_crate
82295129	281343758	shopify_brecksbulbs_ca	brecksbulbs.ca:7912918548653	https://brecksbulbs.ca/products/david-phlox	brecksbulbs.ca/products/david-phlox	shopify	shopify_buy30620_crate
496848999	710542615	shopify_brecks_com	brecks.com:9687482007867	https://brecks.com/products/taplow-blue-globe-thistle	brecks.com/products/taplow-blue-globe-thistle	shopify	shopify_buy30620_crate
496848998	710542614	shopify_brecks_com	brecks.com:9687482040635	https://brecks.com/products/taroudant-dwarf-canna	brecks.com/products/taroudant-dwarf-canna	shopify	shopify_buy30620_crate
496848996	710542612	shopify_brecks_com	brecks.com:9687482106171	https://brecks.com/products/teal-daffodil	brecks.com/products/teal-daffodil	shopify	shopify_buy30620_crate
496848995	710542611	shopify_brecks_com	brecks.com:9687482138939	https://brecks.com/products/technicolour-daffodil-mixture	brecks.com/products/technicolour-daffodil-mixture	shopify	shopify_buy30620_crate
496848994	710542610	shopify_brecks_com	brecks.com:9687482171707	https://brecks.com/products/temple-of-beauty-dahlia	brecks.com/products/temple-of-beauty-dahlia	shopify	shopify_buy30620_crate
496848993	710542609	shopify_brecks_com	brecks.com:9687482204475	https://brecks.com/products/temple-shirley-peony	brecks.com/products/temple-shirley-peony	shopify	shopify_buy30620_crate
496848992	710542608	shopify_brecks_com	brecks.com:9687482237243	https://brecks.com/products/tempting-fate-bearded-iris	brecks.com/products/tempting-fate-bearded-iris	shopify	shopify_buy30620_crate
496848990	710542606	shopify_brecks_com	brecks.com:9687482302779	https://brecks.com/products/tennison-ridge-reblooming-bearded-iris	brecks.com/products/tennison-ridge-reblooming-bearded-iris	shopify	shopify_buy30620_crate
496848989	710542605	shopify_brecks_com	brecks.com:9687482335547	https://brecks.com/products/tequila-and-lime-reblooming-daylily	brecks.com/products/tequila-and-lime-reblooming-daylily	shopify	shopify_buy30620_crate
496848988	710542604	shopify_brecks_com	brecks.com:9687482368315	https://brecks.com/products/tequila-sunrise-coneflower	brecks.com/products/tequila-sunrise-coneflower	shopify	shopify_buy30620_crate
496848987	710542603	shopify_brecks_com	brecks.com:9687482401083	https://brecks.com/products/terracotta-yarrow	brecks.com/products/terracotta-yarrow	shopify	shopify_buy30620_crate
496848986	710542602	shopify_brecks_com	brecks.com:9687482433851	https://brecks.com/products/terrible-swift-sword-reblooming-daylily	brecks.com/products/terrible-swift-sword-reblooming-daylily	shopify	shopify_buy30620_crate
67939518	159259316	shopify_brennan_landscaping_myshopify_com	brennan-landscaping.myshopify.com:2558873534528	https://brennan-landscaping.myshopify.com/products/5-gallon-no-spill-gas-can-holder	brennan-landscaping.myshopify.com/products/5-gallon-no-spill-gas-can-holder	shopify	shopify_buy30620_crate
67939503	159259308	shopify_brennan_landscaping_myshopify_com	brennan-landscaping.myshopify.com:2563151528000	https://brennan-landscaping.myshopify.com/products/ef083-45-degree-mounting-bracket	brennan-landscaping.myshopify.com/products/ef083-45-degree-mounting-bracket	shopify	shopify_buy30620_crate
67939509	159259312	shopify_brennan_landscaping_myshopify_com	brennan-landscaping.myshopify.com:2560722206784	https://brennan-landscaping.myshopify.com/products/hedge-trimmer-rack-for-open-enclosed-trailersgreen	brennan-landscaping.myshopify.com/products/hedge-trimmer-rack-for-open-enclosed-trailersgreen	shopify	shopify_buy30620_crate
67939507	159259311	shopify_brennan_landscaping_myshopify_com	brennan-landscaping.myshopify.com:2560740294720	https://brennan-landscaping.myshopify.com/products/hedge-trimmer-rack-for-open-enclosed-trailersyellow	brennan-landscaping.myshopify.com/products/hedge-trimmer-rack-for-open-enclosed-trailersyellow	shopify	shopify_buy30620_crate
67939504	159259309	shopify_brennan_landscaping_myshopify_com	brennan-landscaping.myshopify.com:2562996109376	https://brennan-landscaping.myshopify.com/products/large-hand-tool-rack-open-trailers	brennan-landscaping.myshopify.com/products/large-hand-tool-rack-open-trailers	shopify	shopify_buy30620_crate
67939513	159259314	shopify_brennan_landscaping_myshopify_com	brennan-landscaping.myshopify.com:2560545620032	https://brennan-landscaping.myshopify.com/products/line-spool-rack-with-cutter	brennan-landscaping.myshopify.com/products/line-spool-rack-with-cutter	shopify	shopify_buy30620_crate
67939515	159259315	shopify_brennan_landscaping_myshopify_com	brennan-landscaping.myshopify.com:2560212729920	https://brennan-landscaping.myshopify.com/products/multi-tool-cage-for-open-enclosed-trailers	brennan-landscaping.myshopify.com/products/multi-tool-cage-for-open-enclosed-trailers	shopify	shopify_buy30620_crate
67939506	159259310	shopify_brennan_landscaping_myshopify_com	brennan-landscaping.myshopify.com:2562848948288	https://brennan-landscaping.myshopify.com/products/pro-series-safety-hat-protect-yourself-from-harmful-uv-rays	brennan-landscaping.myshopify.com/products/pro-series-safety-hat-protect-yourself-from-harmful-uv-rays	shopify	shopify_buy30620_crate
67939511	159259313	shopify_brennan_landscaping_myshopify_com	brennan-landscaping.myshopify.com:2560614793280	https://brennan-landscaping.myshopify.com/products/water-cooler-rack	brennan-landscaping.myshopify.com/products/water-cooler-rack	shopify	shopify_buy30620_crate
496895050	553721515	shopify_brickabrac_co_uk	brickabrac.co.uk:8880684269846	https://brickabrac.co.uk/products/lego-city-60336-freight-train	brickabrac.co.uk/products/lego-city-60336-freight-train	shopify	shopify_buy30620_crate
102461515	150760792	shopify_bright_residence_com	bright-residence.com:10707863306507	https://bright-residence.com/products/fadelfix	bright-residence.com/products/fadelfix	shopify	shopify_buy30620_crate
68506712	200406416	shopify_british_sports_museum_myshopify_com	british-sports-museum.myshopify.com:805920866364	https://british-sports-museum.myshopify.com/products/steve-collins-hand-signed-16x12-boxing-montage	british-sports-museum.myshopify.com/products/steve-collins-hand-signed-16x12-boxing-montage	shopify	shopify_buy30620_crate
68511139	200414804	shopify_brits_clothiers_myshopify_com	brits-clothiers.myshopify.com:8572629876926	https://brits-clothiers.myshopify.com/products/en-2mm-bead-bracelet-faceted-hematite	brits-clothiers.myshopify.com/products/en-2mm-bead-bracelet-faceted-hematite	shopify	shopify_buy30620_crate
68511135	200414803	shopify_brits_clothiers_myshopify_com	brits-clothiers.myshopify.com:8572629942462	https://brits-clothiers.myshopify.com/products/en-2mm-bead-bracelet-silver-faceted-hematite	brits-clothiers.myshopify.com/products/en-2mm-bead-bracelet-silver-faceted-hematite	shopify	shopify_buy30620_crate
68511143	200414805	shopify_brits_clothiers_myshopify_com	brits-clothiers.myshopify.com:8572629811390	https://brits-clothiers.myshopify.com/products/en-blissful-pattern-2mm-bead-bracelet-bright-silver-faceted-hematite	brits-clothiers.myshopify.com/products/en-blissful-pattern-2mm-bead-bracelet-bright-silver-faceted-hematite	shopify	shopify_buy30620_crate
68511148	200414806	shopify_brits_clothiers_myshopify_com	brits-clothiers.myshopify.com:8572629680318	https://brits-clothiers.myshopify.com/products/en-blissful-pattern-2mm-bead-bracelet-silver-faceted-hematite	brits-clothiers.myshopify.com/products/en-blissful-pattern-2mm-bead-bracelet-silver-faceted-hematite	shopify	shopify_buy30620_crate
68511155	200414808	shopify_brits_clothiers_myshopify_com	brits-clothiers.myshopify.com:8570901135550	https://brits-clothiers.myshopify.com/products/eterna-japanse-knit-woven-shirt-grey-blue-stripe	brits-clothiers.myshopify.com/products/eterna-japanse-knit-woven-shirt-grey-blue-stripe	shopify	shopify_buy30620_crate
68511159	200414809	shopify_brits_clothiers_myshopify_com	brits-clothiers.myshopify.com:8570899136702	https://brits-clothiers.myshopify.com/products/eterna-printed-twill-toile-blue-grey	brits-clothiers.myshopify.com/products/eterna-printed-twill-toile-blue-grey	shopify	shopify_buy30620_crate
68511150	200414807	shopify_brits_clothiers_myshopify_com	brits-clothiers.myshopify.com:8570904969406	https://brits-clothiers.myshopify.com/products/eterna-print-japanese-knit-shirt-navy	brits-clothiers.myshopify.com/products/eterna-print-japanese-knit-shirt-navy	shopify	shopify_buy30620_crate
68511161	200414810	shopify_brits_clothiers_myshopify_com	brits-clothiers.myshopify.com:8569702973630	https://brits-clothiers.myshopify.com/products/pa-tatum-32-wide-leg-jean-bookshelf	brits-clothiers.myshopify.com/products/pa-tatum-32-wide-leg-jean-bookshelf	shopify	shopify_buy30620_crate
86539899	200415782	shopify_brits_clothiers_myshopify_com	brits-clothiers.myshopify.com:7705411584190	https://brits-clothiers.myshopify.com/products/sa-the-eastend-mod-skort-black	brits-clothiers.myshopify.com/products/sa-the-eastend-mod-skort-black	shopify	shopify_buy30620_crate
86539897	200415780	shopify_brits_clothiers_myshopify_com	brits-clothiers.myshopify.com:7713260110014	https://brits-clothiers.myshopify.com/products/sb-atlanta-braves-life-belt	brits-clothiers.myshopify.com/products/sb-atlanta-braves-life-belt	shopify	shopify_buy30620_crate
86539898	200415781	shopify_brits_clothiers_myshopify_com	brits-clothiers.myshopify.com:7713260011710	https://brits-clothiers.myshopify.com/products/sb-georgia-life-belt-black	brits-clothiers.myshopify.com/products/sb-georgia-life-belt-black	shopify	shopify_buy30620_crate
86539895	200415778	shopify_brits_clothiers_myshopify_com	brits-clothiers.myshopify.com:7713302020286	https://brits-clothiers.myshopify.com/products/sb-golfers-camo-key-fob-multi-os	brits-clothiers.myshopify.com/products/sb-golfers-camo-key-fob-multi-os	shopify	shopify_buy30620_crate
86539896	200415779	shopify_brits_clothiers_myshopify_com	brits-clothiers.myshopify.com:7713299890366	https://brits-clothiers.myshopify.com/products/sb-scratch-golf-credit-card-wallet-heathered-black-os	brits-clothiers.myshopify.com/products/sb-scratch-golf-credit-card-wallet-heathered-black-os	shopify	shopify_buy30620_crate
86539900	200415783	shopify_brits_clothiers_myshopify_com	brits-clothiers.myshopify.com:7704716083390	https://brits-clothiers.myshopify.com/products/tongue-tied-bodysuit-ivory	brits-clothiers.myshopify.com/products/tongue-tied-bodysuit-ivory	shopify	shopify_buy30620_crate
86539902	200415785	shopify_brits_clothiers_myshopify_com	brits-clothiers.myshopify.com:7702095036606	https://brits-clothiers.myshopify.com/products/trvl-big-glam-zebra-pink	brits-clothiers.myshopify.com/products/trvl-big-glam-zebra-pink	shopify	shopify_buy30620_crate
86539903	200415786	shopify_brits_clothiers_myshopify_com	brits-clothiers.myshopify.com:7702078849214	https://brits-clothiers.myshopify.com/products/trvl-luxe-duo-dome-bag-set-woven-bronze	brits-clothiers.myshopify.com/products/trvl-luxe-duo-dome-bag-set-woven-bronze	shopify	shopify_buy30620_crate
86539901	200415784	shopify_brits_clothiers_myshopify_com	brits-clothiers.myshopify.com:7702101655742	https://brits-clothiers.myshopify.com/products/trvl-on-board-bag-zebra-pink	brits-clothiers.myshopify.com/products/trvl-on-board-bag-zebra-pink	shopify	shopify_buy30620_crate
497365034	795685480	shopify_bronzesnake_com	bronzesnake.com:8462509539373	https://bronzesnake.com/products/kendall-top-sand	bronzesnake.com/products/kendall-top-sand	shopify	shopify_buy30620_crate
497365038	795685482	shopify_bronzesnake_com	bronzesnake.com:8462508326957	https://bronzesnake.com/products/loyalty-knit-wine	bronzesnake.com/products/loyalty-knit-wine	shopify	shopify_buy30620_crate
497364998	795685457	shopify_bronzesnake_com	bronzesnake.com:8384924614701	https://bronzesnake.com/products/mattie-sheer-poncho-white	bronzesnake.com/products/mattie-sheer-poncho-white	shopify	shopify_buy30620_crate
497364958	795685439	shopify_bronzesnake_com	bronzesnake.com:8402293686317	https://bronzesnake.com/products/roni-long-short-black	bronzesnake.com/products/roni-long-short-black	shopify	shopify_buy30620_crate
69059966	2393440485	shopify_brunobett_de	brunobett.de:15296334299459	https://brunobett.de/products/bruno-ecksofa-glory-forest-green	brunobett.de/products/bruno-ecksofa-glory-forest-green	shopify	shopify_buy30620_crate
69059964	2393440483	shopify_brunobett_de	brunobett.de:15295791137091	https://brunobett.de/products/bruno-schlafsofa-glory-silver-grey	brunobett.de/products/bruno-schlafsofa-glory-silver-grey	shopify	shopify_buy30620_crate
497449534	485464160	shopify_bshopy_in	bshopy.in:9094433046772	https://bshopy.in/products/blue-zircon-earrings-geometric-rectangle-jewelry-for-women	bshopy.in/products/blue-zircon-earrings-geometric-rectangle-jewelry-for-women	shopify	shopify_buy30620_crate
497449307	485463060	shopify_bshopy_in	bshopy.in:9252499947764	https://bshopy.in/products/colorful-fabric-pen-holder-desk-organizer-soft-padded-multifunctional-storage-cup	bshopy.in/products/colorful-fabric-pen-holder-desk-organizer-soft-padded-multifunctional-storage-cup	shopify	shopify_buy30620_crate
497449526	485464158	shopify_bshopy_in	bshopy.in:9094435963124	https://bshopy.in/products/green-zircon-earrings-korean-style-geometric-jewelry	bshopy.in/products/green-zircon-earrings-korean-style-geometric-jewelry	shopify	shopify_buy30620_crate
497449314	485463062	shopify_bshopy_in	bshopy.in:9252843389172	https://bshopy.in/products/marble-pattern-square-sunglasses-with-blue-light-protection-oversized-unisex-frame	bshopy.in/products/marble-pattern-square-sunglasses-with-blue-light-protection-oversized-unisex-frame	shopify	shopify_buy30620_crate
497449545	485464162	shopify_bshopy_in	bshopy.in:9094895304948	https://bshopy.in/products/pink-floral-zircon-earrings-simple-geometric-jewelry	bshopy.in/products/pink-floral-zircon-earrings-simple-geometric-jewelry	shopify	shopify_buy30620_crate
497449286	485463057	shopify_bshopy_in	bshopy.in:9256805302516	https://bshopy.in/products/rainbow-beaded-bracelet-for-women-handwoven-soft-pottery-love-charm-jewelry	bshopy.in/products/rainbow-beaded-bracelet-for-women-handwoven-soft-pottery-love-charm-jewelry	shopify	shopify_buy30620_crate
497449298	485463059	shopify_bshopy_in	bshopy.in:9252499914996	https://bshopy.in/products/rechargeable-led-desk-lamp-with-touch-control-decorative-night-bedside-light	bshopy.in/products/rechargeable-led-desk-lamp-with-touch-control-decorative-night-bedside-light	shopify	shopify_buy30620_crate
497449541	485464161	shopify_bshopy_in	bshopy.in:9094431736052	https://bshopy.in/products/red-zircon-earrings-retro-geometric-jewelry-for-women	bshopy.in/products/red-zircon-earrings-retro-geometric-jewelry-for-women	shopify	shopify_buy30620_crate
497449550	485464163	shopify_bshopy_in	bshopy.in:9094895141108	https://bshopy.in/products/rose-gold-butterfly-earrings-simple-geometric-jewelry	bshopy.in/products/rose-gold-butterfly-earrings-simple-geometric-jewelry	shopify	shopify_buy30620_crate
497449553	485464164	shopify_bshopy_in	bshopy.in:9094894747892	https://bshopy.in/products/rose-gold-floral-zircon-earrings-simple-geometric-jewelry	bshopy.in/products/rose-gold-floral-zircon-earrings-simple-geometric-jewelry	shopify	shopify_buy30620_crate
497449564	485464166	shopify_bshopy_in	bshopy.in:9094895075572	https://bshopy.in/products/rose-gold-heart-zircon-earrings-ethnic-style-jewelry-for-women	bshopy.in/products/rose-gold-heart-zircon-earrings-ethnic-style-jewelry-for-women	shopify	shopify_buy30620_crate
497449560	485464165	shopify_bshopy_in	bshopy.in:9094895403252	https://bshopy.in/products/rose-gold-leaf-hollow-earrings-ethnic-style-geometric-jewelry	bshopy.in/products/rose-gold-leaf-hollow-earrings-ethnic-style-geometric-jewelry	shopify	shopify_buy30620_crate
497449530	485464159	shopify_bshopy_in	bshopy.in:9094434193652	https://bshopy.in/products/rose-gold-zircon-earrings-fashion-geometric-jewelry	bshopy.in/products/rose-gold-zircon-earrings-fashion-geometric-jewelry	shopify	shopify_buy30620_crate
497449292	485463058	shopify_bshopy_in	bshopy.in:9256234844404	https://bshopy.in/products/weston-rechargeable-electric-toothbrush-for-adults-soft-bristles-family-set-deep-clean-care	bshopy.in/products/weston-rechargeable-electric-toothbrush-for-adults-soft-bristles-family-set-deep-clean-care	shopify	shopify_buy30620_crate
497449318	485463064	shopify_bshopy_in	bshopy.in:9252841718004	https://bshopy.in/products/y2k-square-frame-sunglasses-with-thick-rim-blue-light-protection-trendy-fashion-glasses	bshopy.in/products/y2k-square-frame-sunglasses-with-thick-rim-blue-light-protection-trendy-fashion-glasses	shopify	shopify_buy30620_crate
69905566	133951531	shopify_bubbleroom_dk	bubbleroom.dk:16156351693149	https://bubbleroom.dk/products/daisy-pendant-earring	bubbleroom.dk/products/daisy-pendant-earring	shopify	shopify_buy30620_crate
69905567	133951532	shopify_bubbleroom_dk	bubbleroom.dk:16156352119133	https://bubbleroom.dk/products/daisy-pendant-earring-1	bubbleroom.dk/products/daisy-pendant-earring-1	shopify	shopify_buy30620_crate
69905569	133951534	shopify_bubbleroom_dk	bubbleroom.dk:16156290285917	https://bubbleroom.dk/products/knot-crystal-ring	bubbleroom.dk/products/knot-crystal-ring	shopify	shopify_buy30620_crate
69905568	133951533	shopify_bubbleroom_dk	bubbleroom.dk:16156290482525	https://bubbleroom.dk/products/knot-crystal-ring-1	bubbleroom.dk/products/knot-crystal-ring-1	shopify	shopify_buy30620_crate
69905571	133951536	shopify_bubbleroom_dk	bubbleroom.dk:16103138066781	https://bubbleroom.dk/products/structure-cap-sleeve-top-brown	bubbleroom.dk/products/structure-cap-sleeve-top-brown	shopify	shopify_buy30620_crate
69905573	133951538	shopify_bubbleroom_dk	bubbleroom.dk:16103138263389	https://bubbleroom.dk/products/structure-cap-sleeve-top-cream	bubbleroom.dk/products/structure-cap-sleeve-top-cream	shopify	shopify_buy30620_crate
69905574	133951539	shopify_bubbleroom_dk	bubbleroom.dk:16103138787677	https://bubbleroom.dk/products/structure-tank-top-peach	bubbleroom.dk/products/structure-tank-top-peach	shopify	shopify_buy30620_crate
69905575	133951540	shopify_bubbleroom_dk	bubbleroom.dk:16103139017053	https://bubbleroom.dk/products/structure-wide-trousers-black	bubbleroom.dk/products/structure-wide-trousers-black	shopify	shopify_buy30620_crate
69905570	133951535	shopify_bubbleroom_dk	bubbleroom.dk:16103137706333	https://bubbleroom.dk/products/strucure-combined-maxi-skirt-brown	bubbleroom.dk/products/strucure-combined-maxi-skirt-brown	shopify	shopify_buy30620_crate
69905572	133951537	shopify_bubbleroom_dk	bubbleroom.dk:16103137870173	https://bubbleroom.dk/products/strucure-combined-maxi-skirt-cream	bubbleroom.dk/products/strucure-combined-maxi-skirt-cream	shopify	shopify_buy30620_crate
497535941	8219972647	shopify_budgetfurnituresd_com	budgetfurnituresd.com:9671385219319	https://budgetfurnituresd.com/products/brettner-accent-chair	budgetfurnituresd.com/products/brettner-accent-chair	shopify	shopify_buy30620_crate
497534883	8219971623	shopify_budgetfurnituresd_com	budgetfurnituresd.com:9894972424439	https://budgetfurnituresd.com/products/broachmyn-dresser-and-mirror	budgetfurnituresd.com/products/broachmyn-dresser-and-mirror	shopify	shopify_buy30620_crate
497535266	8219972212	shopify_budgetfurnituresd_com	budgetfurnituresd.com:9671437746423	https://budgetfurnituresd.com/products/hallow-creek-outdoor-coffee-table	budgetfurnituresd.com/products/hallow-creek-outdoor-coffee-table	shopify	shopify_buy30620_crate
70161062	190382328	shopify_budhshiv_com	budhshiv.com:9582687518949	https://budhshiv.com/products/brass-dancing-ganesha-hawan-spoon-sruva-offering-ladle-for-yagya-pooja-11-inches	budhshiv.com/products/brass-dancing-ganesha-hawan-spoon-sruva-offering-ladle-for-yagya-pooja-11-inches	shopify	shopify_buy30620_crate
70161058	190382323	shopify_budhshiv_com	budhshiv.com:9583143387365	https://budhshiv.com/products/brass-ganesha-sheshanaag-hawan-spoon	budhshiv.com/products/brass-ganesha-sheshanaag-hawan-spoon	shopify	shopify_buy30620_crate
70161060	190382326	shopify_budhshiv_com	budhshiv.com:9583139127525	https://budhshiv.com/products/brass-krishna-design-hawan-spoon-sruva-yagya-offering-ladle-for-pooja-9-5-inches	budhshiv.com/products/brass-krishna-design-hawan-spoon-sruva-yagya-offering-ladle-for-pooja-9-5-inches	shopify	shopify_buy30620_crate
70161059	190382325	shopify_budhshiv_com	budhshiv.com:9583140929765	https://budhshiv.com/products/brass-small-lakshmi-narasimha-swamy-hawan-spoon-sruva-offering-ladle-for-yagya-6-inches	budhshiv.com/products/brass-small-lakshmi-narasimha-swamy-hawan-spoon-sruva-offering-ladle-for-yagya-6-inches	shopify	shopify_buy30620_crate
70161061	190382327	shopify_budhshiv_com	budhshiv.com:9582690271461	https://budhshiv.com/products/brass-traditional-hawan-spoon-22cm	budhshiv.com/products/brass-traditional-hawan-spoon-22cm	shopify	shopify_buy30620_crate
497573379	8220022297	shopify_bugatchi_com	bugatchi.com:15216734437745	https://bugatchi.com/products/axel-gingham-shirt-sand	bugatchi.com/products/axel-gingham-shirt-sand	shopify	shopify_buy30620_crate
497573377	8220022296	shopify_bugatchi_com	bugatchi.com:15216734503281	https://bugatchi.com/products/axel-striped-shirt-sand	bugatchi.com/products/axel-striped-shirt-sand	shopify	shopify_buy30620_crate
497573375	8220022295	shopify_bugatchi_com	bugatchi.com:15216734568817	https://bugatchi.com/products/julian-glen-plaid-shirt-walnut	bugatchi.com/products/julian-glen-plaid-shirt-walnut	shopify	shopify_buy30620_crate
497573381	8220022298	shopify_bugatchi_com	bugatchi.com:15216734241137	https://bugatchi.com/products/julian-plaid-shirt-camel-1	bugatchi.com/products/julian-plaid-shirt-camel-1	shopify	shopify_buy30620_crate
497573383	8220022299	shopify_bugatchi_com	bugatchi.com:15216734208369	https://bugatchi.com/products/karl-plaid-shirt-camel	bugatchi.com/products/karl-plaid-shirt-camel	shopify	shopify_buy30620_crate
497573371	8220022293	shopify_bugatchi_com	bugatchi.com:15228891890033	https://bugatchi.com/products/solid-rib-merino-silk-polo-sweater-black	bugatchi.com/products/solid-rib-merino-silk-polo-sweater-black	shopify	shopify_buy30620_crate
497573370	8220022292	shopify_bugatchi_com	bugatchi.com:15228891955569	https://bugatchi.com/products/solid-rib-merino-silk-polo-sweater-chalk	bugatchi.com/products/solid-rib-merino-silk-polo-sweater-chalk	shopify	shopify_buy30620_crate
497573368	8220022291	shopify_bugatchi_com	bugatchi.com:15228892086641	https://bugatchi.com/products/solid-rib-merino-silk-polo-sweater-navy	bugatchi.com/products/solid-rib-merino-silk-polo-sweater-navy	shopify	shopify_buy30620_crate
497573373	8220022294	shopify_bugatchi_com	bugatchi.com:15216735093105	https://bugatchi.com/products/windowpane-check-two-button-blazer-navy	bugatchi.com/products/windowpane-check-two-button-blazer-navy	shopify	shopify_buy30620_crate
124598831	264192862	shopify_bukkitbow_com	bukkitbow.com:8930095104335	https://bukkitbow.com/products/bukkitbow-multifunctioneel-kledingrek-met-4-zijarmen-en-opbergplanken-kunststof-en-roestvrij-staal-87x44x158cm	bukkitbow.com/products/bukkitbow-multifunctioneel-kledingrek-met-4-zijarmen-en-opbergplanken-kunststof-en-roestvrij-staal-87x44x158cm	shopify	shopify_buy30620_crate
186405503	1109122867	shopify_bulangandsons_co_uk	bulangandsons.co.uk:15355334099268	https://bulangandsons.co.uk/products/rolex-datejust-1600-sigma-linen-dial-w3394	bulangandsons.co.uk/products/rolex-datejust-1600-sigma-linen-dial-w3394	shopify	shopify_buy30620_crate
497862016	614625715	shopify_bulletproofzone_com	bulletproofzone.com:7595450499243	https://bulletproofzone.com/products/my-medic-myfak-pro-waterproof-first-aid-kit	bulletproofzone.com/products/my-medic-myfak-pro-waterproof-first-aid-kit	shopify	shopify_buy30620_crate
497862022	614625721	shopify_bulletproofzone_com	bulletproofzone.com:7588407574699	https://bulletproofzone.com/products/patrol-incident-gear-full-dexterity-tactical-fdt-delta-glove	bulletproofzone.com/products/patrol-incident-gear-full-dexterity-tactical-fdt-delta-glove	shopify	shopify_buy30620_crate
497862021	614625720	shopify_bulletproofzone_com	bulletproofzone.com:7588373790891	https://bulletproofzone.com/products/patrol-incident-gear-full-dexterity-tactical-fdt-echo-womens-utility-glove	bulletproofzone.com/products/patrol-incident-gear-full-dexterity-tactical-fdt-echo-womens-utility-glove	shopify	shopify_buy30620_crate
497862020	614625719	shopify_bulletproofzone_com	bulletproofzone.com:7588415209643	https://bulletproofzone.com/products/patrol-incident-gear-full-dexterity-tactical-fdt-executive-glove	bulletproofzone.com/products/patrol-incident-gear-full-dexterity-tactical-fdt-executive-glove	shopify	shopify_buy30620_crate
497862018	614625717	shopify_bulletproofzone_com	bulletproofzone.com:7589705121963	https://bulletproofzone.com/products/patrol-incident-gear-high-altitude-glove-cold-weather-c-hag	bulletproofzone.com/products/patrol-incident-gear-high-altitude-glove-cold-weather-c-hag	shopify	shopify_buy30620_crate
497862019	614625718	shopify_bulletproofzone_com	bulletproofzone.com:7588420452523	https://bulletproofzone.com/products/patrol-incident-gear-high-altitude-glove-hag	bulletproofzone.com/products/patrol-incident-gear-high-altitude-glove-hag	shopify	shopify_buy30620_crate
497862017	614625716	shopify_bulletproofzone_com	bulletproofzone.com:7588418257067	https://bulletproofzone.com/products/patrol-incident-gear-presscheck-assault-glove	bulletproofzone.com/products/patrol-incident-gear-presscheck-assault-glove	shopify	shopify_buy30620_crate
497861292	614624989	shopify_bulletproofzone_com	bulletproofzone.com:4023290200161	https://bulletproofzone.com/products/resolute-medical-cardiopak-ecg-defibrillator	bulletproofzone.com/products/resolute-medical-cardiopak-ecg-defibrillator	shopify	shopify_buy30620_crate
497871079	614634517	shopify_bulluna_com	bulluna.com:9269084061948	https://bulluna.com/products/star-brite-pro-star-gas-stabilizer-w-corrosion-inhibitors-16-oz-84316	bulluna.com/products/star-brite-pro-star-gas-stabilizer-w-corrosion-inhibitors-16-oz-84316	shopify	shopify_buy30620_crate
497871077	614634515	shopify_bulluna_com	bulluna.com:9269084127484	https://bulluna.com/products/star-brite-pro-star-gas-stabilizer-w-corrosion-inhibitors-1-gallon-84300	bulluna.com/products/star-brite-pro-star-gas-stabilizer-w-corrosion-inhibitors-1-gallon-84300	shopify	shopify_buy30620_crate
497871078	614634516	shopify_bulluna_com	bulluna.com:9269084094716	https://bulluna.com/products/star-brite-pro-star-gas-stabilizer-w-corrosion-inhibitors-32-oz-84332	bulluna.com/products/star-brite-pro-star-gas-stabilizer-w-corrosion-inhibitors-32-oz-84332	shopify	shopify_buy30620_crate
497871080	614634518	shopify_bulluna_com	bulluna.com:9269084029180	https://bulluna.com/products/star-brite-pro-star-gas-stabilizer-w-corrosion-inhibitors-8-oz-84308	bulluna.com/products/star-brite-pro-star-gas-stabilizer-w-corrosion-inhibitors-8-oz-84308	shopify	shopify_buy30620_crate
497871076	614634514	shopify_bulluna_com	bulluna.com:9269084160252	https://bulluna.com/products/star-brite-star-tron-quick-fix-fuel-system-injector-cleaner-4-oz-18604p	bulluna.com/products/star-brite-star-tron-quick-fix-fuel-system-injector-cleaner-4-oz-18604p	shopify	shopify_buy30620_crate
497871081	614634519	shopify_bulluna_com	bulluna.com:9269083996412	https://bulluna.com/products/star-brite-star-tron-stabilizer-fuel-storage-corrosion-protection-16-oz-14816	bulluna.com/products/star-brite-star-tron-stabilizer-fuel-storage-corrosion-protection-16-oz-14816	shopify	shopify_buy30620_crate
70098861	133331028	shopify_bumperonly_com	bumperonly.com:9105666736385	https://bumperonly.com/products/chassis-unlimited-truck-front-bumper-replacement-gmc-sierra-2500-3500-2024-up-cub500690	bumperonly.com/products/chassis-unlimited-truck-front-bumper-replacement-gmc-sierra-2500-3500-2024-up-cub500690	shopify	shopify_buy30620_crate
70098856	133331025	shopify_bumperonly_com	bumperonly.com:9112286855425	https://bumperonly.com/products/dv8-offroad-spec-series-front-bumper-2022-2025-chevy-silverado-1500-fbcs1-08	bumperonly.com/products/dv8-offroad-spec-series-front-bumper-2022-2025-chevy-silverado-1500-fbcs1-08	shopify	shopify_buy30620_crate
70098854	133331024	shopify_bumperonly_com	bumperonly.com:9112292720897	https://bumperonly.com/products/ranch-hand-legend-grille-guard-2024-2026-toyota-tacoma-ggt24mbl1	bumperonly.com/products/ranch-hand-legend-grille-guard-2024-2026-toyota-tacoma-ggt24mbl1	shopify	shopify_buy30620_crate
70098859	133331027	shopify_bumperonly_com	bumperonly.com:9112281514241	https://bumperonly.com/products/road-armor-evolution-front-bumper-reaper-guard-2023-2026-ford-f450-f550-superduty-6234ef7b	bumperonly.com/products/road-armor-evolution-front-bumper-reaper-guard-2023-2026-ford-f450-f550-superduty-6234ef7b	shopify	shopify_buy30620_crate
70098858	133331026	shopify_bumperonly_com	bumperonly.com:9112282726657	https://bumperonly.com/products/road-armor-stealth-front-winch-bumper-2023-2026-ford-f450-f550-superduty-6234f0b	bumperonly.com/products/road-armor-stealth-front-winch-bumper-2023-2026-ford-f450-f550-superduty-6234f0b	shopify	shopify_buy30620_crate
70098853	133331023	shopify_bumperonly_com	bumperonly.com:9112298225921	https://bumperonly.com/products/steelcraft-hd-grille-guard-2020-2026-chevy-silverado-2500hd-3500hd-50-0447c	bumperonly.com/products/steelcraft-hd-grille-guard-2020-2026-chevy-silverado-2500hd-3500hd-50-0447c	shopify	shopify_buy30620_crate
458276766	468184708	shopify_burga_com	burga.com:10479736652112	https://burga.com/products/taverna-xiaomi-14-ultra-case	burga.com/products/taverna-xiaomi-14-ultra-case	shopify	shopify_buy30620_crate
458276768	468184712	shopify_burga_com	burga.com:10479737569616	https://burga.com/products/taverna-xiaomi-redmi-note-10-pro-case	burga.com/products/taverna-xiaomi-redmi-note-10-pro-case	shopify	shopify_buy30620_crate
458276767	468184710	shopify_burga_com	burga.com:10479737602384	https://burga.com/products/taverna-xiaomi-redmi-note-12-pro-5g-case	burga.com/products/taverna-xiaomi-redmi-note-12-pro-5g-case	shopify	shopify_buy30620_crate
458276765	468184705	shopify_burga_com	burga.com:10479737340240	https://burga.com/products/taverna-xiaomi-redmi-note-13-pro-plus-5g-case	burga.com/products/taverna-xiaomi-redmi-note-13-pro-plus-5g-case	shopify	shopify_buy30620_crate
497983735	618142441	shopify_burgerbaeclothing_com	burgerbaeclothing.com:8176625451231	https://burgerbaeclothing.com/products/rebel-utility-heavyweight-cargo-trousers-pants	burgerbaeclothing.com/products/rebel-utility-heavyweight-cargo-trousers-pants	shopify	shopify_buy30620_crate
124971467	244105698	shopify_burkescycles_co_nz	burkescycles.co.nz:7481489489962	https://burkescycles.co.nz/products/brooks-scape-feed-pouch	burkescycles.co.nz/products/brooks-scape-feed-pouch	shopify	shopify_buy30620_crate
124971456	244105683	shopify_burkescycles_co_nz	burkescycles.co.nz:7485418307626	https://burkescycles.co.nz/products/evoc-comet-bite-valve	burkescycles.co.nz/products/evoc-comet-bite-valve	shopify	shopify_buy30620_crate
124971466	244105695	shopify_burkescycles_co_nz	burkescycles.co.nz:7481562857514	https://burkescycles.co.nz/products/jagwire-pro-needle-driver	burkescycles.co.nz/products/jagwire-pro-needle-driver	shopify	shopify_buy30620_crate
124971470	244105709	shopify_burkescycles_co_nz	burkescycles.co.nz:7478293921834	https://burkescycles.co.nz/products/old-man-mountain-elkhorn-rack	burkescycles.co.nz/products/old-man-mountain-elkhorn-rack	shopify	shopify_buy30620_crate
124971469	244105706	shopify_burkescycles_co_nz	burkescycles.co.nz:7478294478890	https://burkescycles.co.nz/products/old-man-mountain-pizza-rack	burkescycles.co.nz/products/old-man-mountain-pizza-rack	shopify	shopify_buy30620_crate
124971453	244105681	shopify_burkescycles_co_nz	burkescycles.co.nz:7486837620778	https://burkescycles.co.nz/products/panaracer-gravelking-sk-plus-650c	burkescycles.co.nz/products/panaracer-gravelking-sk-plus-650c	shopify	shopify_buy30620_crate
124971459	244105684	shopify_burkescycles_co_nz	burkescycles.co.nz:7483499905066	https://burkescycles.co.nz/products/thats-it-anti-chafe-gel	burkescycles.co.nz/products/thats-it-anti-chafe-gel	shopify	shopify_buy30620_crate
124971461	244105687	shopify_burkescycles_co_nz	burkescycles.co.nz:7483498004522	https://burkescycles.co.nz/products/thats-it-chamois-cream	burkescycles.co.nz/products/thats-it-chamois-cream	shopify	shopify_buy30620_crate
124971464	244105688	shopify_burkescycles_co_nz	burkescycles.co.nz:7483494957098	https://burkescycles.co.nz/products/thats-it-manuka-oil-first-aid-gel	burkescycles.co.nz/products/thats-it-manuka-oil-first-aid-gel	shopify	shopify_buy30620_crate
124971465	244105693	shopify_burkescycles_co_nz	burkescycles.co.nz:7483492892714	https://burkescycles.co.nz/products/thats-it-spf30-manuka-oil-lip-balm	burkescycles.co.nz/products/thats-it-spf30-manuka-oil-lip-balm	shopify	shopify_buy30620_crate
498019903	562183219	shopify_bushwear_co_uk	bushwear.co.uk:8297029501128	https://bushwear.co.uk/products/amblers-safety-fs998-waterproof-lace-up-safety-boot-honey	bushwear.co.uk/products/amblers-safety-fs998-waterproof-lace-up-safety-boot-honey	shopify	shopify_buy30620_crate
498020860	562184129	shopify_bushwear_co_uk	bushwear.co.uk:8310696444104	https://bushwear.co.uk/products/caterpillar-inductor-mesh-mid-boot-black	bushwear.co.uk/products/caterpillar-inductor-mesh-mid-boot-black	shopify	shopify_buy30620_crate
498020864	562184133	shopify_bushwear_co_uk	bushwear.co.uk:7339082318024	https://bushwear.co.uk/products/caterpillar-munising-safety-boot-dark-shadow	bushwear.co.uk/products/caterpillar-munising-safety-boot-dark-shadow	shopify	shopify_buy30620_crate
498020057	562183368	shopify_bushwear_co_uk	bushwear.co.uk:8296959836360	https://bushwear.co.uk/products/hi-tec-savanna-ii-sandal-black-charcoal	bushwear.co.uk/products/hi-tec-savanna-ii-sandal-black-charcoal	shopify	shopify_buy30620_crate
498020185	562183496	shopify_bushwear_co_uk	bushwear.co.uk:8084936458440	https://bushwear.co.uk/products/timberland-pro-reaxion-composite-safety-trainer-black-orange-1	bushwear.co.uk/products/timberland-pro-reaxion-composite-safety-trainer-black-orange-1	shopify	shopify_buy30620_crate
113632961	562224411	shopify_buybakson_com	buybakson.com:8971563663601	https://buybakson.com/products/fagopyrum-esculentum-200	buybakson.com/products/fagopyrum-esculentum-200	shopify	shopify_buy30620_crate
113632960	562224410	shopify_buybakson_com	buybakson.com:8971563860209	https://buybakson.com/products/fagopyrum-esculentum-30	buybakson.com/products/fagopyrum-esculentum-30	shopify	shopify_buy30620_crate
113632959	562224409	shopify_buybakson_com	buybakson.com:8971563991281	https://buybakson.com/products/fagopyrum-esculentum-3x	buybakson.com/products/fagopyrum-esculentum-3x	shopify	shopify_buy30620_crate
113632958	562224407	shopify_buybakson_com	buybakson.com:8971564286193	https://buybakson.com/products/fagopyrum-esculentum-6	buybakson.com/products/fagopyrum-esculentum-6	shopify	shopify_buy30620_crate
113632957	562224406	shopify_buybakson_com	buybakson.com:8971564515569	https://buybakson.com/products/fagopyrum-esculentum-6x	buybakson.com/products/fagopyrum-esculentum-6x	shopify	shopify_buy30620_crate
113632956	562224404	shopify_buybakson_com	buybakson.com:8971564744945	https://buybakson.com/products/fel-tauri-10m	buybakson.com/products/fel-tauri-10m	shopify	shopify_buy30620_crate
113632955	562224403	shopify_buybakson_com	buybakson.com:8971564908785	https://buybakson.com/products/fel-tauri-1m	buybakson.com/products/fel-tauri-1m	shopify	shopify_buy30620_crate
113632954	562224401	shopify_buybakson_com	buybakson.com:8971565072625	https://buybakson.com/products/ferrum-picricum-10m	buybakson.com/products/ferrum-picricum-10m	shopify	shopify_buy30620_crate
113632953	562224400	shopify_buybakson_com	buybakson.com:8971565236465	https://buybakson.com/products/ferrum-picricum-50m	buybakson.com/products/ferrum-picricum-50m	shopify	shopify_buy30620_crate
498225115	966241954	shopify_bydeeaus_com	bydeeaus.com:7569581965394	https://bydeeaus.com/products/barcelona-top-in-mirae	bydeeaus.com/products/barcelona-top-in-mirae	shopify	shopify_buy30620_crate
498225116	966241955	shopify_bydeeaus_com	bydeeaus.com:7569581998162	https://bydeeaus.com/products/elara-swim-short-in-mirae	bydeeaus.com/products/elara-swim-short-in-mirae	shopify	shopify_buy30620_crate
498262538	1052224566	shopify_c2cfabrication_com	c2cfabrication.com:9479969341669	https://c2cfabrication.com/products/1955-1956-chevy-150-series-emergency-parking-brake-warning-light	c2cfabrication.com/products/1955-1956-chevy-150-series-emergency-parking-brake-warning-light	shopify	shopify_buy30620_crate
498262533	1052224565	shopify_c2cfabrication_com	c2cfabrication.com:9479969997029	https://c2cfabrication.com/products/1955-1956-chevy-210-series-emergency-parking-brake-warning-light	c2cfabrication.com/products/1955-1956-chevy-210-series-emergency-parking-brake-warning-light	shopify	shopify_buy30620_crate
498262529	1052224563	shopify_c2cfabrication_com	c2cfabrication.com:9479972520165	https://c2cfabrication.com/products/1955-1957-chevy-150-series-headlight-spring-tool	c2cfabrication.com/products/1955-1957-chevy-150-series-headlight-spring-tool	shopify	shopify_buy30620_crate
498262527	1052224562	shopify_c2cfabrication_com	c2cfabrication.com:9479973404901	https://c2cfabrication.com/products/1955-1957-chevy-210-series-headlight-spring-tool	c2cfabrication.com/products/1955-1957-chevy-210-series-headlight-spring-tool	shopify	shopify_buy30620_crate
498262521	1052224560	shopify_c2cfabrication_com	c2cfabrication.com:9479975600357	https://c2cfabrication.com/products/1955-1960-cadillac-eldorado-headlight-spring-tool	c2cfabrication.com/products/1955-1960-cadillac-eldorado-headlight-spring-tool	shopify	shopify_buy30620_crate
498262524	1052224561	shopify_c2cfabrication_com	c2cfabrication.com:9479974650085	https://c2cfabrication.com/products/1955-1960-cadillac-series-62-headlight-spring-tool	c2cfabrication.com/products/1955-1960-cadillac-series-62-headlight-spring-tool	shopify	shopify_buy30620_crate
498262531	1052224564	shopify_c2cfabrication_com	c2cfabrication.com:9479970947301	https://c2cfabrication.com/products/1955-1960-chevy-bel-air-headlight-spring-tool	c2cfabrication.com/products/1955-1960-chevy-bel-air-headlight-spring-tool	shopify	shopify_buy30620_crate
317862407	370149631	shopify_c482b0_69_myshopify_com	c482b0-69.myshopify.com:8554674618558	https://c482b0-69.myshopify.com/products/1940s-black-and-white-open-toe-buckle-detail-platform-pumps-high-heels-by-beleganti	c482b0-69.myshopify.com/products/1940s-black-and-white-open-toe-buckle-detail-platform-pumps-high-heels-by-beleganti	shopify	shopify_buy30620_crate
317862393	370149628	shopify_c482b0_69_myshopify_com	c482b0-69.myshopify.com:8556330221758	https://c482b0-69.myshopify.com/products/1940s-black-open-toe-slingback-high-heel-pumps-shoes-by-i-miller	c482b0-69.myshopify.com/products/1940s-black-open-toe-slingback-high-heel-pumps-shoes-by-i-miller	shopify	shopify_buy30620_crate
317862397	370149629	shopify_c482b0_69_myshopify_com	c482b0-69.myshopify.com:8555142873278	https://c482b0-69.myshopify.com/products/antique-1900s-1910s-edwardian-cream-white-pointed-toe-wedding-high-heel-pumps-shoes	c482b0-69.myshopify.com/products/antique-1900s-1910s-edwardian-cream-white-pointed-toe-wedding-high-heel-pumps-shoes	shopify	shopify_buy30620_crate
317862401	370149630	shopify_c482b0_69_myshopify_com	c482b0-69.myshopify.com:8554675273918	https://c482b0-69.myshopify.com/products/antique-late-1800s-early-1900s-victorian-edwardian-cream-satin-faux-pearl-beaded-pump-high-heel-shoes	c482b0-69.myshopify.com/products/antique-late-1800s-early-1900s-victorian-edwardian-cream-satin-faux-pearl-beaded-pump-high-heel-shoes	shopify	shopify_buy30620_crate
254401071	266498798	shopify_c585f8_3c_myshopify_com	c585f8-3c.myshopify.com:10416247013703	https://c585f8-3c.myshopify.com/products/double-hoekinstap-cabine-met-2-draaideuren-900-x-900-x-2000-x-8-mm-nano-helder-glas-chroom-20-3846	c585f8-3c.myshopify.com/products/double-hoekinstap-cabine-met-2-draaideuren-900-x-900-x-2000-x-8-mm-nano-helder-glas-chroom-20-3846	shopify	shopify_buy30620_crate
254402120	266500909	shopify_c5b5ce_2_myshopify_com	c5b5ce-2.myshopify.com:10108783493458	https://c5b5ce-2.myshopify.com/products/pendientes-riley	c5b5ce-2.myshopify.com/products/pendientes-riley	shopify	shopify_buy30620_crate
254408652	836454661	shopify_ca407c_3a_myshopify_com	ca407c-3a.myshopify.com:8837715788118	https://ca407c-3a.myshopify.com/products/chris-forsey-into-the-highlands-loch-carron	ca407c-3a.myshopify.com/products/chris-forsey-into-the-highlands-loch-carron	shopify	shopify_buy30620_crate
69258970	220438986	shopify_cafeducycliste_com	cafeducycliste.com:7429709135950	https://cafeducycliste.com/products/cycling-bidon-500ml-flyingfish-orange	cafeducycliste.com/products/cycling-bidon-500ml-flyingfish-orange	shopify	shopify_buy30620_crate
69259009	220438992	shopify_cafeducycliste_com	cafeducycliste.com:7429709037646	https://cafeducycliste.com/products/cycling-bidon-500ml-flyingfish-white	cafeducycliste.com/products/cycling-bidon-500ml-flyingfish-white	shopify	shopify_buy30620_crate
68198640	220437857	shopify_cafeducycliste_com	cafeducycliste.com:15359576736119	https://cafeducycliste.com/products/men-cycling-bibshort-freida-brown	cafeducycliste.com/products/men-cycling-bibshort-freida-brown	shopify	shopify_buy30620_crate
69258979	220438987	shopify_cafeducycliste_com	cafeducycliste.com:7428641062990	https://cafeducycliste.com/products/men-cycling-jacket-suzette-amethyst	cafeducycliste.com/products/men-cycling-jacket-suzette-amethyst	shopify	shopify_buy30620_crate
69258797	220438983	shopify_cafeducycliste_com	cafeducycliste.com:7428641652814	https://cafeducycliste.com/products/men-cycling-jacket-suzette-scotspine	cafeducycliste.com/products/men-cycling-jacket-suzette-scotspine	shopify	shopify_buy30620_crate
69259049	220439011	shopify_cafeducycliste_com	cafeducycliste.com:7428637032526	https://cafeducycliste.com/products/men-explore-pants-heloise-chalk	cafeducycliste.com/products/men-explore-pants-heloise-chalk	shopify	shopify_buy30620_crate
69259012	220438993	shopify_cafeducycliste_com	cafeducycliste.com:7428600332366	https://cafeducycliste.com/products/unisex-armwarmer-teodora-black	cafeducycliste.com/products/unisex-armwarmer-teodora-black	shopify	shopify_buy30620_crate
69259042	220438994	shopify_cafeducycliste_com	cafeducycliste.com:7428597579854	https://cafeducycliste.com/products/unisex-armwarmer-teodora-navy	cafeducycliste.com/products/unisex-armwarmer-teodora-navy	shopify	shopify_buy30620_crate
69258849	220438985	shopify_cafeducycliste_com	cafeducycliste.com:7428637786190	https://cafeducycliste.com/products/unisex-cycling-jacket-alizee-amethyst	cafeducycliste.com/products/unisex-cycling-jacket-alizee-amethyst	shopify	shopify_buy30620_crate
69259007	220438991	shopify_cafeducycliste_com	cafeducycliste.com:7428599840846	https://cafeducycliste.com/products/unisex-legwarmer-carissa-black	cafeducycliste.com/products/unisex-legwarmer-carissa-black	shopify	shopify_buy30620_crate
69259006	220438988	shopify_cafeducycliste_com	cafeducycliste.com:7428600070222	https://cafeducycliste.com/products/unisex-legwarmer-carissa-navy	cafeducycliste.com/products/unisex-legwarmer-carissa-navy	shopify	shopify_buy30620_crate
112886326	159834212	shopify_calicocorners_com	calicocorners.com:13720406229295	https://calicocorners.com/products/nt6206n-candice-olson-natural-discovery-wallpaper-quiet-vista	calicocorners.com/products/nt6206n-candice-olson-natural-discovery-wallpaper-quiet-vista	shopify	shopify_buy30620_crate
112886325	159834211	shopify_calicocorners_com	calicocorners.com:13720406786351	https://calicocorners.com/products/nt6207n-candice-olson-natural-discovery-wallpaper-quiet-vista	calicocorners.com/products/nt6207n-candice-olson-natural-discovery-wallpaper-quiet-vista	shopify	shopify_buy30620_crate
112886315	159834210	shopify_calicocorners_com	calicocorners.com:13720408490287	https://calicocorners.com/products/nt6208n-candice-olson-natural-discovery-wallpaper-quiet-vista	calicocorners.com/products/nt6208n-candice-olson-natural-discovery-wallpaper-quiet-vista	shopify	shopify_buy30620_crate
112887123	159834209	shopify_calicocorners_com	calicocorners.com:13720409243951	https://calicocorners.com/products/nt6209n-candice-olson-natural-discovery-wallpaper-quiet-vista	calicocorners.com/products/nt6209n-candice-olson-natural-discovery-wallpaper-quiet-vista	shopify	shopify_buy30620_crate
112887122	159834208	shopify_calicocorners_com	calicocorners.com:13720409899311	https://calicocorners.com/products/nz0791-blooms-second-edition-wallpaper-maguey-sisal	calicocorners.com/products/nz0791-blooms-second-edition-wallpaper-maguey-sisal	shopify	shopify_buy30620_crate
112887121	159834207	shopify_calicocorners_com	calicocorners.com:13720410784047	https://calicocorners.com/products/og0525gv-grasscloth-and-natural-resource-tatami-weave	calicocorners.com/products/og0525gv-grasscloth-and-natural-resource-tatami-weave	shopify	shopify_buy30620_crate
498397013	887986287	shopify_camillasbridal_com	camillasbridal.com:10266327253339	https://camillasbridal.com/products/wedding-hair-accessories-porcelain-flower-headband-hairband-vintage-gold-color-headpiece-brides-pearl-headwear-bridal-jewelry	camillasbridal.com/products/wedding-hair-accessories-porcelain-flower-headband-hairband-vintage-gold-color-headpiece-brides-pearl-headwear-bridal-jewelry	shopify	shopify_buy30620_crate
498437454	888073615	shopify_canadabreakers_ca	canadabreakers.ca:7641585385581	https://canadabreakers.ca/products/hubbell-15-amp-plug-hbl8215c	canadabreakers.ca/products/hubbell-15-amp-plug-hbl8215c	shopify	shopify_buy30620_crate
498437458	888073617	shopify_canadabreakers_ca	canadabreakers.ca:7641585320045	https://canadabreakers.ca/products/hubbell-15-amp-receptacle-hbl8200w	canadabreakers.ca/products/hubbell-15-amp-receptacle-hbl8200w	shopify	shopify_buy30620_crate
498437446	888073611	shopify_canadabreakers_ca	canadabreakers.ca:7641585582189	https://canadabreakers.ca/products/hubbell-20-amp-receptacle-hbl8300i	canadabreakers.ca/products/hubbell-20-amp-receptacle-hbl8300i	shopify	shopify_buy30620_crate
498437466	888073624	shopify_canadabreakers_ca	canadabreakers.ca:7641584959597	https://canadabreakers.ca/products/hubbell-30-amp-back-side-wire-hbl7810	canadabreakers.ca/products/hubbell-30-amp-back-side-wire-hbl7810	shopify	shopify_buy30620_crate
498437472	888073630	shopify_canadabreakers_ca	canadabreakers.ca:7641584500845	https://canadabreakers.ca/products/hubbell-50-amp-connector-body-hbl7764c	canadabreakers.ca/products/hubbell-50-amp-connector-body-hbl7764c	shopify	shopify_buy30620_crate
498437464	888073622	shopify_canadabreakers_ca	canadabreakers.ca:7641585057901	https://canadabreakers.ca/products/hubbell-50-amp-plug-hbl7977	canadabreakers.ca/products/hubbell-50-amp-plug-hbl7977	shopify	shopify_buy30620_crate
498437471	888073629	shopify_canadabreakers_ca	canadabreakers.ca:7641584566381	https://canadabreakers.ca/products/hubbell-50-amp-plugs-hbl7765c	canadabreakers.ca/products/hubbell-50-amp-plugs-hbl7765c	shopify	shopify_buy30620_crate
498437469	888073627	shopify_canadabreakers_ca	canadabreakers.ca:7641584697453	https://canadabreakers.ca/products/hubbell-covers-hbl7774wo	canadabreakers.ca/products/hubbell-covers-hbl7774wo	shopify	shopify_buy30620_crate
498437468	888073626	shopify_canadabreakers_ca	canadabreakers.ca:7641584730221	https://canadabreakers.ca/products/hubbell-covers-hbl7777a	canadabreakers.ca/products/hubbell-covers-hbl7777a	shopify	shopify_buy30620_crate
498437467	888073625	shopify_canadabreakers_ca	canadabreakers.ca:7641584762989	https://canadabreakers.ca/products/hubbell-covers-hbl77cm74wo	canadabreakers.ca/products/hubbell-covers-hbl77cm74wo	shopify	shopify_buy30620_crate
498441676	888078840	shopify_canadaweldingsupply_ca	canadaweldingsupply.ca:8510440800429	https://canadaweldingsupply.ca/products/fronius-mtw-500s-15-ft-4-5m-mig-torch	canadaweldingsupply.ca/products/fronius-mtw-500s-15-ft-4-5m-mig-torch	shopify	shopify_buy30620_crate
498441671	888078839	shopify_canadaweldingsupply_ca	canadaweldingsupply.ca:8510446108845	https://canadaweldingsupply.ca/products/lincoln-electric-9ss18453-19-hose-assembly	canadaweldingsupply.ca/products/lincoln-electric-9ss18453-19-hose-assembly	shopify	shopify_buy30620_crate
70589756	888090749	shopify_canariamshop_com	canariamshop.com:10096841785660	https://canariamshop.com/products/freeride-urban-downhill-bullet-3xone-360-14-1-black-sonic-2x100mm-2x125mm	canariamshop.com/products/freeride-urban-downhill-bullet-3xone-360-14-1-black-sonic-2x100mm-2x125mm	shopify	shopify_buy30620_crate
70589755	888090748	shopify_canariamshop_com	canariamshop.com:10096842408252	https://canariamshop.com/products/freeride-urban-downhill-pro-drift-14-3-road-one-5x90mm	canariamshop.com/products/freeride-urban-downhill-pro-drift-14-3-road-one-5x90mm	shopify	shopify_buy30620_crate
70589753	888090746	shopify_canariamshop_com	canariamshop.com:10096842703164	https://canariamshop.com/products/freeride-urban-gp2-13-2-road-one-4x110mm	canariamshop.com/products/freeride-urban-gp2-13-2-road-one-4x110mm	shopify	shopify_buy30620_crate
70589757	888090750	shopify_canariamshop_com	canariamshop.com:10096841654588	https://canariamshop.com/products/freeride-urban-raptor-3max-10-0-road-one-3x110mm	canariamshop.com/products/freeride-urban-raptor-3max-10-0-road-one-3x110mm	shopify	shopify_buy30620_crate
70589754	888090747	shopify_canariamshop_com	canariamshop.com:10096842604860	https://canariamshop.com/products/freeride-urban-superlight-13-2-road-one-4x110mm	canariamshop.com/products/freeride-urban-superlight-13-2-road-one-4x110mm	shopify	shopify_buy30620_crate
70589758	888090751	shopify_canariamshop_com	canariamshop.com:10096841359676	https://canariamshop.com/products/freeride-urban-zx-11-5-road-one-4x90mm	canariamshop.com/products/freeride-urban-zx-11-5-road-one-4x90mm	shopify	shopify_buy30620_crate
70589750	888090743	shopify_canariamshop_com	canariamshop.com:10098774507836	https://canariamshop.com/products/murcielago-superlight-11-25-road-one-4x84mm	canariamshop.com/products/murcielago-superlight-11-25-road-one-4x84mm	shopify	shopify_buy30620_crate
70589752	888090745	shopify_canariamshop_com	canariamshop.com:10098762547516	https://canariamshop.com/products/murcielago-ultralight-10-25-road-one-4x84mm	canariamshop.com/products/murcielago-ultralight-10-25-road-one-4x84mm	shopify	shopify_buy30620_crate
70589751	888090744	shopify_canariamshop_com	canariamshop.com:10098773066044	https://canariamshop.com/products/murcielago-ultraligth-12-road-one-4x90mm	canariamshop.com/products/murcielago-ultraligth-12-road-one-4x90mm	shopify	shopify_buy30620_crate
128141357	888099235	shopify_candledelirium_com	candledelirium.com:9869957562685	https://candledelirium.com/products/nest-amber-incense-3-wick-candle	candledelirium.com/products/nest-amber-incense-3-wick-candle	shopify	shopify_buy30620_crate
128141363	888099236	shopify_candledelirium_com	candledelirium.com:9869957202237	https://candledelirium.com/products/nest-amber-incense-candle	candledelirium.com/products/nest-amber-incense-candle	shopify	shopify_buy30620_crate
128141407	888099245	shopify_candledelirium_com	candledelirium.com:9869952614717	https://candledelirium.com/products/thymes-highland-frost-large-candle	candledelirium.com/products/thymes-highland-frost-large-candle	shopify	shopify_buy30620_crate
128141409	888099246	shopify_candledelirium_com	candledelirium.com:9869952385341	https://candledelirium.com/products/thymes-highland-frost-votive-candle	candledelirium.com/products/thymes-highland-frost-votive-candle	shopify	shopify_buy30620_crate
128141405	888099244	shopify_candledelirium_com	candledelirium.com:9869952844093	https://candledelirium.com/products/thymes-pumpkin-laurel-universal-tin-candle	candledelirium.com/products/thymes-pumpkin-laurel-universal-tin-candle	shopify	shopify_buy30620_crate
128141391	888099239	shopify_candledelirium_com	candledelirium.com:9869954351421	https://candledelirium.com/products/urban-apothecary-cosmic-wanderlust-candle	candledelirium.com/products/urban-apothecary-cosmic-wanderlust-candle	shopify	shopify_buy30620_crate
128141387	888099238	shopify_candledelirium_com	candledelirium.com:9869954580797	https://candledelirium.com/products/urban-apothecary-cosmic-wanderlust-diffuser	candledelirium.com/products/urban-apothecary-cosmic-wanderlust-diffuser	shopify	shopify_buy30620_crate
128141395	888099240	shopify_candledelirium_com	candledelirium.com:9869954089277	https://candledelirium.com/products/urban-apothecary-super-natural-diffuser	candledelirium.com/products/urban-apothecary-super-natural-diffuser	shopify	shopify_buy30620_crate
128141403	888099243	shopify_candledelirium_com	candledelirium.com:9869953270077	https://candledelirium.com/products/votivo-wilde-small-jar-candle	candledelirium.com/products/votivo-wilde-small-jar-candle	shopify	shopify_buy30620_crate
498493788	888106096	shopify_candymix_fr	candymix.fr:10480582951258	https://candymix.fr/products/cane-spray	candymix.fr/products/cane-spray	shopify	shopify_buy30620_crate
498493790	888106097	shopify_candymix_fr	candymix.fr:10480571875674	https://candymix.fr/products/christmas-cane	candymix.fr/products/christmas-cane	shopify	shopify_buy30620_crate
498494709	1052716973	shopify_candymix_fr	candymix.fr:10170256818522	https://candymix.fr/products/cola-gubbar-grahns-bonbons-suedois-100g	candymix.fr/products/cola-gubbar-grahns-bonbons-suedois-100g	shopify	shopify_buy30620_crate
498493792	888106098	shopify_candymix_fr	candymix.fr:10480567124314	https://candymix.fr/products/santa-dip-lick	candymix.fr/products/santa-dip-lick	shopify	shopify_buy30620_crate
498493786	888106095	shopify_candymix_fr	candymix.fr:10480585277786	https://candymix.fr/products/santa-gum-avec-stickers	candymix.fr/products/santa-gum-avec-stickers	shopify	shopify_buy30620_crate
498493793	888106099	shopify_candymix_fr	candymix.fr:10480560800090	https://candymix.fr/products/santas-carriage	candymix.fr/products/santas-carriage	shopify	shopify_buy30620_crate
498497253	888108671	shopify_candystore_com	candystore.com:8332011995323	https://candystore.com/products/lucas-lenwas-watermelon-sandia	candystore.com/products/lucas-lenwas-watermelon-sandia	shopify	shopify_buy30620_crate
68153156	147030385	shopify_canellalane_ie	canellalane.ie:10059956486472	https://canellalane.ie/products/daire-pleated-midi-dress-polka-coco	canellalane.ie/products/daire-pleated-midi-dress-polka-coco	shopify	shopify_buy30620_crate
69201195	159560073	shopify_canellalane_ie	canellalane.ie:9933880820040	https://canellalane.ie/products/jessica-gold-clasp-detailed-midi-dress-yellow	canellalane.ie/products/jessica-gold-clasp-detailed-midi-dress-yellow	shopify	shopify_buy30620_crate
254449378	840244518	shopify_cannings_com_au_myshopify_com	cannings-com-au.myshopify.com:5832936685735	https://cannings-com-au.myshopify.com/products/silky-sugoi-curved-large-tooth-saw-blade-only	cannings-com-au.myshopify.com/products/silky-sugoi-curved-large-tooth-saw-blade-only	shopify	shopify_buy30620_crate
498531525	888126726	shopify_cantia_com_mx	cantia.com.mx:9266321260793	https://cantia.com.mx/products/funda-cojin-magnolia-rectangular-t9320	cantia.com.mx/products/funda-cojin-magnolia-rectangular-t9320	shopify	shopify_buy30620_crate
124993749	888129149	shopify_canvape_com	canvape.com:8313587990707	https://canvape.com/products/gonesh-incense-no-8-spring-mist	canvape.com/products/gonesh-incense-no-8-spring-mist	shopify	shopify_buy30620_crate
498576497	888169879	shopify_capelrugs_com	capelrugs.com:5698808971419	https://capelrugs.com/products/puhalo-stripe-leo-sun	capelrugs.com/products/puhalo-stripe-leo-sun	shopify	shopify_buy30620_crate
498588010	888177741	shopify_capitalmovil_com_mx	capitalmovil.com.mx:7376672555083	https://capitalmovil.com.mx/products/tasaa71v	capitalmovil.com.mx/products/tasaa71v	shopify	shopify_buy30620_crate
498591230	791609843	shopify_capoint_in	capoint.in:10129754030379	https://capoint.in/products/ca-inter-idt-concept-book-by-ca-vishal-bhattad	capoint.in/products/ca-inter-idt-concept-book-by-ca-vishal-bhattad	shopify	shopify_buy30620_crate
75070127	730131344	shopify_carbatec_com_au	carbatec.com.au:9011971883283	https://carbatec.com.au/products/hook-loop-starter-disc-9	carbatec.com.au/products/hook-loop-starter-disc-9	shopify	shopify_buy30620_crate
75070119	730131340	shopify_carbatec_com_au	carbatec.com.au:9011972014355	https://carbatec.com.au/products/skilton-abrasive-50mm-120grit	carbatec.com.au/products/skilton-abrasive-50mm-120grit	shopify	shopify_buy30620_crate
75070112	730131337	shopify_carbatec_com_au	carbatec.com.au:9011972145427	https://carbatec.com.au/products/skilton-abrasive-50mm-320grit	carbatec.com.au/products/skilton-abrasive-50mm-320grit	shopify	shopify_buy30620_crate
75070111	730131336	shopify_carbatec_com_au	carbatec.com.au:9011972178195	https://carbatec.com.au/products/skilton-abrasive-50mm-500-grit	carbatec.com.au/products/skilton-abrasive-50mm-500-grit	shopify	shopify_buy30620_crate
75070109	730131335	shopify_carbatec_com_au	carbatec.com.au:9011972243731	https://carbatec.com.au/products/skilton-abrasive-50mm-60-grit	carbatec.com.au/products/skilton-abrasive-50mm-60-grit	shopify	shopify_buy30620_crate
75070126	730131343	shopify_carbatec_com_au	carbatec.com.au:9011971916051	https://carbatec.com.au/products/starter-disc-kit-9-inch-includes-120-grit	carbatec.com.au/products/starter-disc-kit-9-inch-includes-120-grit	shopify	shopify_buy30620_crate
75070121	730131341	shopify_carbatec_com_au	carbatec.com.au:9011971981587	https://carbatec.com.au/products/surface-lube-and-protection-new-350ml-secure-tin	carbatec.com.au/products/surface-lube-and-protection-new-350ml-secure-tin	shopify	shopify_buy30620_crate
75070123	730131342	shopify_carbatec_com_au	carbatec.com.au:9011971948819	https://carbatec.com.au/products/surface-protection-1000	carbatec.com.au/products/surface-protection-1000	shopify	shopify_buy30620_crate
113653203	730139650	shopify_carbonestore_cr	carbonestore.cr:6583227547843	https://carbonestore.cr/products/mounting-suction-tool-90-joint-cast-al	carbonestore.cr/products/mounting-suction-tool-90-joint-cast-al	shopify	shopify_buy30620_crate
254497236	1163263341	shopify_cardinal_newman_aus_myshopify_com	cardinal-newman-aus.myshopify.com:7240446312546	https://cardinal-newman-aus.myshopify.com/products/macniven-johnston-devotion-to-st-jude	cardinal-newman-aus.myshopify.com/products/macniven-johnston-devotion-to-st-jude	shopify	shopify_buy30620_crate
254501365	1163264638	shopify_cards_by_janet_karp_myshopify_com	cards-by-janet-karp.myshopify.com:6536352727115	https://cards-by-janet-karp.myshopify.com/products/best-mum-ever-card	cards-by-janet-karp.myshopify.com/products/best-mum-ever-card	shopify	shopify_buy30620_crate
254501303	1163264637	shopify_cards_by_janet_karp_myshopify_com	cards-by-janet-karp.myshopify.com:6536353022027	https://cards-by-janet-karp.myshopify.com/products/bright-birthday-card	cards-by-janet-karp.myshopify.com/products/bright-birthday-card	shopify	shopify_buy30620_crate
254502092	1163264640	shopify_cards_by_janet_karp_myshopify_com	cards-by-janet-karp.myshopify.com:4718253899851	https://cards-by-janet-karp.myshopify.com/products/bright-rainbow-card	cards-by-janet-karp.myshopify.com/products/bright-rainbow-card	shopify	shopify_buy30620_crate
254502091	1163264639	shopify_cards_by_janet_karp_myshopify_com	cards-by-janet-karp.myshopify.com:4718254456907	https://cards-by-janet-karp.myshopify.com/products/douglas-2-card	cards-by-janet-karp.myshopify.com/products/douglas-2-card	shopify	shopify_buy30620_crate
254501298	1163264636	shopify_cards_by_janet_karp_myshopify_com	cards-by-janet-karp.myshopify.com:6536353284171	https://cards-by-janet-karp.myshopify.com/products/easter-bunnies-card	cards-by-janet-karp.myshopify.com/products/easter-bunnies-card	shopify	shopify_buy30620_crate
254502094	1163264641	shopify_cards_by_janet_karp_myshopify_com	cards-by-janet-karp.myshopify.com:4718252752971	https://cards-by-janet-karp.myshopify.com/products/hugs-and-kisses-card	cards-by-janet-karp.myshopify.com/products/hugs-and-kisses-card	shopify	shopify_buy30620_crate
254501281	1163264633	shopify_cards_by_janet_karp_myshopify_com	cards-by-janet-karp.myshopify.com:6536354037835	https://cards-by-janet-karp.myshopify.com/products/ice-cream-truck-card	cards-by-janet-karp.myshopify.com/products/ice-cream-truck-card	shopify	shopify_buy30620_crate
254501277	1163264632	shopify_cards_by_janet_karp_myshopify_com	cards-by-janet-karp.myshopify.com:6536354398283	https://cards-by-janet-karp.myshopify.com/products/santorini-card	cards-by-janet-karp.myshopify.com/products/santorini-card	shopify	shopify_buy30620_crate
254501294	1163264635	shopify_cards_by_janet_karp_myshopify_com	cards-by-janet-karp.myshopify.com:6536353546315	https://cards-by-janet-karp.myshopify.com/products/sending-hugs-card	cards-by-janet-karp.myshopify.com/products/sending-hugs-card	shopify	shopify_buy30620_crate
254501272	1163264631	shopify_cards_by_janet_karp_myshopify_com	cards-by-janet-karp.myshopify.com:6536354562123	https://cards-by-janet-karp.myshopify.com/products/super-mom-card	cards-by-janet-karp.myshopify.com/products/super-mom-card	shopify	shopify_buy30620_crate
254501283	1163264634	shopify_cards_by_janet_karp_myshopify_com	cards-by-janet-karp.myshopify.com:6536353611851	https://cards-by-janet-karp.myshopify.com/products/tiered-birthday-card	cards-by-janet-karp.myshopify.com/products/tiered-birthday-card	shopify	shopify_buy30620_crate
189987526	846756312	shopify_carina_eg	carina.eg:7640623186160	https://carina.eg/products/girly-legging-n	carina.eg/products/girly-legging-n	shopify	shopify_buy30620_crate
113657187	153059320	shopify_carmelfloor_co_il	carmelfloor.co.il:9621283537143	https://carmelfloor.co.il/products/303822-1	carmelfloor.co.il/products/303822-1	shopify	shopify_buy30620_crate
113657194	153059321	shopify_carmelfloor_co_il	carmelfloor.co.il:9621283864823	https://carmelfloor.co.il/products/303824	carmelfloor.co.il/products/303824	shopify	shopify_buy30620_crate
113657198	153059323	shopify_carmelfloor_co_il	carmelfloor.co.il:9621285306615	https://carmelfloor.co.il/products/315378	carmelfloor.co.il/products/315378	shopify	shopify_buy30620_crate
113657185	153059319	shopify_carmelfloor_co_il	carmelfloor.co.il:9621277638903	https://carmelfloor.co.il/products/325478	carmelfloor.co.il/products/325478	shopify	shopify_buy30620_crate
113657197	153059322	shopify_carmelfloor_co_il	carmelfloor.co.il:9621285798135	https://carmelfloor.co.il/products/329783	carmelfloor.co.il/products/329783	shopify	shopify_buy30620_crate
113657205	153059324	shopify_carmelfloor_co_il	carmelfloor.co.il:9621289468151	https://carmelfloor.co.il/products/329914-1	carmelfloor.co.il/products/329914-1	shopify	shopify_buy30620_crate
113657210	153059325	shopify_carmelfloor_co_il	carmelfloor.co.il:9621290877175	https://carmelfloor.co.il/products/333125	carmelfloor.co.il/products/333125	shopify	shopify_buy30620_crate
113657224	153059327	shopify_carmelfloor_co_il	carmelfloor.co.il:9621291892983	https://carmelfloor.co.il/products/333129	carmelfloor.co.il/products/333129	shopify	shopify_buy30620_crate
113657214	153059326	shopify_carmelfloor_co_il	carmelfloor.co.il:9621292122359	https://carmelfloor.co.il/products/333130	carmelfloor.co.il/products/333130	shopify	shopify_buy30620_crate
72085692	163343714	shopify_casbasics_com	casbasics.com:9264668705017	https://casbasics.com/products/c-1967-black-beaded-abaya-fukro	casbasics.com/products/c-1967-black-beaded-abaya-fukro	shopify	shopify_buy30620_crate
499932576	744460435	cashymart	cashymart.com:9844752613654	https://cashymart.com/products/bubble-machine-kids-2024-light-handheld-gun	cashymart.com/products/bubble-machine-kids-2024-light-handheld-gun	shopify	shopify_buy30620_crate
499932571	744460430	cashymart	cashymart.com:9844752777494	https://cashymart.com/products/cartoon-little-sheep-handheld-bubble-machine-with-music	cashymart.com/products/cartoon-little-sheep-handheld-bubble-machine-with-music	shopify	shopify_buy30620_crate
499932572	744460431	cashymart	cashymart.com:9844752744726	https://cashymart.com/products/cute-fish-soap-water-bubble-blower-machine-toy-for-kids	cashymart.com/products/cute-fish-soap-water-bubble-blower-machine-toy-for-kids	shopify	shopify_buy30620_crate
499932577	744460436	cashymart	cashymart.com:9844752580886	https://cashymart.com/products/new-children-with-lights-cute-mermaid-princess-bubble-wand	cashymart.com/products/new-children-with-lights-cute-mermaid-princess-bubble-wand	shopify	shopify_buy30620_crate
499932570	744460429	cashymart	cashymart.com:9844752810262	https://cashymart.com/products/novelty-fun-soft-plastic-slime-bubble-magic-props	cashymart.com/products/novelty-fun-soft-plastic-slime-bubble-magic-props	shopify	shopify_buy30620_crate
499932574	744460433	cashymart	cashymart.com:9844752679190	https://cashymart.com/products/safe-magic-bubble-glue-balloons-fun-colorful-bobble-toys	cashymart.com/products/safe-magic-bubble-glue-balloons-fun-colorful-bobble-toys	shopify	shopify_buy30620_crate
499932573	744460432	cashymart	cashymart.com:9844752711958	https://cashymart.com/products/toy-hammer-automatic-bubble-machine-for-girls	cashymart.com/products/toy-hammer-automatic-bubble-machine-for-girls	shopify	shopify_buy30620_crate
499932575	744460434	cashymart	cashymart.com:9844752646422	https://cashymart.com/products/vatos-auto-bubble-wands-maker-gun-x2-with-light-and-music	cashymart.com/products/vatos-auto-bubble-wands-maker-gun-x2-with-light-and-music	shopify	shopify_buy30620_crate
185640891	1703304326	shopify_casterland_com	casterland.com:7771921776822	https://casterland.com/products/pc3810-0057	casterland.com/products/pc3810-0057	shopify	shopify_buy30620_crate
322981232	294807202	shopify_cathaven_perth_myshopify_com	cathaven-perth.myshopify.com:7907785638043	https://cathaven-perth.myshopify.com/products/cat-ledge-cat-condo	cathaven-perth.myshopify.com/products/cat-ledge-cat-condo	shopify	shopify_buy30620_crate
322981048	294807098	shopify_cathaven_perth_myshopify_com	cathaven-perth.myshopify.com:8421743427739	https://cathaven-perth.myshopify.com/products/kong-cat-teaser-purrsuit-butterfly	cathaven-perth.myshopify.com/products/kong-cat-teaser-purrsuit-butterfly	shopify	shopify_buy30620_crate
322981274	294807226	shopify_cathaven_perth_myshopify_com	cathaven-perth.myshopify.com:7971223863451	https://cathaven-perth.myshopify.com/products/tray-hills-c-d-mince-156g-tin-x-24	cathaven-perth.myshopify.com/products/tray-hills-c-d-mince-156g-tin-x-24	shopify	shopify_buy30620_crate
322981129	294807152	shopify_cathaven_perth_myshopify_com	cathaven-perth.myshopify.com:8196702863515	https://cathaven-perth.myshopify.com/products/zippyclaws-catnip-crusherz-bubbly	cathaven-perth.myshopify.com/products/zippyclaws-catnip-crusherz-bubbly	shopify	shopify_buy30620_crate
322981173	294807175	shopify_cathaven_perth_myshopify_com	cathaven-perth.myshopify.com:7911241842843	https://cathaven-perth.myshopify.com/products/zylkene-plus-75mg-cat-small-dog	cathaven-perth.myshopify.com/products/zylkene-plus-75mg-cat-small-dog	shopify	shopify_buy30620_crate
594978219	653421997	shopify_cb501b_2_myshopify_com	cb501b-2.myshopify.com:8880953590084	https://cb501b-2.myshopify.com/products/elegant-black-and-white-bow-midi-dress	cb501b-2.myshopify.com/products/elegant-black-and-white-bow-midi-dress	shopify	shopify_buy30620_crate
594978216	653421995	shopify_cb501b_2_myshopify_com	cb501b-2.myshopify.com:8881813717316	https://cb501b-2.myshopify.com/products/green-emerald-bow-dress	cb501b-2.myshopify.com/products/green-emerald-bow-dress	shopify	shopify_buy30620_crate
594978205	653421988	shopify_cb501b_2_myshopify_com	cb501b-2.myshopify.com:8881905238340	https://cb501b-2.myshopify.com/products/lila-lace-and-tulle-evening-gown	cb501b-2.myshopify.com/products/lila-lace-and-tulle-evening-gown	shopify	shopify_buy30620_crate
594978208	653421990	shopify_cb501b_2_myshopify_com	cb501b-2.myshopify.com:8881884332356	https://cb501b-2.myshopify.com/products/lila-pleated-shift-dress	cb501b-2.myshopify.com/products/lila-pleated-shift-dress	shopify	shopify_buy30620_crate
594978213	653421993	shopify_cb501b_2_myshopify_com	cb501b-2.myshopify.com:8881842815300	https://cb501b-2.myshopify.com/products/long-asymmetric-green-floral-dress	cb501b-2.myshopify.com/products/long-asymmetric-green-floral-dress	shopify	shopify_buy30620_crate
594978227	653422003	shopify_cb501b_2_myshopify_com	cb501b-2.myshopify.com:8879501640004	https://cb501b-2.myshopify.com/products/pink-sweetheart-silver-glitter-dress	cb501b-2.myshopify.com/products/pink-sweetheart-silver-glitter-dress	shopify	shopify_buy30620_crate
594978224	653422000	shopify_cb501b_2_myshopify_com	cb501b-2.myshopify.com:8880409936196	https://cb501b-2.myshopify.com/products/pink-taffeta-over-shoulder-cocktail-dress	cb501b-2.myshopify.com/products/pink-taffeta-over-shoulder-cocktail-dress	shopify	shopify_buy30620_crate
594978221	653421998	shopify_cb501b_2_myshopify_com	cb501b-2.myshopify.com:8880927408452	https://cb501b-2.myshopify.com/products/romantic-flower-print-bustier-dress	cb501b-2.myshopify.com/products/romantic-flower-print-bustier-dress	shopify	shopify_buy30620_crate
594978210	653421991	shopify_cb501b_2_myshopify_com	cb501b-2.myshopify.com:8881873289540	https://cb501b-2.myshopify.com/products/romantic-powder-pink-lace-tulle-dress	cb501b-2.myshopify.com/products/romantic-powder-pink-lace-tulle-dress	shopify	shopify_buy30620_crate
594978202	653421986	shopify_cb501b_2_myshopify_com	cb501b-2.myshopify.com:8881961697604	https://cb501b-2.myshopify.com/products/satin-lila-corset-dress-evening-dress	cb501b-2.myshopify.com/products/satin-lila-corset-dress-evening-dress	shopify	shopify_buy30620_crate
171046891	163170368	shopify_ce6c85_5_myshopify_com	ce6c85-5.myshopify.com:8704832995578	https://ce6c85-5.myshopify.com/products/from-crook-to-cook-platinum-recipes-from-tha-boss-doggs-kitchen-snoop-dogg-cookbook-celebrity-cookbook-with-soul-food-recipes-snoop-dog-x-chronicle-books	ce6c85-5.myshopify.com/products/from-crook-to-cook-platinum-recipes-from-tha-boss-doggs-kitchen-snoop-dogg-cookbook-celebrity-cookbook-with-soul-food-recipes-snoop-dog-x-chronicle-books	shopify	shopify_buy30620_crate
171046893	163170373	shopify_ce6c85_5_myshopify_com	ce6c85-5.myshopify.com:8704828408058	https://ce6c85-5.myshopify.com/products/institut-paul-bocuse-gastronomique-the-definitive-step-by-step-guide-to-culinary-excellence	ce6c85-5.myshopify.com/products/institut-paul-bocuse-gastronomique-the-definitive-step-by-step-guide-to-culinary-excellence	shopify	shopify_buy30620_crate
171046892	163170371	shopify_ce6c85_5_myshopify_com	ce6c85-5.myshopify.com:8704829227258	https://ce6c85-5.myshopify.com/products/letters-to-a-young-chef	ce6c85-5.myshopify.com/products/letters-to-a-young-chef	shopify	shopify_buy30620_crate
171046894	163170374	shopify_ce6c85_5_myshopify_com	ce6c85-5.myshopify.com:8704827130106	https://ce6c85-5.myshopify.com/products/the-flavor-matrix-the-art-and-science-of-pairing-common-ingredients-to-create-extraordinary-dishes	ce6c85-5.myshopify.com/products/the-flavor-matrix-the-art-and-science-of-pairing-common-ingredients-to-create-extraordinary-dishes	shopify	shopify_buy30620_crate
323052975	401047187	shopify_cf7c00_2_myshopify_com	cf7c00-2.myshopify.com:9984148963657	https://cf7c00-2.myshopify.com/products/blaziken-vmax-s8b-217	cf7c00-2.myshopify.com/products/blaziken-vmax-s8b-217	shopify	shopify_buy30620_crate
323052976	401047188	shopify_cf7c00_2_myshopify_com	cf7c00-2.myshopify.com:9984147882313	https://cf7c00-2.myshopify.com/products/blaziken-v-s8b-216	cf7c00-2.myshopify.com/products/blaziken-v-s8b-216	shopify	shopify_buy30620_crate
323052973	401047185	shopify_cf7c00_2_myshopify_com	cf7c00-2.myshopify.com:9984151355721	https://cf7c00-2.myshopify.com/products/centiskorch-vmax-s8b-219	cf7c00-2.myshopify.com/products/centiskorch-vmax-s8b-219	shopify	shopify_buy30620_crate
323052974	401047186	shopify_cf7c00_2_myshopify_com	cf7c00-2.myshopify.com:9984149586249	https://cf7c00-2.myshopify.com/products/centiskorch-v-s8b-218	cf7c00-2.myshopify.com/products/centiskorch-v-s8b-218	shopify	shopify_buy30620_crate
323052972	401047184	shopify_cf7c00_2_myshopify_com	cf7c00-2.myshopify.com:9984151945545	https://cf7c00-2.myshopify.com/products/ice-rider-calyrex-s8b-220	cf7c00-2.myshopify.com/products/ice-rider-calyrex-s8b-220	shopify	shopify_buy30620_crate
323052971	401047183	shopify_cf7c00_2_myshopify_com	cf7c00-2.myshopify.com:9984152666441	https://cf7c00-2.myshopify.com/products/ice-rider-calyrex-vmax-s8b-221	cf7c00-2.myshopify.com/products/ice-rider-calyrex-vmax-s8b-221	shopify	shopify_buy30620_crate
323052979	401047191	shopify_cf7c00_2_myshopify_com	cf7c00-2.myshopify.com:9984145031497	https://cf7c00-2.myshopify.com/products/kricketune-v-s8b-213	cf7c00-2.myshopify.com/products/kricketune-v-s8b-213	shopify	shopify_buy30620_crate
323052977	401047189	shopify_cf7c00_2_myshopify_com	cf7c00-2.myshopify.com:9984146342217	https://cf7c00-2.myshopify.com/products/orbeetle-vmax-s8b-215	cf7c00-2.myshopify.com/products/orbeetle-vmax-s8b-215	shopify	shopify_buy30620_crate
323052978	401047190	shopify_cf7c00_2_myshopify_com	cf7c00-2.myshopify.com:9984145457481	https://cf7c00-2.myshopify.com/products/orbeetle-v-s8b-214	cf7c00-2.myshopify.com/products/orbeetle-v-s8b-214	shopify	shopify_buy30620_crate
323052970	401047182	shopify_cf7c00_2_myshopify_com	cf7c00-2.myshopify.com:9984155058505	https://cf7c00-2.myshopify.com/products/pikachu-v-s8b-222	cf7c00-2.myshopify.com/products/pikachu-v-s8b-222	shopify	shopify_buy30620_crate
323058377	849269152	shopify_chain_reaction_disc_golf_supply_myshopify_com	chain-reaction-disc-golf-supply.myshopify.com:8936289304788	https://chain-reaction-disc-golf-supply.myshopify.com/products/mint-discs-sublime-lasso	chain-reaction-disc-golf-supply.myshopify.com/products/mint-discs-sublime-lasso	shopify	shopify_buy30620_crate
323072154	674750731	shopify_chaos_serious_fishing_equipment_myshopify_com	chaos-serious-fishing-equipment.myshopify.com:7972862656765	https://chaos-serious-fishing-equipment.myshopify.com/products/cuda-tackle-center-cup-holder-tool-containment-center	chaos-serious-fishing-equipment.myshopify.com/products/cuda-tackle-center-cup-holder-tool-containment-center	shopify	shopify_buy30620_crate
323072156	674750733	shopify_chaos_serious_fishing_equipment_myshopify_com	chaos-serious-fishing-equipment.myshopify.com:7939774120189	https://chaos-serious-fishing-equipment.myshopify.com/products/p-line-rigging-t-beads	chaos-serious-fishing-equipment.myshopify.com/products/p-line-rigging-t-beads	shopify	shopify_buy30620_crate
323072155	674750732	shopify_chaos_serious_fishing_equipment_myshopify_com	chaos-serious-fishing-equipment.myshopify.com:7937043431677	https://chaos-serious-fishing-equipment.myshopify.com/products/p-line-threader-stainless-steel-bait-needle	chaos-serious-fishing-equipment.myshopify.com/products/p-line-threader-stainless-steel-bait-needle	shopify	shopify_buy30620_crate
323072151	674750728	shopify_chaos_serious_fishing_equipment_myshopify_com	chaos-serious-fishing-equipment.myshopify.com:7929029558525	https://chaos-serious-fishing-equipment.myshopify.com/products/shimano-butterfly-flat-fall-jig	chaos-serious-fishing-equipment.myshopify.com/products/shimano-butterfly-flat-fall-jig	shopify	shopify_buy30620_crate
323072150	674750727	shopify_chaos_serious_fishing_equipment_myshopify_com	chaos-serious-fishing-equipment.myshopify.com:9207536976125	https://chaos-serious-fishing-equipment.myshopify.com/products/shimano-technium-casting-rod-ts-116mh2a	chaos-serious-fishing-equipment.myshopify.com/products/shimano-technium-casting-rod-ts-116mh2a	shopify	shopify_buy30620_crate
323072153	674750730	shopify_chaos_serious_fishing_equipment_myshopify_com	chaos-serious-fishing-equipment.myshopify.com:7928534040829	https://chaos-serious-fishing-equipment.myshopify.com/products/spiderwire-stealth-braid-3000yards	chaos-serious-fishing-equipment.myshopify.com/products/spiderwire-stealth-braid-3000yards	shopify	shopify_buy30620_crate
323072152	674750729	shopify_chaos_serious_fishing_equipment_myshopify_com	chaos-serious-fishing-equipment.myshopify.com:8206937751805	https://chaos-serious-fishing-equipment.myshopify.com/products/spiderwire-ultracast-braid	chaos-serious-fishing-equipment.myshopify.com/products/spiderwire-ultracast-braid	shopify	shopify_buy30620_crate
323072157	674750734	shopify_chaos_serious_fishing_equipment_myshopify_com	chaos-serious-fishing-equipment.myshopify.com:8032433078525	https://chaos-serious-fishing-equipment.myshopify.com/products/yeti-tundra-seadek-cool-box-traction-pad	chaos-serious-fishing-equipment.myshopify.com/products/yeti-tundra-seadek-cool-box-traction-pad	shopify	shopify_buy30620_crate
114372333	838299668	shopify_childrens_ministry_deals_com	childrens-ministry-deals.com:6142384570554	https://childrens-ministry-deals.com/products/free-1-peter-bible-scavenger-hunt	childrens-ministry-deals.com/products/free-1-peter-bible-scavenger-hunt	shopify	shopify_buy30620_crate
114372339	838299670	shopify_childrens_ministry_deals_com	childrens-ministry-deals.com:6142382407866	https://childrens-ministry-deals.com/products/free-1-thessalonians-bible-scavenger-hunt	childrens-ministry-deals.com/products/free-1-thessalonians-bible-scavenger-hunt	shopify	shopify_buy30620_crate
114372337	838299669	shopify_childrens_ministry_deals_com	childrens-ministry-deals.com:6142383358138	https://childrens-ministry-deals.com/products/free-1-timothy-bible-scavenger-hunt	childrens-ministry-deals.com/products/free-1-timothy-bible-scavenger-hunt	shopify	shopify_buy30620_crate
114372341	838299671	shopify_childrens_ministry_deals_com	childrens-ministry-deals.com:6130844958906	https://childrens-ministry-deals.com/products/free-swipe-right-youth-ministry-lesson	childrens-ministry-deals.com/products/free-swipe-right-youth-ministry-lesson	shopify	shopify_buy30620_crate
114372381	838299675	shopify_childrens_ministry_deals_com	childrens-ministry-deals.com:6129740316858	https://childrens-ministry-deals.com/products/fun-crazy-game-pack	childrens-ministry-deals.com/products/fun-crazy-game-pack	shopify	shopify_buy30620_crate
114372377	838299674	shopify_childrens_ministry_deals_com	childrens-ministry-deals.com:6129751097530	https://childrens-ministry-deals.com/products/snowball-fight-game-video	childrens-ministry-deals.com/products/snowball-fight-game-video	shopify	shopify_buy30620_crate
114372343	838299672	shopify_childrens_ministry_deals_com	childrens-ministry-deals.com:6130840273082	https://childrens-ministry-deals.com/products/swipe-right-4-week-youth-ministry-curriculum	childrens-ministry-deals.com/products/swipe-right-4-week-youth-ministry-curriculum	shopify	shopify_buy30620_crate
114372358	838299673	shopify_childrens_ministry_deals_com	childrens-ministry-deals.com:6129760600250	https://childrens-ministry-deals.com/products/winter-games-pack	childrens-ministry-deals.com/products/winter-games-pack	shopify	shopify_buy30620_crate
71772579	202090624	shopify_chinmounts_com	chinmounts.com:8108455690467	https://chinmounts.com/products/bilt-lx1-action-camera-chin-mount	chinmounts.com/products/bilt-lx1-action-camera-chin-mount	shopify	shopify_buy30620_crate
68166495	2190073519	shopify_chinyere_pk	chinyere.pk:10564442259621	https://chinyere.pk/products/co0044	chinyere.pk/products/co0044	shopify	shopify_buy30620_crate
68166492	2190073518	shopify_chinyere_pk	chinyere.pk:10503629045925	https://chinyere.pk/products/cs0509	chinyere.pk/products/cs0509	shopify	shopify_buy30620_crate
501723758	548502423	shopify_chiplab_com	chiplab.com:9204836794586	https://chiplab.com/products/auto-marked-iv-clay-poker-chips	chiplab.com/products/auto-marked-iv-clay-poker-chips	shopify	shopify_buy30620_crate
501723756	548502422	shopify_chiplab_com	chiplab.com:9204836860122	https://chiplab.com/products/auto-marked-iv-composite-poker-chips	chiplab.com/products/auto-marked-iv-composite-poker-chips	shopify	shopify_buy30620_crate
501723749	548502418	shopify_chiplab_com	chiplab.com:9204840431834	https://chiplab.com/products/ball-marcus-jr-2-oversized-poker-chips-1	chiplab.com/products/ball-marcus-jr-2-oversized-poker-chips-1	shopify	shopify_buy30620_crate
501723747	548502417	shopify_chiplab_com	chiplab.com:9204840497370	https://chiplab.com/products/ball-marcus-jr-aluminum-poker-chips	chiplab.com/products/ball-marcus-jr-aluminum-poker-chips	shopify	shopify_buy30620_crate
501723743	548502416	shopify_chiplab_com	chiplab.com:9204840595674	https://chiplab.com/products/ball-marcus-jr-clay-poker-chips	chiplab.com/products/ball-marcus-jr-clay-poker-chips	shopify	shopify_buy30620_crate
501723753	548502419	shopify_chiplab_com	chiplab.com:9204840399066	https://chiplab.com/products/ball-marcus-jr-composite-metal-hybrid-poker-chips	chiplab.com/products/ball-marcus-jr-composite-metal-hybrid-poker-chips	shopify	shopify_buy30620_crate
501723741	548502415	shopify_chiplab_com	chiplab.com:9204840628442	https://chiplab.com/products/ball-marcus-jr-composite-poker-chips	chiplab.com/products/ball-marcus-jr-composite-poker-chips	shopify	shopify_buy30620_crate
501720194	548503373	shopify_chiplab_com	chiplab.com:9139270516954	https://chiplab.com/products/crisp-banner-composite-poker-chips	chiplab.com/products/crisp-banner-composite-poker-chips	shopify	shopify_buy30620_crate
501723734	548502413	shopify_chiplab_com	chiplab.com:9204844069082	https://chiplab.com/products/simple-gold-ring-composite-metal-hybrid-poker-chips	chiplab.com/products/simple-gold-ring-composite-metal-hybrid-poker-chips	shopify	shopify_buy30620_crate
501723737	548502414	shopify_chiplab_com	chiplab.com:9204844036314	https://chiplab.com/products/simple-gold-ring-rectangular-poker-chip-plaques	chiplab.com/products/simple-gold-ring-rectangular-poker-chip-plaques	shopify	shopify_buy30620_crate
501720190	548503369	shopify_chiplab_com	chiplab.com:9139272843482	https://chiplab.com/products/two-tone-suits-aluminum-poker-chips	chiplab.com/products/two-tone-suits-aluminum-poker-chips	shopify	shopify_buy30620_crate
501720195	548503374	shopify_chiplab_com	chiplab.com:9139268124890	https://chiplab.com/products/two-tone-suits-clay-poker-chips	chiplab.com/products/two-tone-suits-clay-poker-chips	shopify	shopify_buy30620_crate
501720192	548503371	shopify_chiplab_com	chiplab.com:9139272351962	https://chiplab.com/products/two-tone-suits-composite-metal-hybrid-poker-chips	chiplab.com/products/two-tone-suits-composite-metal-hybrid-poker-chips	shopify	shopify_buy30620_crate
501720196	548503375	shopify_chiplab_com	chiplab.com:9139265798362	https://chiplab.com/products/two-tone-suits-composite-poker-chips	chiplab.com/products/two-tone-suits-composite-poker-chips	shopify	shopify_buy30620_crate
501720191	548503370	shopify_chiplab_com	chiplab.com:9139272614106	https://chiplab.com/products/two-tone-suits-dealer-button-50mm-2-inch-size	chiplab.com/products/two-tone-suits-dealer-button-50mm-2-inch-size	shopify	shopify_buy30620_crate
501720193	548503372	shopify_chiplab_com	chiplab.com:9139272057050	https://chiplab.com/products/two-tone-suits-magnetic-composite-poker-chips	chiplab.com/products/two-tone-suits-magnetic-composite-poker-chips	shopify	shopify_buy30620_crate
71828371	158056799	shopify_choosemybicycle_com	choosemybicycle.com:9313718141186	https://choosemybicycle.com/products/nasa-cable-lock-414	choosemybicycle.com/products/nasa-cable-lock-414	shopify	shopify_buy30620_crate
71828370	158056797	shopify_choosemybicycle_com	choosemybicycle.com:9313718206722	https://choosemybicycle.com/products/nasa-cable-lock-506	choosemybicycle.com/products/nasa-cable-lock-506	shopify	shopify_buy30620_crate
71828368	158056795	shopify_choosemybicycle_com	choosemybicycle.com:9313718272258	https://choosemybicycle.com/products/nasa-cable-lock-557	choosemybicycle.com/products/nasa-cable-lock-557	shopify	shopify_buy30620_crate
71828367	158056793	shopify_choosemybicycle_com	choosemybicycle.com:9313718305026	https://choosemybicycle.com/products/nasa-carrier-alloy-637-08-01	choosemybicycle.com/products/nasa-carrier-alloy-637-08-01	shopify	shopify_buy30620_crate
71828366	158056792	shopify_choosemybicycle_com	choosemybicycle.com:9313718403330	https://choosemybicycle.com/products/nasa-combo-light-ns-002	choosemybicycle.com/products/nasa-combo-light-ns-002	shopify	shopify_buy30620_crate
71828365	158056788	shopify_choosemybicycle_com	choosemybicycle.com:9313718436098	https://choosemybicycle.com/products/nasa-combo-light-ns-3209b	choosemybicycle.com/products/nasa-combo-light-ns-3209b	shopify	shopify_buy30620_crate
71828359	158056786	shopify_choosemybicycle_com	choosemybicycle.com:9313718468866	https://choosemybicycle.com/products/nasa-floor-pump	choosemybicycle.com/products/nasa-floor-pump	shopify	shopify_buy30620_crate
71828358	158056784	shopify_choosemybicycle_com	choosemybicycle.com:9313718501634	https://choosemybicycle.com/products/nasa-front-light-369	choosemybicycle.com/products/nasa-front-light-369	shopify	shopify_buy30620_crate
71828356	158056781	shopify_choosemybicycle_com	choosemybicycle.com:9313718534402	https://choosemybicycle.com/products/nasa-gloves-ns-50	choosemybicycle.com/products/nasa-gloves-ns-50	shopify	shopify_buy30620_crate
71828355	158056780	shopify_choosemybicycle_com	choosemybicycle.com:9313718632706	https://choosemybicycle.com/products/nasa-grip-handlez-1185	choosemybicycle.com/products/nasa-grip-handlez-1185	shopify	shopify_buy30620_crate
89983063	1064864983	shopify_choupinetmx_myshopify_com	choupinetmx.myshopify.com:9808690577698	https://choupinetmx.myshopify.com/products/cobija-lapin-rosa-bebe-copia	choupinetmx.myshopify.com/products/cobija-lapin-rosa-bebe-copia	shopify	shopify_buy30620_crate
501852127	954406957	shopify_cibocrudo_com	cibocrudo.com:7933607313647	https://cibocrudo.com/products/amarene-essiccate	cibocrudo.com/products/amarene-essiccate	shopify	shopify_buy30620_crate
501852138	954406962	shopify_cibocrudo_com	cibocrudo.com:8686170603853	https://cibocrudo.com/products/chiodi-di-garofano	cibocrudo.com/products/chiodi-di-garofano	shopify	shopify_buy30620_crate
501852141	954406965	shopify_cibocrudo_com	cibocrudo.com:7933606920431	https://cibocrudo.com/products/cocco-disidratato-a-fette	cibocrudo.com/products/cocco-disidratato-a-fette	shopify	shopify_buy30620_crate
501852130	954406958	shopify_cibocrudo_com	cibocrudo.com:7933607215343	https://cibocrudo.com/products/curcuma-in-polvere	cibocrudo.com/products/curcuma-in-polvere	shopify	shopify_buy30620_crate
501852133	954406960	shopify_cibocrudo_com	cibocrudo.com:7933607149807	https://cibocrudo.com/products/datteri-medjoul	cibocrudo.com/products/datteri-medjoul	shopify	shopify_buy30620_crate
501852139	954406963	shopify_cibocrudo_com	cibocrudo.com:8660186267981	https://cibocrudo.com/products/muesli-frutti-di-bosco	cibocrudo.com/products/muesli-frutti-di-bosco	shopify	shopify_buy30620_crate
501852131	954406959	shopify_cibocrudo_com	cibocrudo.com:7933607182575	https://cibocrudo.com/products/sciroppo-di-fiori-di-cocco	cibocrudo.com/products/sciroppo-di-fiori-di-cocco	shopify	shopify_buy30620_crate
501852136	954406961	shopify_cibocrudo_com	cibocrudo.com:7933606985967	https://cibocrudo.com/products/semi-di-lino-marrone-scuro	cibocrudo.com/products/semi-di-lino-marrone-scuro	shopify	shopify_buy30620_crate
68378036	251899695	shopify_cicatribem_com_br	cicatribem.com.br:10034086510913	https://cicatribem.com.br/products/hidratante-corporal-sem-perfume-cicatribem-200g	cicatribem.com.br/products/hidratante-corporal-sem-perfume-cicatribem-200g	shopify	shopify_buy30620_crate
255125924	1163547154	shopify_cicostore_it_myshopify_com	cicostore-it.myshopify.com:9782599221589	https://cicostore-it.myshopify.com/products/adidas-superstar-360i-minnie	cicostore-it.myshopify.com/products/adidas-superstar-360i-minnie	shopify	shopify_buy30620_crate
255125923	1163547153	shopify_cicostore_it_myshopify_com	cicostore-it.myshopify.com:9782600565077	https://cicostore-it.myshopify.com/products/adidas-superstar-w-sneaker	cicostore-it.myshopify.com/products/adidas-superstar-w-sneaker	shopify	shopify_buy30620_crate
255125921	1163547151	shopify_cicostore_it_myshopify_com	cicostore-it.myshopify.com:9783200776533	https://cicostore-it.myshopify.com/products/lego-20354-ski-pants-baby-penn770	cicostore-it.myshopify.com/products/lego-20354-ski-pants-baby-penn770	shopify	shopify_buy30620_crate
255125930	1163547160	shopify_cicostore_it_myshopify_com	cicostore-it.myshopify.com:9781998649685	https://cicostore-it.myshopify.com/products/lotto-astra-amf-ii-zebra-w	cicostore-it.myshopify.com/products/lotto-astra-amf-ii-zebra-w	shopify	shopify_buy30620_crate
255125931	1163547161	shopify_cicostore_it_myshopify_com	cicostore-it.myshopify.com:7506848907483	https://cicostore-it.myshopify.com/products/olang-stivale-bambina-bmx-82-blu	cicostore-it.myshopify.com/products/olang-stivale-bambina-bmx-82-blu	shopify	shopify_buy30620_crate
255125929	1163547159	shopify_cicostore_it_myshopify_com	cicostore-it.myshopify.com:7689979330779	https://cicostore-it.myshopify.com/products/saucony-scarpe-donna-nera-grigia-jazz-original	cicostore-it.myshopify.com/products/saucony-scarpe-donna-nera-grigia-jazz-original	shopify	shopify_buy30620_crate
255125928	1163547158	shopify_cicostore_it_myshopify_com	cicostore-it.myshopify.com:7689997811931	https://cicostore-it.myshopify.com/products/sneakers-donna-beige-saucony-scarpe-jazz-original	cicostore-it.myshopify.com/products/sneakers-donna-beige-saucony-scarpe-jazz-original	shopify	shopify_buy30620_crate
70614800	153101058	shopify_cincopunto7_com	cincopunto7.com:7788622544939	https://cincopunto7.com/products/hoodie-desde-la-nada-full-diamonds-club	cincopunto7.com/products/hoodie-desde-la-nada-full-diamonds-club	shopify	shopify_buy30620_crate
70614809	153101072	shopify_cincopunto7_com	cincopunto7.com:7768311791659	https://cincopunto7.com/products/pin-corona-rolex	cincopunto7.com/products/pin-corona-rolex	shopify	shopify_buy30620_crate
70614806	153101068	shopify_cincopunto7_com	cincopunto7.com:7768313757739	https://cincopunto7.com/products/pin-el-mundo-es-tuyo	cincopunto7.com/products/pin-el-mundo-es-tuyo	shopify	shopify_buy30620_crate
70614807	153101070	shopify_cincopunto7_com	cincopunto7.com:7768312119339	https://cincopunto7.com/products/pin-gallo-corona	cincopunto7.com/products/pin-gallo-corona	shopify	shopify_buy30620_crate
70614811	153101074	shopify_cincopunto7_com	cincopunto7.com:7768310251563	https://cincopunto7.com/products/pin-gallos-finos	cincopunto7.com/products/pin-gallos-finos	shopify	shopify_buy30620_crate
70614808	153101071	shopify_cincopunto7_com	cincopunto7.com:7768312315947	https://cincopunto7.com/products/pin-high-life	cincopunto7.com/products/pin-high-life	shopify	shopify_buy30620_crate
70614812	153101076	shopify_cincopunto7_com	cincopunto7.com:7768310480939	https://cincopunto7.com/products/pin-navaja	cincopunto7.com/products/pin-navaja	shopify	shopify_buy30620_crate
70614804	153101065	shopify_cincopunto7_com	cincopunto7.com:7768313593899	https://cincopunto7.com/products/pin-scarface	cincopunto7.com/products/pin-scarface	shopify	shopify_buy30620_crate
70614802	153101061	shopify_cincopunto7_com	cincopunto7.com:7775357599787	https://cincopunto7.com/products/playera-desde-la-nada-rooster-s	cincopunto7.com/products/playera-desde-la-nada-rooster-s	shopify	shopify_buy30620_crate
70614799	153101053	shopify_cincopunto7_com	cincopunto7.com:7796115570731	https://cincopunto7.com/products/sunglasses	cincopunto7.com/products/sunglasses	shopify	shopify_buy30620_crate
70614797	153101050	shopify_cincopunto7_com	cincopunto7.com:7796115865643	https://cincopunto7.com/products/sunglasses-1	cincopunto7.com/products/sunglasses-1	shopify	shopify_buy30620_crate
502092658	522552903	shopify_cityjeans_com	cityjeans.com:8420347084987	https://cityjeans.com/products/big-kids-nike-dunk-low-white-light-grey-white-fb9109-123-fb9109-123	cityjeans.com/products/big-kids-nike-dunk-low-white-light-grey-white-fb9109-123-fb9109-123	shopify	shopify_buy30620_crate
502106082	6874333196	shopify_citymattress_com	citymattress.com:7305642868789	https://citymattress.com/products/bellamy-lane-6-drawer-chest	citymattress.com/products/bellamy-lane-6-drawer-chest	shopify	shopify_buy30620_crate
502106080	6874333195	shopify_citymattress_com	citymattress.com:7305642999861	https://citymattress.com/products/bellamy-lane-mans-door-chest	citymattress.com/products/bellamy-lane-mans-door-chest	shopify	shopify_buy30620_crate
502106073	6874333191	shopify_citymattress_com	citymattress.com:7648787857461	https://citymattress.com/products/city-mattress-adler-headboard	citymattress.com/products/city-mattress-adler-headboard	shopify	shopify_buy30620_crate
502106072	6874333190	shopify_citymattress_com	citymattress.com:7648790609973	https://citymattress.com/products/city-mattress-brody-headboard	citymattress.com/products/city-mattress-brody-headboard	shopify	shopify_buy30620_crate
502106076	6874333193	shopify_citymattress_com	citymattress.com:7645582360629	https://citymattress.com/products/city-mattress-noah-daybed	citymattress.com/products/city-mattress-noah-daybed	shopify	shopify_buy30620_crate
502106075	6874333192	shopify_citymattress_com	citymattress.com:7648799260725	https://citymattress.com/products/city-mattress-noah-headboard	citymattress.com/products/city-mattress-noah-headboard	shopify	shopify_buy30620_crate
502106070	6874333189	shopify_citymattress_com	citymattress.com:7648796639285	https://citymattress.com/products/city-mattress-odie-headboard	citymattress.com/products/city-mattress-odie-headboard	shopify	shopify_buy30620_crate
502106078	6874333194	shopify_citymattress_com	citymattress.com:7327639568437	https://citymattress.com/products/naples-foundation	citymattress.com/products/naples-foundation	shopify	shopify_buy30620_crate
502167839	6873531517	shopify_clarkstreetsports_com	clarkstreetsports.com:7702823239785	https://clarkstreetsports.com/products/chicago-cubs-47-womens-alt-2-sydney-long-sleeve-shirt	clarkstreetsports.com/products/chicago-cubs-47-womens-alt-2-sydney-long-sleeve-shirt	shopify	shopify_buy30620_crate
502167835	6873531515	shopify_clarkstreetsports_com	clarkstreetsports.com:6997165375593	https://clarkstreetsports.com/products/chicago-cubs-light-royal-cooperstown-dart-cuff-knit-beanie-hat	clarkstreetsports.com/products/chicago-cubs-light-royal-cooperstown-dart-cuff-knit-beanie-hat	shopify	shopify_buy30620_crate
502167837	6873531516	shopify_clarkstreetsports_com	clarkstreetsports.com:4201011544169	https://clarkstreetsports.com/products/chicago-cubs-womens-white-sorority-cuff-knit-w-pom-crawl-bear	clarkstreetsports.com/products/chicago-cubs-womens-white-sorority-cuff-knit-w-pom-crawl-bear	shopify	shopify_buy30620_crate
502167840	6873531518	shopify_clarkstreetsports_com	clarkstreetsports.com:3713573027945	https://clarkstreetsports.com/products/nico-hoerner-2-chicago-cubs-nike-mens-t-shirt	clarkstreetsports.com/products/nico-hoerner-2-chicago-cubs-nike-mens-t-shirt	shopify	shopify_buy30620_crate
502175118	6873536238	shopify_classic_phones_com	classic-phones.com:8731356004587	https://classic-phones.com/products/oneplus-watch-2r	classic-phones.com/products/oneplus-watch-2r	shopify	shopify_buy30620_crate
174139965	8221894010	shopify_classicwhimsy_com	classicwhimsy.com:6667064606779	https://classicwhimsy.com/products/night-before-thanksgiving-book	classicwhimsy.com/products/night-before-thanksgiving-book	shopify	shopify_buy30620_crate
174139961	8221894009	shopify_classicwhimsy_com	classicwhimsy.com:6997798780987	https://classicwhimsy.com/products/thanksgiving-is-book	classicwhimsy.com/products/thanksgiving-is-book	shopify	shopify_buy30620_crate
174139957	8221894007	shopify_classicwhimsy_com	classicwhimsy.com:7172513595451	https://classicwhimsy.com/products/thanksgiving-is-for-giving-thanks-book	classicwhimsy.com/products/thanksgiving-is-for-giving-thanks-book	shopify	shopify_buy30620_crate
502235970	6873564166	shopify_cleanfreak_com	cleanfreak.com:7996038512820	https://cleanfreak.com/products/14x20-pad-driver-for-cleanfreak-oscillating-machine	cleanfreak.com/products/14x20-pad-driver-for-cleanfreak-oscillating-machine	shopify	shopify_buy30620_crate
502235964	6873564165	shopify_cleanfreak_com	cleanfreak.com:7996065972404	https://cleanfreak.com/products/72-inch-kelsan-infinity-twist-blue-yarn-dust-mops	cleanfreak.com/products/72-inch-kelsan-infinity-twist-blue-yarn-dust-mops	shopify	shopify_buy30620_crate
502235973	6873564167	shopify_cleanfreak_com	cleanfreak.com:8021497217204	https://cleanfreak.com/products/front-squeegee-blade-850701-for-pacific-s-20-floor-scrubber	cleanfreak.com/products/front-squeegee-blade-850701-for-pacific-s-20-floor-scrubber	shopify	shopify_buy30620_crate
502235978	6873564169	shopify_cleanfreak_com	cleanfreak.com:8019320275124	https://cleanfreak.com/products/natural-rubber-squeegee-blade-kit-for-advance-adfinity-x20c-and-sc450-floor-scrubbers	cleanfreak.com/products/natural-rubber-squeegee-blade-kit-for-advance-adfinity-x20c-and-sc450-floor-scrubbers	shopify	shopify_buy30620_crate
502235975	6873564168	shopify_cleanfreak_com	cleanfreak.com:8021458026676	https://cleanfreak.com/products/rear-squeegee-blade-850702-for-pacific-s-20-floor-scrubber	cleanfreak.com/products/rear-squeegee-blade-850702-for-pacific-s-20-floor-scrubber	shopify	shopify_buy30620_crate
502236031	6873564170	shopify_cleanfreak_com	cleanfreak.com:8018742706356	https://cleanfreak.com/products/tan-gum-rubber-squeegee-blade-kit-for-advance-adfinity-x20c-sc450	cleanfreak.com/products/tan-gum-rubber-squeegee-blade-kit-for-advance-adfinity-x20c-sc450	shopify	shopify_buy30620_crate
502260032	523064950	shopify_clementinaitaly_com	clementinaitaly.com:15997689757999	https://clementinaitaly.com/products/dolphin-phone-charm	clementinaitaly.com/products/dolphin-phone-charm	shopify	shopify_buy30620_crate
502260031	523064949	shopify_clementinaitaly_com	clementinaitaly.com:15997692444975	https://clementinaitaly.com/products/gold-croissant-phone-charm	clementinaitaly.com/products/gold-croissant-phone-charm	shopify	shopify_buy30620_crate
502260029	523064947	shopify_clementinaitaly_com	clementinaitaly.com:16006143377711	https://clementinaitaly.com/products/gold-hearts-watch-band	clementinaitaly.com/products/gold-hearts-watch-band	shopify	shopify_buy30620_crate
502260033	523064951	shopify_clementinaitaly_com	clementinaitaly.com:15997682581807	https://clementinaitaly.com/products/olive-phone-charm	clementinaitaly.com/products/olive-phone-charm	shopify	shopify_buy30620_crate
502260042	523064966	shopify_clementinaitaly_com	clementinaitaly.com:15849049915695	https://clementinaitaly.com/products/passion-fruit-spritz-tough-case	clementinaitaly.com/products/passion-fruit-spritz-tough-case	shopify	shopify_buy30620_crate
502260041	523064963	shopify_clementinaitaly_com	clementinaitaly.com:15849055682863	https://clementinaitaly.com/products/passion-fruit-tough-magsafe-case	clementinaitaly.com/products/passion-fruit-tough-magsafe-case	shopify	shopify_buy30620_crate
502260039	523064960	shopify_clementinaitaly_com	clementinaitaly.com:15849216246063	https://clementinaitaly.com/products/pina-colada-tough-case	clementinaitaly.com/products/pina-colada-tough-case	shopify	shopify_buy30620_crate
502260038	523064958	shopify_clementinaitaly_com	clementinaitaly.com:15849469706543	https://clementinaitaly.com/products/pina-colada-tough-magsafe-case	clementinaitaly.com/products/pina-colada-tough-magsafe-case	shopify	shopify_buy30620_crate
502260030	523064948	shopify_clementinaitaly_com	clementinaitaly.com:16006174802223	https://clementinaitaly.com/products/pink-tortoise-watch-band	clementinaitaly.com/products/pink-tortoise-watch-band	shopify	shopify_buy30620_crate
502260036	523064955	shopify_clementinaitaly_com	clementinaitaly.com:15849481077039	https://clementinaitaly.com/products/shoping-list-tough-case	clementinaitaly.com/products/shoping-list-tough-case	shopify	shopify_buy30620_crate
502260035	523064954	shopify_clementinaitaly_com	clementinaitaly.com:15849484648751	https://clementinaitaly.com/products/shoping-list-tough-magsafe-case	clementinaitaly.com/products/shoping-list-tough-magsafe-case	shopify	shopify_buy30620_crate
502348174	523086126	shopify_clionadhcosmetics_com	clionadhcosmetics.com:9796275110135	https://clionadhcosmetics.com/products/chlorophyll-nail-lacquer	clionadhcosmetics.com/products/chlorophyll-nail-lacquer	shopify	shopify_buy30620_crate
502373874	888672861	shopify_clockcanvas_com	clockcanvas.com:6986232234069	https://clockcanvas.com/products/crimson-canopy-canvas	clockcanvas.com/products/crimson-canopy-canvas	shopify	shopify_buy30620_crate
502373875	888672862	shopify_clockcanvas_com	clockcanvas.com:6986232168533	https://clockcanvas.com/products/forest-serenity-canvas	clockcanvas.com/products/forest-serenity-canvas	shopify	shopify_buy30620_crate
502373877	888672864	shopify_clockcanvas_com	clockcanvas.com:6986100113493	https://clockcanvas.com/products/golden-canopy-road-canvas	clockcanvas.com/products/golden-canopy-road-canvas	shopify	shopify_buy30620_crate
502373876	888672863	shopify_clockcanvas_com	clockcanvas.com:6986232135765	https://clockcanvas.com/products/lavender-mist-trail-canvas	clockcanvas.com/products/lavender-mist-trail-canvas	shopify	shopify_buy30620_crate
502373873	888672860	shopify_clockcanvas_com	clockcanvas.com:6986232201301	https://clockcanvas.com/products/whispers-of-the-monarchs-crown-canvas	clockcanvas.com/products/whispers-of-the-monarchs-crown-canvas	shopify	shopify_buy30620_crate
502375574	888675034	shopify_clockfacemodular_com	clockfacemodular.com:1667346726981	https://clockfacemodular.com/products/make-noise-0-coast	clockfacemodular.com/products/make-noise-0-coast	shopify	shopify_buy30620_crate
502375573	888675033	shopify_clockfacemodular_com	clockfacemodular.com:1667346759749	https://clockfacemodular.com/products/make-noise-6-hot-pink-patch-cable-5-pack	clockfacemodular.com/products/make-noise-6-hot-pink-patch-cable-5-pack	shopify	shopify_buy30620_crate
502375572	888675032	shopify_clockfacemodular_com	clockfacemodular.com:1667346792517	https://clockfacemodular.com/products/make-noise-blank-panel-1-10hp	clockfacemodular.com/products/make-noise-blank-panel-1-10hp	shopify	shopify_buy30620_crate
502375571	888675031	shopify_clockfacemodular_com	clockfacemodular.com:1667347021893	https://clockfacemodular.com/products/make-noise-brains	clockfacemodular.com/products/make-noise-brains	shopify	shopify_buy30620_crate
502375570	888675030	shopify_clockfacemodular_com	clockfacemodular.com:1667347513413	https://clockfacemodular.com/products/make-noise-dpo	clockfacemodular.com/products/make-noise-dpo	shopify	shopify_buy30620_crate
502375569	888675029	shopify_clockfacemodular_com	clockfacemodular.com:1667347841093	https://clockfacemodular.com/products/make-noise-echophon	clockfacemodular.com/products/make-noise-echophon	shopify	shopify_buy30620_crate
502375568	888675028	shopify_clockfacemodular_com	clockfacemodular.com:1667347906629	https://clockfacemodular.com/products/make-noise-erbe-verb	clockfacemodular.com/products/make-noise-erbe-verb	shopify	shopify_buy30620_crate
502375567	888675027	shopify_clockfacemodular_com	clockfacemodular.com:1667348037701	https://clockfacemodular.com/products/make-noise-function	clockfacemodular.com/products/make-noise-function	shopify	shopify_buy30620_crate
502375566	888675026	shopify_clockfacemodular_com	clockfacemodular.com:1667348234309	https://clockfacemodular.com/products/make-noise-lxd	clockfacemodular.com/products/make-noise-lxd	shopify	shopify_buy30620_crate
502375565	888675025	shopify_clockfacemodular_com	clockfacemodular.com:1667348463685	https://clockfacemodular.com/products/make-noise-maths	clockfacemodular.com/products/make-noise-maths	shopify	shopify_buy30620_crate
125551043	888679724	shopify_clorebeauty_com	clorebeauty.com:7407463334069	https://clorebeauty.com/products/ebin-new-york-24hr-edge-tamer-120ml	clorebeauty.com/products/ebin-new-york-24hr-edge-tamer-120ml	shopify	shopify_buy30620_crate
187326464	888686345	shopify_closurelondon_com	closurelondon.com:7524724015166	https://closurelondon.com/products/core-performance-short-black	closurelondon.com/products/core-performance-short-black	shopify	shopify_buy30620_crate
187326463	888686344	shopify_closurelondon_com	closurelondon.com:7524724047934	https://closurelondon.com/products/core-performance-short-charcoal	closurelondon.com/products/core-performance-short-charcoal	shopify	shopify_buy30620_crate
187326462	888686343	shopify_closurelondon_com	closurelondon.com:7524724113470	https://closurelondon.com/products/core-performance-short-ice-grey	closurelondon.com/products/core-performance-short-ice-grey	shopify	shopify_buy30620_crate
187326459	888686341	shopify_closurelondon_com	closurelondon.com:7591219920958	https://closurelondon.com/products/premium-tech-runner-black-black	closurelondon.com/products/premium-tech-runner-black-black	shopify	shopify_buy30620_crate
187326465	888686346	shopify_closurelondon_com	closurelondon.com:7377830641726	https://closurelondon.com/products/utility-overshirt-washed-blue-1	closurelondon.com/products/utility-overshirt-washed-blue-1	shopify	shopify_buy30620_crate
135046393	888688939	shopify_clothierexclusivemenswear_com	clothierexclusivemenswear.com:9258313875733	https://clothierexclusivemenswear.com/products/to-boys-tie-tb314-4	clothierexclusivemenswear.com/products/to-boys-tie-tb314-4	shopify	shopify_buy30620_crate
68955232	818402404	shopify_clove_co_uk	clove.co.uk:7786710237227	https://clove.co.uk/products/alienware-aw725h-headset-wired-wireless-head-band-gaming-usb-type-c-bluetooth-black	clove.co.uk/products/alienware-aw725h-headset-wired-wireless-head-band-gaming-usb-type-c-bluetooth-black	shopify	shopify_buy30620_crate
68955908	818402775	shopify_clove_co_uk	clove.co.uk:7719368949803	https://clove.co.uk/products/apple-ipad-2020-10-2-wi-fi-cellular-refurbished	clove.co.uk/products/apple-ipad-2020-10-2-wi-fi-cellular-refurbished	shopify	shopify_buy30620_crate
68955906	818402774	shopify_clove_co_uk	clove.co.uk:7719370063915	https://clove.co.uk/products/apple-ipad-2020-10-2-wi-fi-only-refurbished	clove.co.uk/products/apple-ipad-2020-10-2-wi-fi-only-refurbished	shopify	shopify_buy30620_crate
68955894	818402773	shopify_clove_co_uk	clove.co.uk:7719370588203	https://clove.co.uk/products/apple-ipad-2021-12-9-wi-fi-cellular-refurbished	clove.co.uk/products/apple-ipad-2021-12-9-wi-fi-cellular-refurbished	shopify	shopify_buy30620_crate
68955875	818402772	shopify_clove_co_uk	clove.co.uk:7719370817579	https://clove.co.uk/products/apple-ipad-2021-12-9-wi-fi-only-refurbished	clove.co.uk/products/apple-ipad-2021-12-9-wi-fi-only-refurbished	shopify	shopify_buy30620_crate
68955862	818402771	shopify_clove_co_uk	clove.co.uk:7719370981419	https://clove.co.uk/products/apple-ipad-air-2020-10-9-wi-fi-cellular-refurbished	clove.co.uk/products/apple-ipad-air-2020-10-9-wi-fi-cellular-refurbished	shopify	shopify_buy30620_crate
68955860	818402770	shopify_clove_co_uk	clove.co.uk:7719371210795	https://clove.co.uk/products/apple-ipad-air-2020-10-9-wi-fi-only-refurbished	clove.co.uk/products/apple-ipad-air-2020-10-9-wi-fi-only-refurbished	shopify	shopify_buy30620_crate
68955857	818402769	shopify_clove_co_uk	clove.co.uk:7719371472939	https://clove.co.uk/products/apple-ipad-mini-2019-7-9-wi-fi-cellular-refurbished	clove.co.uk/products/apple-ipad-mini-2019-7-9-wi-fi-cellular-refurbished	shopify	shopify_buy30620_crate
68955855	818402768	shopify_clove_co_uk	clove.co.uk:7719371505707	https://clove.co.uk/products/apple-ipad-mini-2019-7-9-wi-fi-only-refurbished	clove.co.uk/products/apple-ipad-mini-2019-7-9-wi-fi-only-refurbished	shopify	shopify_buy30620_crate
68955854	818402767	shopify_clove_co_uk	clove.co.uk:7719371669547	https://clove.co.uk/products/apple-ipad-pro-2022-11-wifi-only-refurbished-rmav	clove.co.uk/products/apple-ipad-pro-2022-11-wifi-only-refurbished-rmav	shopify	shopify_buy30620_crate
227267198	2414924421	shopify_coastalrootsfurniture_ca	coastalrootsfurniture.ca:8102118031423	https://coastalrootsfurniture.ca/products/amisco-scheila-dining-chair-31244	coastalrootsfurniture.ca/products/amisco-scheila-dining-chair-31244	shopify	shopify_buy30620_crate
502572794	522180450	shopify_cocopuplondon_com	cocopuplondon.com:15355239432567	https://cocopuplondon.com/products/barnyard-buddies-adjustable-neck-harness-lead-collar-bundle	cocopuplondon.com/products/barnyard-buddies-adjustable-neck-harness-lead-collar-bundle	shopify	shopify_buy30620_crate
502572793	522180449	shopify_cocopuplondon_com	cocopuplondon.com:15384942969207	https://cocopuplondon.com/products/cherry-velvet-crush-adjustable-neck-harness-lead-collar-bundle-1	cocopuplondon.com/products/cherry-velvet-crush-adjustable-neck-harness-lead-collar-bundle-1	shopify	shopify_buy30620_crate
502572795	522180451	shopify_cocopuplondon_com	cocopuplondon.com:15379642614135	https://cocopuplondon.com/products/london-linen-adjustable-neck-harness-lead-collar-bundle	cocopuplondon.com/products/london-linen-adjustable-neck-harness-lead-collar-bundle	shopify	shopify_buy30620_crate
502572796	522180452	shopify_cocopuplondon_com	cocopuplondon.com:15351685415287	https://cocopuplondon.com/products/petal-patch-adjustable-neck-harness-lead-collar-bundle	cocopuplondon.com/products/petal-patch-adjustable-neck-harness-lead-collar-bundle	shopify	shopify_buy30620_crate
502571508	8222227791	shopify_cocovillage_com	cocovillage.com:14849258389871	https://cocovillage.com/products/silicone-snack-cup-w-handles-pottery-coll	cocovillage.com/products/silicone-snack-cup-w-handles-pottery-coll	shopify	shopify_buy30620_crate
68279514	160444768	shopify_codeage_com	codeage.com:14897347887473	https://codeage.com/products/liposomal-green-tea-egcg-matcha-peppermint-lemon-peel-supplement	codeage.com/products/liposomal-green-tea-egcg-matcha-peppermint-lemon-peel-supplement	shopify	shopify_buy30620_crate
128718253	203923805	shopify_colineal_com	colineal.com:10181514592437	https://colineal.com/products/cobija-glam	colineal.com/products/cobija-glam	shopify	shopify_buy30620_crate
128718355	203923907	shopify_colineal_com	colineal.com:8201379512501	https://colineal.com/products/mesa-centro-petra	colineal.com/products/mesa-centro-petra	shopify	shopify_buy30620_crate
128718363	203923915	shopify_colineal_com	colineal.com:8157692657845	https://colineal.com/products/mesa-comedor-olivia	colineal.com/products/mesa-comedor-olivia	shopify	shopify_buy30620_crate
128718343	203923895	shopify_colineal_com	colineal.com:8161310671029	https://colineal.com/products/protector-colchon-king-3-plz-impermeable-microfibra	colineal.com/products/protector-colchon-king-3-plz-impermeable-microfibra	shopify	shopify_buy30620_crate
108075459	247774056	shopify_communica_co_za	communica.co.za:10264376705324	https://communica.co.za/products/mcp23s17-e-sp	communica.co.za/products/mcp23s17-e-sp	shopify	shopify_buy30620_crate
70115515	966427580	shopify_communityclothing_co_uk	communityclothing.co.uk:1921665794102	https://communityclothing.co.uk/products/mens-stripe-breton-navy-ecru	communityclothing.co.uk/products/mens-stripe-breton-navy-ecru	shopify	shopify_buy30620_crate
595798821	1254819267	shopify_computers_for_change_myshopify_com	computers-for-change.myshopify.com:10348362301733	https://computers-for-change.myshopify.com/products/macbook-pro-retina-13-2-7ghz-2020	computers-for-change.myshopify.com/products/macbook-pro-retina-13-2-7ghz-2020	shopify	shopify_buy30620_crate
70142698	132703514	shopify_concordand9th_com	concordand9th.com:7320823759045	https://concordand9th.com/products/bake-shoppe-stamp-set	concordand9th.com/products/bake-shoppe-stamp-set	shopify	shopify_buy30620_crate
503803509	7111608756	shopify_condorcycles_com	condorcycles.com:15355060519296	https://condorcycles.com/products/apidura-aero-system	condorcycles.com/products/apidura-aero-system	shopify	shopify_buy30620_crate
503803646	7111608821	shopify_condorcycles_com	condorcycles.com:15324601352576	https://condorcycles.com/products/assos-mille-gt-hashoogi-winter-bib-tights-s11	condorcycles.com/products/assos-mille-gt-hashoogi-winter-bib-tights-s11	shopify	shopify_buy30620_crate
503803847	7111608890	shopify_condorcycles_com	condorcycles.com:15261295870336	https://condorcycles.com/products/brompton-busch-muller-rear-light-for-electric-g-line	condorcycles.com/products/brompton-busch-muller-rear-light-for-electric-g-line	shopify	shopify_buy30620_crate
503803457	7111608735	shopify_condorcycles_com	condorcycles.com:15365599265152	https://condorcycles.com/products/dynaplug-plug-pack-3-x-soft-nose-and-2-x-mega-plugs	condorcycles.com/products/dynaplug-plug-pack-3-x-soft-nose-and-2-x-mega-plugs	shopify	shopify_buy30620_crate
503803523	7111608763	shopify_condorcycles_com	condorcycles.com:15350935748992	https://condorcycles.com/products/muc-off-airmach-carbon-pump	condorcycles.com/products/muc-off-airmach-carbon-pump	shopify	shopify_buy30620_crate
503803678	7111608832	shopify_condorcycles_com	condorcycles.com:15303457636736	https://condorcycles.com/products/ortlieb-back-roller-plus-ql2-2	condorcycles.com/products/ortlieb-back-roller-plus-ql2-2	shopify	shopify_buy30620_crate
503827580	811337889	shopify_constructiveplaythings_com	constructiveplaythings.com:10074152435997	https://constructiveplaythings.com/products/aiming-tossing-board-game-with-beanbags	constructiveplaythings.com/products/aiming-tossing-board-game-with-beanbags	shopify	shopify_buy30620_crate
503828097	811339195	shopify_constructiveplaythings_com	constructiveplaythings.com:8442223198493	https://constructiveplaythings.com/products/inside-outside-wooden-shapes	constructiveplaythings.com/products/inside-outside-wooden-shapes	shopify	shopify_buy30620_crate
109302684	811340346	shopify_consuelastyle_com	consuelastyle.com:7922414780470	https://consuelastyle.com/products/paw-print-charm	consuelastyle.com/products/paw-print-charm	shopify	shopify_buy30620_crate
255634270	736169471	shopify_control_parts_myshopify_com	control-parts.myshopify.com:7007908692065	https://control-parts.myshopify.com/products/cs7-pv-04	control-parts.myshopify.com/products/cs7-pv-04	shopify	shopify_buy30620_crate
255634133	736169437	shopify_control_parts_myshopify_com	control-parts.myshopify.com:7021675708513	https://control-parts.myshopify.com/products/xtre10b31a	control-parts.myshopify.com/products/xtre10b31a	shopify	shopify_buy30620_crate
503914941	510786042	shopify_coolhockey_com	coolhockey.com:7678028546255	https://coolhockey.com/products/juuso-parssinen-new-york-rangers-fanatics-premium-away-jersey	coolhockey.com/products/juuso-parssinen-new-york-rangers-fanatics-premium-away-jersey	shopify	shopify_buy30620_crate
503914942	510786044	shopify_coolhockey_com	coolhockey.com:7678028513487	https://coolhockey.com/products/juuso-parssinen-new-york-rangers-fanatics-premium-home-jersey	coolhockey.com/products/juuso-parssinen-new-york-rangers-fanatics-premium-home-jersey	shopify	shopify_buy30620_crate
503914940	510786040	shopify_coolhockey_com	coolhockey.com:7678028579023	https://coolhockey.com/products/matt-rempe-new-york-rangers-fanatics-premium-home-jersey	coolhockey.com/products/matt-rempe-new-york-rangers-fanatics-premium-home-jersey	shopify	shopify_buy30620_crate
503916093	510787206	shopify_coolhorse_com	coolhorse.com:8737710670106	https://coolhorse.com/products/68-7086-10-0	coolhorse.com/products/68-7086-10-0	shopify	shopify_buy30620_crate
503968289	874293674	shopify_corbloomjewelry_com	corbloomjewelry.com:7609279610970	https://corbloomjewelry.com/products/titanium-holly-duo-marquise-chain-attachment-helix-dangling-chain	corbloomjewelry.com/products/titanium-holly-duo-marquise-chain-attachment-helix-dangling-chain	shopify	shopify_buy30620_crate
184837348	257430355	shopify_coremedia_co_id	coremedia.co.id:7262012014798	https://coremedia.co.id/products/prompter-people-proline-plus-19-teleprompter	coremedia.co.id/products/prompter-people-proline-plus-19-teleprompter	shopify	shopify_buy30620_crate
69810255	2430244398	shopify_costumesupercenter_com	costumesupercenter.com:9226880975010	https://costumesupercenter.com/products/girls-wonder-woman-sequin-costume	costumesupercenter.com/products/girls-wonder-woman-sequin-costume	shopify	shopify_buy30620_crate
187231758	154395523	shopify_coverchord_com	coverchord.com:8256333283519	https://coverchord.com/products/vbr-op4409	coverchord.com/products/vbr-op4409	shopify	shopify_buy30620_crate
109151190	737296141	shopify_coverking_com	coverking.com:9229181288610	https://coverking.com/products/2026-alfa-romeo-giulia-custom-foldable-sun-shades-cover	coverking.com/products/2026-alfa-romeo-giulia-custom-foldable-sun-shades-cover	shopify	shopify_buy30620_crate
109151178	737296134	shopify_coverking_com	coverking.com:9229181517986	https://coverking.com/products/2026-audi-q4-e-tron-custom-foldable-sun-shades-cover	coverking.com/products/2026-audi-q4-e-tron-custom-foldable-sun-shades-cover	shopify	shopify_buy30620_crate
109151180	737296135	shopify_coverking_com	coverking.com:9229181485218	https://coverking.com/products/2026-bmw-ix-custom-foldable-sun-shades-cover	coverking.com/products/2026-bmw-ix-custom-foldable-sun-shades-cover	shopify	shopify_buy30620_crate
109151195	737296144	shopify_coverking_com	coverking.com:9229181190306	https://coverking.com/products/2026-dodge-hornet-dash-cover	coverking.com/products/2026-dodge-hornet-dash-cover	shopify	shopify_buy30620_crate
109151187	737296139	shopify_coverking_com	coverking.com:9229181354146	https://coverking.com/products/2026-hyundai-ioniq-6-dash-cover	coverking.com/products/2026-hyundai-ioniq-6-dash-cover	shopify	shopify_buy30620_crate
109151194	737296143	shopify_coverking_com	coverking.com:9229181223074	https://coverking.com/products/2026-hyundai-ioniq-9-floor-mats	coverking.com/products/2026-hyundai-ioniq-9-floor-mats	shopify	shopify_buy30620_crate
109151189	737296140	shopify_coverking_com	coverking.com:9229181321378	https://coverking.com/products/2026-hyundai-palisade-custom-foldable-sun-shades-cover	coverking.com/products/2026-hyundai-palisade-custom-foldable-sun-shades-cover	shopify	shopify_buy30620_crate
109151192	737296142	shopify_coverking_com	coverking.com:9229181255842	https://coverking.com/products/2026-mercedes-benz-s500-custom-foldable-sun-shades-cover	coverking.com/products/2026-mercedes-benz-s500-custom-foldable-sun-shades-cover	shopify	shopify_buy30620_crate
109151182	737296136	shopify_coverking_com	coverking.com:9229181452450	https://coverking.com/products/2026-mercedes-benz-s63-amg-e-performance-custom-foldable-sun-shades-cover	coverking.com/products/2026-mercedes-benz-s63-amg-e-performance-custom-foldable-sun-shades-cover	shopify	shopify_buy30620_crate
109151185	737296138	shopify_coverking_com	coverking.com:9229181386914	https://coverking.com/products/2026-nissan-altima-dash-cover	coverking.com/products/2026-nissan-altima-dash-cover	shopify	shopify_buy30620_crate
109151184	737296137	shopify_coverking_com	coverking.com:9229181419682	https://coverking.com/products/2026-porsche-718-boxster-custom-foldable-sun-shades-cover	coverking.com/products/2026-porsche-718-boxster-custom-foldable-sun-shades-cover	shopify	shopify_buy30620_crate
504391540	737300739	shopify_coverstore_com	coverstore.com:14682524025199	https://coverstore.com/products/2011-victory-vision-cover-weathertite-max-tan	coverstore.com/products/2011-victory-vision-cover-weathertite-max-tan	shopify	shopify_buy30620_crate
504391539	737300738	shopify_coverstore_com	coverstore.com:14681493111151	https://coverstore.com/products/2011-victory-vision-tour-cover-weathertite-max-tan	coverstore.com/products/2011-victory-vision-tour-cover-weathertite-max-tan	shopify	shopify_buy30620_crate
504391538	737300737	shopify_coverstore_com	coverstore.com:14679948689775	https://coverstore.com/products/2011-yamaha-royal-star-venture-s-cover-weathertite-max-tan	coverstore.com/products/2011-yamaha-royal-star-venture-s-cover-weathertite-max-tan	shopify	shopify_buy30620_crate
504391537	737300736	shopify_coverstore_com	coverstore.com:14681284084079	https://coverstore.com/products/2011-yamaha-xvz1300tfs-royal-star-venture-s-cover-weathertite-max-tan	coverstore.com/products/2011-yamaha-xvz1300tfs-royal-star-venture-s-cover-weathertite-max-tan	shopify	shopify_buy30620_crate
504391536	737300735	shopify_coverstore_com	coverstore.com:14678347874671	https://coverstore.com/products/2012-harley-davidson-electra-glide-ultra-classic-cover-weathertite-max-tan	coverstore.com/products/2012-harley-davidson-electra-glide-ultra-classic-cover-weathertite-max-tan	shopify	shopify_buy30620_crate
504391535	737300734	shopify_coverstore_com	coverstore.com:14678032384367	https://coverstore.com/products/2012-honda-gl1800a-gold-wing-abs-cover-weathertite-max-tan	coverstore.com/products/2012-honda-gl1800a-gold-wing-abs-cover-weathertite-max-tan	shopify	shopify_buy30620_crate
504391533	737300732	shopify_coverstore_com	coverstore.com:14681341002095	https://coverstore.com/products/2012-honda-gl1800-gold-wing-airbag-cover-weathertite-max-tan	coverstore.com/products/2012-honda-gl1800-gold-wing-airbag-cover-weathertite-max-tan	shopify	shopify_buy30620_crate
504391532	737300731	shopify_coverstore_com	coverstore.com:14678281453935	https://coverstore.com/products/2012-honda-gold-wing-abs-cover-weathertite-max-tan	coverstore.com/products/2012-honda-gold-wing-abs-cover-weathertite-max-tan	shopify	shopify_buy30620_crate
504391534	737300733	shopify_coverstore_com	coverstore.com:14681197085039	https://coverstore.com/products/2012-honda-interstate-abs-cover-weathertite-max-tan	coverstore.com/products/2012-honda-interstate-abs-cover-weathertite-max-tan	shopify	shopify_buy30620_crate
504413745	737307609	shopify_coyuchi_com	coyuchi.com:10275267576100	https://coyuchi.com/products/cloud-brushed™-organic-flannel-sheet-set-fawn-herringbone-stripe	coyuchi.com/products/cloud-brushed™-organic-flannel-sheet-set-fawn-herringbone-stripe	shopify	shopify_buy30620_crate
255802219	1399299037	shopify_cozey_canada_myshopify_com	cozey-canada.myshopify.com:8221252124870	https://cozey-canada.myshopify.com/products/atmosphere-storage-cover-kits-cloud-wip	cozey-canada.myshopify.com/products/atmosphere-storage-cover-kits-cloud-wip	shopify	shopify_buy30620_crate
255802218	1399299036	shopify_cozey_canada_myshopify_com	cozey-canada.myshopify.com:8221250650310	https://cozey-canada.myshopify.com/products/atmosphere-storage-cover-kits-frost-wip	cozey-canada.myshopify.com/products/atmosphere-storage-cover-kits-frost-wip	shopify	shopify_buy30620_crate
255802210	1399299031	shopify_cozey_canada_myshopify_com	cozey-canada.myshopify.com:8221240754374	https://cozey-canada.myshopify.com/products/atmosphere-storage-cover-kits-midnight-wip	cozey-canada.myshopify.com/products/atmosphere-storage-cover-kits-midnight-wip	shopify	shopify_buy30620_crate
255802215	1399299034	shopify_cozey_canada_myshopify_com	cozey-canada.myshopify.com:8221246619846	https://cozey-canada.myshopify.com/products/atmosphere-storage-cover-kits-night-wip	cozey-canada.myshopify.com/products/atmosphere-storage-cover-kits-night-wip	shopify	shopify_buy30620_crate
255802217	1399299035	shopify_cozey_canada_myshopify_com	cozey-canada.myshopify.com:8221248487622	https://cozey-canada.myshopify.com/products/atmosphere-storage-cover-kits-sage-wip	cozey-canada.myshopify.com/products/atmosphere-storage-cover-kits-sage-wip	shopify	shopify_buy30620_crate
255802212	1399299032	shopify_cozey_canada_myshopify_com	cozey-canada.myshopify.com:8221242196166	https://cozey-canada.myshopify.com/products/atmosphere-storage-cover-kits-silver-wip	cozey-canada.myshopify.com/products/atmosphere-storage-cover-kits-silver-wip	shopify	shopify_buy30620_crate
255802213	1399299033	shopify_cozey_canada_myshopify_com	cozey-canada.myshopify.com:8221243834566	https://cozey-canada.myshopify.com/products/atmosphere-storage-cover-kits-smoke-wip	cozey-canada.myshopify.com/products/atmosphere-storage-cover-kits-smoke-wip	shopify	shopify_buy30620_crate
255802602	1399298915	shopify_cozey_canada_myshopify_com	cozey-canada.myshopify.com:7974694813894	https://cozey-canada.myshopify.com/products/mistral-sectional-pebble-block-cushions-cool-water	cozey-canada.myshopify.com/products/mistral-sectional-pebble-block-cushions-cool-water	shopify	shopify_buy30620_crate
255802601	1399298914	shopify_cozey_canada_myshopify_com	cozey-canada.myshopify.com:7975351058630	https://cozey-canada.myshopify.com/products/mistral-sectional-pebble-block-cushions-patio	cozey-canada.myshopify.com/products/mistral-sectional-pebble-block-cushions-patio	shopify	shopify_buy30620_crate
255802595	1399298908	shopify_cozey_canada_myshopify_com	cozey-canada.myshopify.com:7974542442694	https://cozey-canada.myshopify.com/products/mistral-sectional-pebble-block-cushions-sandcastle	cozey-canada.myshopify.com/products/mistral-sectional-pebble-block-cushions-sandcastle	shopify	shopify_buy30620_crate
255802597	1399298910	shopify_cozey_canada_myshopify_com	cozey-canada.myshopify.com:7974546636998	https://cozey-canada.myshopify.com/products/mistral-sectional-pebble-ellipse-cushions-sandcastle	cozey-canada.myshopify.com/products/mistral-sectional-pebble-ellipse-cushions-sandcastle	shopify	shopify_buy30620_crate
255802599	1399298912	shopify_cozey_canada_myshopify_com	cozey-canada.myshopify.com:7974579208390	https://cozey-canada.myshopify.com/products/mistral-sofa-pebble-block-cushions-patio	cozey-canada.myshopify.com/products/mistral-sofa-pebble-block-cushions-patio	shopify	shopify_buy30620_crate
255802594	1399298907	shopify_cozey_canada_myshopify_com	cozey-canada.myshopify.com:7974507282630	https://cozey-canada.myshopify.com/products/mistral-sofa-pebble-block-cushions-sandcastle	cozey-canada.myshopify.com/products/mistral-sofa-pebble-block-cushions-sandcastle	shopify	shopify_buy30620_crate
255802598	1399298911	shopify_cozey_canada_myshopify_com	cozey-canada.myshopify.com:7974568919238	https://cozey-canada.myshopify.com/products/mistral-sofa-pebble-ellipse-cushions-fern	cozey-canada.myshopify.com/products/mistral-sofa-pebble-ellipse-cushions-fern	shopify	shopify_buy30620_crate
255802600	1399298913	shopify_cozey_canada_myshopify_com	cozey-canada.myshopify.com:7974583304390	https://cozey-canada.myshopify.com/products/mistral-sofa-pebble-ellipse-cushions-patio	cozey-canada.myshopify.com/products/mistral-sofa-pebble-ellipse-cushions-patio	shopify	shopify_buy30620_crate
255802596	1399298909	shopify_cozey_canada_myshopify_com	cozey-canada.myshopify.com:7974540738758	https://cozey-canada.myshopify.com/products/mistral-sofa-pebble-ellipse-cushions-sandcastle	cozey-canada.myshopify.com/products/mistral-sofa-pebble-ellipse-cushions-sandcastle	shopify	shopify_buy30620_crate
323469707	1265660666	shopify_cozzari_myshopify_com	cozzari.myshopify.com:15448478744908	https://cozzari.myshopify.com/products/aliita-fantasma-collana	cozzari.myshopify.com/products/aliita-fantasma-collana	shopify	shopify_buy30620_crate
323492974	1265673680	shopify_crafthue_myshopify_com	crafthue.myshopify.com:7543352525009	https://crafthue.myshopify.com/products/multi-purpose-pouch-combo-gond-blue-bird-mauve-garden	crafthue.myshopify.com/products/multi-purpose-pouch-combo-gond-blue-bird-mauve-garden	shopify	shopify_buy30620_crate
323492972	1265673678	shopify_crafthue_myshopify_com	crafthue.myshopify.com:7543352819921	https://crafthue.myshopify.com/products/multi-purpose-pouch-combo-green-knot-orange-madhubani-flower	crafthue.myshopify.com/products/multi-purpose-pouch-combo-green-knot-orange-madhubani-flower	shopify	shopify_buy30620_crate
323492973	1265673679	shopify_crafthue_myshopify_com	crafthue.myshopify.com:7543352688849	https://crafthue.myshopify.com/products/multi-purpose-pouch-combo-mauve-garden-green-knot	crafthue.myshopify.com/products/multi-purpose-pouch-combo-mauve-garden-green-knot	shopify	shopify_buy30620_crate
323492975	1265673681	shopify_crafthue_myshopify_com	crafthue.myshopify.com:7543352361169	https://crafthue.myshopify.com/products/multi-purpose-pouch-combo-orange-suzani-gond-blue-bird	crafthue.myshopify.com/products/multi-purpose-pouch-combo-orange-suzani-gond-blue-bird	shopify	shopify_buy30620_crate
323492971	1265673677	shopify_crafthue_myshopify_com	crafthue.myshopify.com:7549472899281	https://crafthue.myshopify.com/products/multi-purpose-pouch-organizer-blue-knot	crafthue.myshopify.com/products/multi-purpose-pouch-organizer-blue-knot	shopify	shopify_buy30620_crate
323493929	1265674570	shopify_craftmommy_8435_myshopify_com	craftmommy-8435.myshopify.com:10349083132179	https://craftmommy-8435.myshopify.com/products/sailor-moon-samaso-dtf-transfer-copy-1	craftmommy-8435.myshopify.com/products/sailor-moon-samaso-dtf-transfer-copy-1	shopify	shopify_buy30620_crate
125292377	737328099	shopify_crowdmade_com	crowdmade.com:10196824391954	https://crowdmade.com/products/custom-product-short-sleeve-shirts-b9b9f32f	crowdmade.com/products/custom-product-short-sleeve-shirts-b9b9f32f	shopify	shopify_buy30620_crate
125292380	737328100	shopify_crowdmade_com	crowdmade.com:10196666581266	https://crowdmade.com/products/jakecosplays-aug-1st-webhead-day	crowdmade.com/products/jakecosplays-aug-1st-webhead-day	shopify	shopify_buy30620_crate
125292390	737328105	shopify_crowdmade_com	crowdmade.com:10195994902802	https://crowdmade.com/products/jakecosplays-king-spice-pint-glass	crowdmade.com/products/jakecosplays-king-spice-pint-glass	shopify	shopify_buy30620_crate
125292382	737328101	shopify_crowdmade_com	crowdmade.com:10196332118290	https://crowdmade.com/products/jakecosplays-kryptonian-rage	crowdmade.com/products/jakecosplays-kryptonian-rage	shopify	shopify_buy30620_crate
125292388	737328104	shopify_crowdmade_com	crowdmade.com:10196009419026	https://crowdmade.com/products/jakecosplays-madam-nazar-whisky-pint-glass	crowdmade.com/products/jakecosplays-madam-nazar-whisky-pint-glass	shopify	shopify_buy30620_crate
125292373	737328097	shopify_crowdmade_com	crowdmade.com:10196898906386	https://crowdmade.com/products/juniper-t-shirt	crowdmade.com/products/juniper-t-shirt	shopify	shopify_buy30620_crate
125292371	737328096	shopify_crowdmade_com	crowdmade.com:10196900708626	https://crowdmade.com/products/juniper-white-text-with-cat-shirt-odq	crowdmade.com/products/juniper-white-text-with-cat-shirt-odq	shopify	shopify_buy30620_crate
125292375	737328098	shopify_crowdmade_com	crowdmade.com:10196897923346	https://crowdmade.com/products/rosyclozy-1-simp-shirt	crowdmade.com/products/rosyclozy-1-simp-shirt	shopify	shopify_buy30620_crate
125292386	737328103	shopify_crowdmade_com	crowdmade.com:10196054081810	https://crowdmade.com/products/vinnie-the-puke-music-art-the-ruins-vtp-unisex-t	crowdmade.com/products/vinnie-the-puke-music-art-the-ruins-vtp-unisex-t	shopify	shopify_buy30620_crate
125292384	737328102	shopify_crowdmade_com	crowdmade.com:10196171948306	https://crowdmade.com/products/vinnie-the-puke-music-art-triple-six-grey-botton-down-unisex	crowdmade.com/products/vinnie-the-puke-music-art-triple-six-grey-botton-down-unisex	shopify	shopify_buy30620_crate
72807390	737334804	shopify_crownnorthampton_com	crownnorthampton.com:9185880441050	https://crownnorthampton.com/products/harlestone-derby-d15-marbled-ultraviolet-horween-shell-cordovan	crownnorthampton.com/products/harlestone-derby-d15-marbled-ultraviolet-horween-shell-cordovan	shopify	shopify_buy30620_crate
72807391	737334805	shopify_crownnorthampton_com	crownnorthampton.com:9185761689818	https://crownnorthampton.com/products/harlestone-derby-horween-d15-marbled-ultraviolet-shell-cordovan-deluxe-care-pack	crownnorthampton.com/products/harlestone-derby-horween-d15-marbled-ultraviolet-shell-cordovan-deluxe-care-pack	shopify	shopify_buy30620_crate
69352670	160435078	shopify_curioos_com	curioos.com:8585797042314	https://curioos.com/products/minimal-lines-set-1	curioos.com/products/minimal-lines-set-1	shopify	shopify_buy30620_crate
280028575	290365141	shopify_customizeelitesocks_myshopify_com	customizeelitesocks.myshopify.com:11617356615	https://customizeelitesocks.myshopify.com/products/customize-your-own-17217	customizeelitesocks.myshopify.com/products/customize-your-own-17217	shopify	shopify_buy30620_crate
280028573	290365140	shopify_customizeelitesocks_myshopify_com	customizeelitesocks.myshopify.com:11617357063	https://customizeelitesocks.myshopify.com/products/customize-your-own-17218	customizeelitesocks.myshopify.com/products/customize-your-own-17218	shopify	shopify_buy30620_crate
280028572	290365139	shopify_customizeelitesocks_myshopify_com	customizeelitesocks.myshopify.com:11617357639	https://customizeelitesocks.myshopify.com/products/customize-your-own-17219	customizeelitesocks.myshopify.com/products/customize-your-own-17219	shopify	shopify_buy30620_crate
280028570	290365138	shopify_customizeelitesocks_myshopify_com	customizeelitesocks.myshopify.com:11617749127	https://customizeelitesocks.myshopify.com/products/customize-your-own-17220	customizeelitesocks.myshopify.com/products/customize-your-own-17220	shopify	shopify_buy30620_crate
280028568	290365137	shopify_customizeelitesocks_myshopify_com	customizeelitesocks.myshopify.com:11617749575	https://customizeelitesocks.myshopify.com/products/customize-your-own-17222	customizeelitesocks.myshopify.com/products/customize-your-own-17222	shopify	shopify_buy30620_crate
280028567	290365136	shopify_customizeelitesocks_myshopify_com	customizeelitesocks.myshopify.com:11618021575	https://customizeelitesocks.myshopify.com/products/customize-your-own-17224	customizeelitesocks.myshopify.com/products/customize-your-own-17224	shopify	shopify_buy30620_crate
280028566	290365135	shopify_customizeelitesocks_myshopify_com	customizeelitesocks.myshopify.com:11618021831	https://customizeelitesocks.myshopify.com/products/customize-your-own-17225	customizeelitesocks.myshopify.com/products/customize-your-own-17225	shopify	shopify_buy30620_crate
280028564	290365134	shopify_customizeelitesocks_myshopify_com	customizeelitesocks.myshopify.com:11618059527	https://customizeelitesocks.myshopify.com/products/customize-your-own-17226	customizeelitesocks.myshopify.com/products/customize-your-own-17226	shopify	shopify_buy30620_crate
280028562	290365133	shopify_customizeelitesocks_myshopify_com	customizeelitesocks.myshopify.com:11618059975	https://customizeelitesocks.myshopify.com/products/customize-your-own-17227	customizeelitesocks.myshopify.com/products/customize-your-own-17227	shopify	shopify_buy30620_crate
280028559	290365132	shopify_customizeelitesocks_myshopify_com	customizeelitesocks.myshopify.com:11618060423	https://customizeelitesocks.myshopify.com/products/customize-your-own-17228	customizeelitesocks.myshopify.com/products/customize-your-own-17228	shopify	shopify_buy30620_crate
280028558	290365131	shopify_customizeelitesocks_myshopify_com	customizeelitesocks.myshopify.com:11618156871	https://customizeelitesocks.myshopify.com/products/customize-your-own-17229	customizeelitesocks.myshopify.com/products/customize-your-own-17229	shopify	shopify_buy30620_crate
280028556	290365130	shopify_customizeelitesocks_myshopify_com	customizeelitesocks.myshopify.com:11618157383	https://customizeelitesocks.myshopify.com/products/customize-your-own-17230	customizeelitesocks.myshopify.com/products/customize-your-own-17230	shopify	shopify_buy30620_crate
596278106	560863977	shopify_d9c6c9_2_myshopify_com	d9c6c9-2.myshopify.com:10406704939318	https://d9c6c9-2.myshopify.com/products/abn0616st0107	d9c6c9-2.myshopify.com/products/abn0616st0107	shopify	shopify_buy30620_crate
596278095	560863973	shopify_d9c6c9_2_myshopify_com	d9c6c9-2.myshopify.com:9534338040118	https://d9c6c9-2.myshopify.com/products/hsl0818st0282	d9c6c9-2.myshopify.com/products/hsl0818st0282	shopify	shopify_buy30620_crate
