[2026-06-19T05:23:22Z] BUY-52997 watchdog start before_pct=81 free_gb=37.8
[2026-06-19T05:23:23Z] starting workspace=/paperclip/instances/default/workspaces/476c8023-3635-45bb-9f71-db6f4f5700e1/buywhere-api apply=1 keep_hours=48 alert_pct=90
[2026-06-19T05:23:23Z] starting workspace=/paperclip/instances/default/workspaces/3ec8f6dd-1735-4479-9825-a2c42edac34c apply=1 keep_hours=48 alert_pct=90
[2026-06-19T05:23:23Z] BUY-52997 wc cleanup complete rc=0 workspace=all after_pct=81 free_gb=37.7 report=/paperclip/instances/default/workspaces/logs/buy53095_wc_cycle_cleanup_report.json
[2026-06-19T05:23:23Z] starting apply=1 root=/paperclip/instances/default/workspaces log_retention_days=2 run_retention_days=3 heartbeat_retention_min=360 trash_archive_minutes=360 trash_archive_min_kb=262144 alert_pct=90
[2026-06-19T05:23:23Z] skip-undeletable kind=pycache-file kb=24 path=/paperclip/instances/default/workspaces/7fb55262-e658-45e2-88c0-b0e8ccc5ad6c/scripts/__pycache__/ingested_marker.cpython-312.pyc
[2026-06-19T05:23:26Z] deleted kind=stale-pid kb=1 path=/paperclip/instances/default/workspaces/476c8023-3635-45bb-9f71-db6f4f5700e1/buywhere-api/data/.buy31015-deep-page-supervisor.pid
[2026-06-19T05:23:30Z] skip-undeletable kind=pycache-dir kb=4 path=/paperclip/instances/default/workspaces/3ec8f6dd-1735-4479-9825-a2c42edac34c/scripts/__pycache__
[2026-06-19T05:23:30Z] skip-undeletable kind=pycache-file kb=26 path=/paperclip/instances/default/workspaces/3ec8f6dd-1735-4479-9825-a2c42edac34c/scripts/__pycache__/ingest_buy30620_lanes.cpython-312.pyc
[2026-06-19T05:23:41Z] summary apply=1 scanned=14 removed=1 skipped_undeletable=3 failed=0 reclaimed_kb=1 report=/paperclip/instances/default/workspaces/logs/buy53114_worker_wc_cycle_cleanup_report.json
[2026-06-19T05:23:41Z] BUY-53114 worker cleanup complete rc=0 after_pct=81 free_gb=37.0 report=/paperclip/instances/default/workspaces/logs/buy53114_worker_wc_cycle_cleanup_report.json
{
  "generated_at": "2026-06-19T05:23:41.691Z",
  "status": "PASS",
  "blocked_reason": null,
  "filesystem": "/dev/vda1",
  "mount_path": "/",
  "free_bytes": 39733837824,
  "total_bytes": 206900281344,
  "warn_bytes": 21474836480,
  "critical_bytes": 5368709120,
  "consecutive_critical": 0,
  "consecutive_required": 1,
  "cooldown_ms": 14400000,
  "last_incident_id": null,
  "last_incident_identifier": null,
  "last_incident_at": null,
  "incident": null,
  "snapshot_dir": "/paperclip/instances/default/workspaces/476c8023-3635-45bb-9f71-db6f4f5700e1/buywhere-api/data/buy-48198-disk-monitor-2026-06-19T052341Z",
  "source_identifier": "BUY-48198",
  "execution_identifier": "e56e3f2c-87e7-4b61-a2e4-13bb09d96320",
  "alert_issue_identifier": "BUY-30808",
  "notes": [
    "free=37.0 GB (39733837824 B) warn<20.0 GB critical<5.0 GB"
  ]
}
[2026-06-19T05:23:41Z] BUY-52997 watchdog complete rc=0
[2026-06-19T05:24:17Z] BUY-48198 watchdog start before_pct=81 free_gb=37.4
[2026-06-19T05:24:17Z] starting workspace=/paperclip/instances/default/workspaces/476c8023-3635-45bb-9f71-db6f4f5700e1/buywhere-api apply=1 keep_hours=48 alert_pct=90
[2026-06-19T05:24:17Z] starting workspace=/paperclip/instances/default/workspaces/3ec8f6dd-1735-4479-9825-a2c42edac34c apply=1 keep_hours=48 alert_pct=90
[2026-06-19T05:24:18Z] BUY-48198 wc cleanup complete rc=0 workspace=all after_pct=81 free_gb=37.4 report=/paperclip/instances/default/workspaces/logs/buy53095_wc_cycle_cleanup_report.json
[2026-06-19T05:24:18Z] starting apply=1 root=/paperclip/instances/default/workspaces log_retention_days=2 run_retention_days=3 heartbeat_retention_min=360 trash_archive_minutes=360 trash_archive_min_kb=262144 alert_pct=90
[2026-06-19T05:24:18Z] skip-undeletable kind=pycache-file kb=24 path=/paperclip/instances/default/workspaces/7fb55262-e658-45e2-88c0-b0e8ccc5ad6c/scripts/__pycache__/ingested_marker.cpython-312.pyc
[2026-06-19T05:24:27Z] skip-undeletable kind=pycache-dir kb=4 path=/paperclip/instances/default/workspaces/3ec8f6dd-1735-4479-9825-a2c42edac34c/scripts/__pycache__
[2026-06-19T05:24:27Z] skip-undeletable kind=pycache-file kb=26 path=/paperclip/instances/default/workspaces/3ec8f6dd-1735-4479-9825-a2c42edac34c/scripts/__pycache__/ingest_buy30620_lanes.cpython-312.pyc
[2026-06-19T05:24:39Z] summary apply=1 scanned=13 removed=0 skipped_undeletable=3 failed=0 reclaimed_kb=0 report=/paperclip/instances/default/workspaces/logs/buy53114_worker_wc_cycle_cleanup_report.json
[2026-06-19T05:24:39Z] BUY-53114 worker cleanup complete rc=0 after_pct=81 free_gb=37.0 report=/paperclip/instances/default/workspaces/logs/buy53114_worker_wc_cycle_cleanup_report.json
{
  "generated_at": "2026-06-19T05:24:39.499Z",
  "status": "PASS",
  "blocked_reason": null,
  "filesystem": "/dev/vda1",
  "mount_path": "/",
  "free_bytes": 39712616448,
  "total_bytes": 206900281344,
  "warn_bytes": 21474836480,
  "critical_bytes": 5368709120,
  "consecutive_critical": 0,
  "consecutive_required": 1,
  "cooldown_ms": 14400000,
  "last_incident_id": null,
  "last_incident_identifier": null,
  "last_incident_at": null,
  "incident": null,
  "snapshot_dir": "/paperclip/instances/default/workspaces/476c8023-3635-45bb-9f71-db6f4f5700e1/buywhere-api/data/buy-48198-disk-monitor-2026-06-19T052439Z",
  "source_identifier": "BUY-48198",
  "execution_identifier": "e56e3f2c-87e7-4b61-a2e4-13bb09d96320",
  "alert_issue_identifier": "BUY-30808",
  "notes": [
    "free=37.0 GB (39712616448 B) warn<20.0 GB critical<5.0 GB"
  ]
}
[2026-06-19T05:24:39Z] BUY-48198 watchdog complete rc=0
[2026-06-19T07:59:13Z] BUY-48198 watchdog start before_pct=81 free_gb=37.4
[2026-06-19T07:59:13Z] starting workspace=/paperclip/instances/default/workspaces/476c8023-3635-45bb-9f71-db6f4f5700e1/buywhere-api apply=1 keep_hours=48 alert_pct=90
[2026-06-19T07:59:13Z] starting workspace=/paperclip/instances/default/workspaces/3ec8f6dd-1735-4479-9825-a2c42edac34c apply=1 keep_hours=48 alert_pct=90
[2026-06-19T07:59:13Z] BUY-48198 wc cleanup complete rc=0 workspace=all after_pct=81 free_gb=37.4 report=/paperclip/instances/default/workspaces/logs/buy53095_wc_cycle_cleanup_report.json
[2026-06-19T07:59:13Z] starting apply=1 root=/paperclip/instances/default/workspaces log_retention_days=2 run_retention_days=3 heartbeat_retention_min=360 alert_pct=90
[2026-06-19T07:59:13Z] skip-undeletable kind=pycache-dir kb=4 path=/paperclip/instances/default/workspaces/7fb55262-e658-45e2-88c0-b0e8ccc5ad6c/scripts/__pycache__
[2026-06-19T07:59:13Z] skip-undeletable kind=pycache-file kb=24 path=/paperclip/instances/default/workspaces/7fb55262-e658-45e2-88c0-b0e8ccc5ad6c/scripts/__pycache__/ingested_marker.cpython-312.pyc
[2026-06-19T07:59:13Z] skip-undeletable kind=pycache-file kb=37 path=/paperclip/instances/default/workspaces/7fb55262-e658-45e2-88c0-b0e8ccc5ad6c/scripts/__pycache__/ingest_buy30620_lanes.cpython-312.pyc
[2026-06-19T07:59:19Z] skip-undeletable kind=pycache-dir kb=4 path=/paperclip/instances/default/workspaces/3ec8f6dd-1735-4479-9825-a2c42edac34c/scripts/__pycache__
[2026-06-19T07:59:19Z] skip-undeletable kind=pycache-file kb=26 path=/paperclip/instances/default/workspaces/3ec8f6dd-1735-4479-9825-a2c42edac34c/scripts/__pycache__/ingest_buy30620_lanes.cpython-312.pyc
[2026-06-19T07:59:27Z] summary apply=1 scanned=12 removed=0 skipped_undeletable=5 failed=0 reclaimed_kb=0 report=/paperclip/instances/default/workspaces/logs/buy53114_worker_wc_cycle_cleanup_report.json
[2026-06-19T07:59:27Z] BUY-53114 worker cleanup complete rc=0 after_pct=81 free_gb=37.4 report=/paperclip/instances/default/workspaces/logs/buy53114_worker_wc_cycle_cleanup_report.json
{
  "generated_at": "2026-06-19T07:59:27.254Z",
  "status": "PASS",
  "blocked_reason": null,
  "filesystem": "/dev/vda1",
  "mount_path": "/",
  "free_bytes": 40105443328,
  "total_bytes": 206900281344,
  "warn_bytes": 21474836480,
  "critical_bytes": 5368709120,
  "consecutive_critical": 0,
  "consecutive_required": 1,
  "cooldown_ms": 14400000,
  "last_incident_id": null,
  "last_incident_identifier": null,
  "last_incident_at": null,
  "incident": null,
  "snapshot_dir": "/paperclip/instances/default/workspaces/476c8023-3635-45bb-9f71-db6f4f5700e1/buywhere-api/data/buy-48198-disk-monitor-2026-06-19T075927Z",
  "source_identifier": "BUY-48198",
  "execution_identifier": "9b0e4205-58e7-4cfa-8aba-83b40abb4f3c",
  "alert_issue_identifier": "BUY-30808",
  "notes": [
    "free=37.4 GB (40105443328 B) warn<20.0 GB critical<5.0 GB"
  ]
}
[2026-06-19T07:59:27Z] BUY-48198 watchdog complete rc=0
[2026-06-19T08:00:01Z] BUY-48198 watchdog start before_pct=81 free_gb=37.3
[2026-06-19T08:00:02Z] starting workspace=/paperclip/instances/default/workspaces/476c8023-3635-45bb-9f71-db6f4f5700e1/buywhere-api apply=1 keep_hours=48 alert_pct=90
[2026-06-19T08:00:02Z] starting workspace=/paperclip/instances/default/workspaces/3ec8f6dd-1735-4479-9825-a2c42edac34c apply=1 keep_hours=48 alert_pct=90
[2026-06-19T08:00:02Z] BUY-48198 wc cleanup complete rc=0 workspace=all after_pct=81 free_gb=37.3 report=/paperclip/instances/default/workspaces/logs/buy53095_wc_cycle_cleanup_report.json
[2026-06-19T08:00:02Z] starting apply=1 root=/paperclip/instances/default/workspaces log_retention_days=2 run_retention_days=3 heartbeat_retention_min=360 alert_pct=90
[2026-06-19T08:00:02Z] skip-undeletable kind=pycache-dir kb=4 path=/paperclip/instances/default/workspaces/7fb55262-e658-45e2-88c0-b0e8ccc5ad6c/scripts/__pycache__
[2026-06-19T08:00:02Z] skip-undeletable kind=pycache-file kb=24 path=/paperclip/instances/default/workspaces/7fb55262-e658-45e2-88c0-b0e8ccc5ad6c/scripts/__pycache__/ingested_marker.cpython-312.pyc
[2026-06-19T08:00:02Z] skip-undeletable kind=pycache-file kb=37 path=/paperclip/instances/default/workspaces/7fb55262-e658-45e2-88c0-b0e8ccc5ad6c/scripts/__pycache__/ingest_buy30620_lanes.cpython-312.pyc
[2026-06-19T08:00:09Z] skip-undeletable kind=pycache-dir kb=4 path=/paperclip/instances/default/workspaces/3ec8f6dd-1735-4479-9825-a2c42edac34c/scripts/__pycache__
[2026-06-19T08:00:09Z] skip-undeletable kind=pycache-file kb=26 path=/paperclip/instances/default/workspaces/3ec8f6dd-1735-4479-9825-a2c42edac34c/scripts/__pycache__/ingest_buy30620_lanes.cpython-312.pyc
[2026-06-19T08:00:09Z] deleted kind=cycle-log kb=1 path=/paperclip/instances/default/workspaces/3ec8f6dd-1735-4479-9825-a2c42edac34c/logs/buy31015-deep-supervisor-20260616T075602Z.log
[2026-06-19T08:00:18Z] summary apply=1 scanned=13 removed=1 skipped_undeletable=5 failed=0 reclaimed_kb=1 report=/paperclip/instances/default/workspaces/logs/buy53114_worker_wc_cycle_cleanup_report.json
[2026-06-19T08:00:18Z] BUY-53114 worker cleanup complete rc=0 after_pct=81 free_gb=38.0 report=/paperclip/instances/default/workspaces/logs/buy53114_worker_wc_cycle_cleanup_report.json
{
  "generated_at": "2026-06-19T08:00:18.650Z",
  "status": "PASS",
  "blocked_reason": null,
  "filesystem": "/dev/vda1",
  "mount_path": "/",
  "free_bytes": 40773373952,
  "total_bytes": 206900281344,
  "warn_bytes": 21474836480,
  "critical_bytes": 5368709120,
  "consecutive_critical": 0,
  "consecutive_required": 1,
  "cooldown_ms": 14400000,
  "last_incident_id": null,
  "last_incident_identifier": null,
  "last_incident_at": null,
  "incident": null,
  "snapshot_dir": "/paperclip/instances/default/workspaces/476c8023-3635-45bb-9f71-db6f4f5700e1/buywhere-api/data/buy-48198-disk-monitor-2026-06-19T080018Z",
  "source_identifier": "BUY-48198",
  "execution_identifier": "BUY-48198",
  "alert_issue_identifier": "BUY-30808",
  "notes": [
    "free=38.0 GB (40773373952 B) warn<20.0 GB critical<5.0 GB"
  ]
}
[2026-06-19T08:00:18Z] BUY-48198 watchdog complete rc=0
[2026-06-19T08:05:01Z] BUY-48198 watchdog start before_pct=83 free_gb=33.1
[2026-06-19T08:05:01Z] starting workspace=/paperclip/instances/default/workspaces/476c8023-3635-45bb-9f71-db6f4f5700e1/buywhere-api apply=1 keep_hours=48 alert_pct=90
[2026-06-19T08:05:01Z] starting workspace=/paperclip/instances/default/workspaces/3ec8f6dd-1735-4479-9825-a2c42edac34c apply=1 keep_hours=48 alert_pct=90
[2026-06-19T08:05:02Z] BUY-48198 wc cleanup complete rc=0 workspace=all after_pct=83 free_gb=33.1 report=/paperclip/instances/default/workspaces/logs/buy53095_wc_cycle_cleanup_report.json
[2026-06-19T08:05:02Z] starting apply=1 root=/paperclip/instances/default/workspaces log_retention_days=2 run_retention_days=3 heartbeat_retention_min=360 alert_pct=90
[2026-06-19T08:05:02Z] skip-undeletable kind=pycache-dir kb=4 path=/paperclip/instances/default/workspaces/7fb55262-e658-45e2-88c0-b0e8ccc5ad6c/scripts/__pycache__
[2026-06-19T08:05:02Z] skip-undeletable kind=pycache-file kb=24 path=/paperclip/instances/default/workspaces/7fb55262-e658-45e2-88c0-b0e8ccc5ad6c/scripts/__pycache__/ingested_marker.cpython-312.pyc
[2026-06-19T08:05:02Z] skip-undeletable kind=pycache-file kb=37 path=/paperclip/instances/default/workspaces/7fb55262-e658-45e2-88c0-b0e8ccc5ad6c/scripts/__pycache__/ingest_buy30620_lanes.cpython-312.pyc
[2026-06-19T08:05:07Z] skip-undeletable kind=pycache-dir kb=4 path=/paperclip/instances/default/workspaces/3ec8f6dd-1735-4479-9825-a2c42edac34c/scripts/__pycache__
[2026-06-19T08:05:07Z] skip-undeletable kind=pycache-file kb=26 path=/paperclip/instances/default/workspaces/3ec8f6dd-1735-4479-9825-a2c42edac34c/scripts/__pycache__/ingest_buy30620_lanes.cpython-312.pyc
[2026-06-19T08:05:08Z] deleted kind=stale-pid kb=1 path=/paperclip/instances/default/workspaces/8ca957f8-0911-4e81-a963-e2cf54c97d44/buywhere-api-buy-22757/data/fairprice_scrape/scraper.pid
[2026-06-19T08:05:08Z] deleted kind=stale-pid kb=1 path=/paperclip/instances/default/workspaces/8ca957f8-0911-4e81-a963-e2cf54c97d44/buywhere-api-buy-22757/data/carousell-sg/scraper.pid
[2026-06-19T08:05:16Z] summary apply=1 scanned=14 removed=2 skipped_undeletable=5 failed=0 reclaimed_kb=2 report=/paperclip/instances/default/workspaces/logs/buy53114_worker_wc_cycle_cleanup_report.json
[2026-06-19T08:05:16Z] BUY-53114 worker cleanup complete rc=0 after_pct=83 free_gb=32.9 report=/paperclip/instances/default/workspaces/logs/buy53114_worker_wc_cycle_cleanup_report.json
{
  "generated_at": "2026-06-19T08:05:16.925Z",
  "status": "PASS",
  "blocked_reason": null,
  "filesystem": "/dev/vda1",
  "mount_path": "/",
  "free_bytes": 35358941184,
  "total_bytes": 206900281344,
  "warn_bytes": 21474836480,
  "critical_bytes": 5368709120,
  "consecutive_critical": 0,
  "consecutive_required": 1,
  "cooldown_ms": 14400000,
  "last_incident_id": null,
  "last_incident_identifier": null,
  "last_incident_at": null,
  "incident": null,
  "snapshot_dir": "/paperclip/instances/default/workspaces/476c8023-3635-45bb-9f71-db6f4f5700e1/buywhere-api/data/buy-48198-disk-monitor-2026-06-19T080516Z",
  "source_identifier": "BUY-48198",
  "execution_identifier": "BUY-48198",
  "alert_issue_identifier": "BUY-30808",
  "notes": [
    "free=32.9 GB (35358941184 B) warn<20.0 GB critical<5.0 GB"
  ]
}
[2026-06-19T08:05:16Z] BUY-48198 watchdog complete rc=0
[2026-06-19T08:10:01Z] BUY-48198 watchdog start before_pct=81 free_gb=37.3
[2026-06-19T08:10:01Z] starting workspace=/paperclip/instances/default/workspaces/476c8023-3635-45bb-9f71-db6f4f5700e1/buywhere-api apply=1 keep_hours=48 alert_pct=90
[2026-06-19T08:10:01Z] starting workspace=/paperclip/instances/default/workspaces/3ec8f6dd-1735-4479-9825-a2c42edac34c apply=1 keep_hours=48 alert_pct=90
[2026-06-19T08:10:02Z] BUY-48198 wc cleanup complete rc=0 workspace=all after_pct=81 free_gb=37.3 report=/paperclip/instances/default/workspaces/logs/buy53095_wc_cycle_cleanup_report.json
[2026-06-19T08:10:02Z] starting apply=1 root=/paperclip/instances/default/workspaces log_retention_days=2 run_retention_days=3 heartbeat_retention_min=360 alert_pct=90
[2026-06-19T08:10:02Z] skip-undeletable kind=pycache-dir kb=4 path=/paperclip/instances/default/workspaces/7fb55262-e658-45e2-88c0-b0e8ccc5ad6c/scripts/__pycache__
[2026-06-19T08:10:02Z] skip-undeletable kind=pycache-file kb=24 path=/paperclip/instances/default/workspaces/7fb55262-e658-45e2-88c0-b0e8ccc5ad6c/scripts/__pycache__/ingested_marker.cpython-312.pyc
[2026-06-19T08:10:02Z] skip-undeletable kind=pycache-file kb=37 path=/paperclip/instances/default/workspaces/7fb55262-e658-45e2-88c0-b0e8ccc5ad6c/scripts/__pycache__/ingest_buy30620_lanes.cpython-312.pyc
[2026-06-19T08:10:05Z] deleted kind=stale-pid kb=1 path=/paperclip/instances/default/workspaces/476c8023-3635-45bb-9f71-db6f4f5700e1/buywhere-api/data/carousell-sg/scraper.pid
[2026-06-19T08:10:09Z] skip-undeletable kind=pycache-dir kb=4 path=/paperclip/instances/default/workspaces/3ec8f6dd-1735-4479-9825-a2c42edac34c/scripts/__pycache__
[2026-06-19T08:10:09Z] skip-undeletable kind=pycache-file kb=26 path=/paperclip/instances/default/workspaces/3ec8f6dd-1735-4479-9825-a2c42edac34c/scripts/__pycache__/ingest_buy30620_lanes.cpython-312.pyc
[2026-06-19T08:10:09Z] deleted kind=cycle-log kb=1 path=/paperclip/instances/default/workspaces/3ec8f6dd-1735-4479-9825-a2c42edac34c/logs/buy31015-deep-supervisor-20260616T080801Z.log
[2026-06-19T08:10:18Z] summary apply=1 scanned=13 removed=2 skipped_undeletable=5 failed=0 reclaimed_kb=2 report=/paperclip/instances/default/workspaces/logs/buy53114_worker_wc_cycle_cleanup_report.json
[2026-06-19T08:10:18Z] BUY-53114 worker cleanup complete rc=0 after_pct=82 free_gb=36.5 report=/paperclip/instances/default/workspaces/logs/buy53114_worker_wc_cycle_cleanup_report.json
{
  "generated_at": "2026-06-19T08:10:18.917Z",
  "status": "PASS",
  "blocked_reason": null,
  "filesystem": "/dev/vda1",
  "mount_path": "/",
  "free_bytes": 39211573248,
  "total_bytes": 206900281344,
  "warn_bytes": 21474836480,
  "critical_bytes": 5368709120,
  "consecutive_critical": 0,
  "consecutive_required": 1,
  "cooldown_ms": 14400000,
  "last_incident_id": null,
  "last_incident_identifier": null,
  "last_incident_at": null,
  "incident": null,
  "snapshot_dir": "/paperclip/instances/default/workspaces/476c8023-3635-45bb-9f71-db6f4f5700e1/buywhere-api/data/buy-48198-disk-monitor-2026-06-19T081018Z",
  "source_identifier": "BUY-48198",
  "execution_identifier": "BUY-48198",
  "alert_issue_identifier": "BUY-30808",
  "notes": [
    "free=36.5 GB (39211573248 B) warn<20.0 GB critical<5.0 GB"
  ]
}
[2026-06-19T08:10:18Z] BUY-48198 watchdog complete rc=0
[2026-06-19T08:15:01Z] BUY-48198 watchdog start before_pct=82 free_gb=36.2
[2026-06-19T08:15:02Z] starting workspace=/paperclip/instances/default/workspaces/476c8023-3635-45bb-9f71-db6f4f5700e1/buywhere-api apply=1 keep_hours=48 alert_pct=90
[2026-06-19T08:15:02Z] starting workspace=/paperclip/instances/default/workspaces/3ec8f6dd-1735-4479-9825-a2c42edac34c apply=1 keep_hours=48 alert_pct=90
[2026-06-19T08:15:02Z] BUY-48198 wc cleanup complete rc=0 workspace=all after_pct=82 free_gb=36.2 report=/paperclip/instances/default/workspaces/logs/buy53095_wc_cycle_cleanup_report.json
[2026-06-19T08:15:02Z] starting apply=1 root=/paperclip/instances/default/workspaces log_retention_days=2 run_retention_days=3 heartbeat_retention_min=360 alert_pct=90
[2026-06-19T08:15:02Z] skip-undeletable kind=pycache-dir kb=4 path=/paperclip/instances/default/workspaces/7fb55262-e658-45e2-88c0-b0e8ccc5ad6c/scripts/__pycache__
[2026-06-19T08:15:02Z] skip-undeletable kind=pycache-file kb=24 path=/paperclip/instances/default/workspaces/7fb55262-e658-45e2-88c0-b0e8ccc5ad6c/scripts/__pycache__/ingested_marker.cpython-312.pyc
[2026-06-19T08:15:02Z] skip-undeletable kind=pycache-file kb=37 path=/paperclip/instances/default/workspaces/7fb55262-e658-45e2-88c0-b0e8ccc5ad6c/scripts/__pycache__/ingest_buy30620_lanes.cpython-312.pyc
[2026-06-19T08:15:03Z] deleted kind=pycache-dir kb=4 path=/paperclip/instances/default/workspaces/bbfe3377-eb84-412f-9119-493d1732b4fd/metrics/same-day/__pycache__
[2026-06-19T08:15:08Z] skip-undeletable kind=pycache-dir kb=4 path=/paperclip/instances/default/workspaces/3ec8f6dd-1735-4479-9825-a2c42edac34c/scripts/__pycache__
[2026-06-19T08:15:08Z] skip-undeletable kind=pycache-file kb=26 path=/paperclip/instances/default/workspaces/3ec8f6dd-1735-4479-9825-a2c42edac34c/scripts/__pycache__/ingest_buy30620_lanes.cpython-312.pyc
[2026-06-19T08:15:17Z] summary apply=1 scanned=13 removed=1 skipped_undeletable=5 failed=0 reclaimed_kb=4 report=/paperclip/instances/default/workspaces/logs/buy53114_worker_wc_cycle_cleanup_report.json
[2026-06-19T08:15:17Z] BUY-53114 worker cleanup complete rc=0 after_pct=81 free_gb=36.9 report=/paperclip/instances/default/workspaces/logs/buy53114_worker_wc_cycle_cleanup_report.json
{
  "generated_at": "2026-06-19T08:15:17.299Z",
  "status": "PASS",
  "blocked_reason": null,
  "filesystem": "/dev/vda1",
  "mount_path": "/",
  "free_bytes": 39572348928,
  "total_bytes": 206900281344,
  "warn_bytes": 21474836480,
  "critical_bytes": 5368709120,
  "consecutive_critical": 0,
  "consecutive_required": 1,
  "cooldown_ms": 14400000,
  "last_incident_id": null,
  "last_incident_identifier": null,
  "last_incident_at": null,
  "incident": null,
  "snapshot_dir": "/paperclip/instances/default/workspaces/476c8023-3635-45bb-9f71-db6f4f5700e1/buywhere-api/data/buy-48198-disk-monitor-2026-06-19T081517Z",
  "source_identifier": "BUY-48198",
  "execution_identifier": "BUY-48198",
  "alert_issue_identifier": "BUY-30808",
  "notes": [
    "free=36.9 GB (39572348928 B) warn<20.0 GB critical<5.0 GB"
  ]
}
[2026-06-19T08:15:17Z] BUY-48198 watchdog complete rc=0
[2026-06-19T08:20:01Z] BUY-48198 watchdog start before_pct=82 free_gb=36.2
[2026-06-19T08:20:01Z] starting workspace=/paperclip/instances/default/workspaces/476c8023-3635-45bb-9f71-db6f4f5700e1/buywhere-api apply=1 keep_hours=48 alert_pct=90
[2026-06-19T08:20:01Z] starting workspace=/paperclip/instances/default/workspaces/3ec8f6dd-1735-4479-9825-a2c42edac34c apply=1 keep_hours=48 alert_pct=90
[2026-06-19T08:20:02Z] BUY-48198 wc cleanup complete rc=0 workspace=all after_pct=82 free_gb=36.2 report=/paperclip/instances/default/workspaces/logs/buy53095_wc_cycle_cleanup_report.json
[2026-06-19T08:20:02Z] starting apply=1 root=/paperclip/instances/default/workspaces log_retention_days=2 run_retention_days=3 heartbeat_retention_min=360 alert_pct=90
[2026-06-19T08:20:02Z] skip-undeletable kind=pycache-dir kb=4 path=/paperclip/instances/default/workspaces/7fb55262-e658-45e2-88c0-b0e8ccc5ad6c/scripts/__pycache__
[2026-06-19T08:20:02Z] skip-undeletable kind=pycache-file kb=24 path=/paperclip/instances/default/workspaces/7fb55262-e658-45e2-88c0-b0e8ccc5ad6c/scripts/__pycache__/ingested_marker.cpython-312.pyc
[2026-06-19T08:20:02Z] skip-undeletable kind=pycache-file kb=37 path=/paperclip/instances/default/workspaces/7fb55262-e658-45e2-88c0-b0e8ccc5ad6c/scripts/__pycache__/ingest_buy30620_lanes.cpython-312.pyc
[2026-06-19T08:20:05Z] deleted kind=stale-pid kb=1 path=/paperclip/instances/default/workspaces/476c8023-3635-45bb-9f71-db6f4f5700e1/buywhere-api/data/carousell-sg/scraper.pid
[2026-06-19T08:20:09Z] skip-undeletable kind=pycache-dir kb=4 path=/paperclip/instances/default/workspaces/3ec8f6dd-1735-4479-9825-a2c42edac34c/scripts/__pycache__
[2026-06-19T08:20:09Z] skip-undeletable kind=pycache-file kb=26 path=/paperclip/instances/default/workspaces/3ec8f6dd-1735-4479-9825-a2c42edac34c/scripts/__pycache__/ingest_buy30620_lanes.cpython-312.pyc
[2026-06-19T08:20:09Z] deleted kind=cycle-log kb=1 path=/paperclip/instances/default/workspaces/3ec8f6dd-1735-4479-9825-a2c42edac34c/logs/buy31015-deep-supervisor-20260616T081602Z.log
[2026-06-19T08:20:17Z] summary apply=1 scanned=13 removed=2 skipped_undeletable=5 failed=0 reclaimed_kb=2 report=/paperclip/instances/default/workspaces/logs/buy53114_worker_wc_cycle_cleanup_report.json
[2026-06-19T08:20:17Z] BUY-53114 worker cleanup complete rc=0 after_pct=81 free_gb=37.3 report=/paperclip/instances/default/workspaces/logs/buy53114_worker_wc_cycle_cleanup_report.json
{
  "generated_at": "2026-06-19T08:20:17.196Z",
  "status": "PASS",
  "blocked_reason": null,
  "filesystem": "/dev/vda1",
  "mount_path": "/",
  "free_bytes": 40038014976,
  "total_bytes": 206900281344,
  "warn_bytes": 21474836480,
  "critical_bytes": 5368709120,
  "consecutive_critical": 0,
  "consecutive_required": 1,
  "cooldown_ms": 14400000,
  "last_incident_id": null,
  "last_incident_identifier": null,
  "last_incident_at": null,
  "incident": null,
  "snapshot_dir": "/paperclip/instances/default/workspaces/476c8023-3635-45bb-9f71-db6f4f5700e1/buywhere-api/data/buy-48198-disk-monitor-2026-06-19T082017Z",
  "source_identifier": "BUY-48198",
  "execution_identifier": "BUY-48198",
  "alert_issue_identifier": "BUY-30808",
  "notes": [
    "free=37.3 GB (40038014976 B) warn<20.0 GB critical<5.0 GB"
  ]
}
[2026-06-19T08:20:17Z] BUY-48198 watchdog complete rc=0
[2026-06-19T08:25:01Z] BUY-48198 watchdog start before_pct=82 free_gb=36.1
[2026-06-19T08:25:01Z] starting workspace=/paperclip/instances/default/workspaces/476c8023-3635-45bb-9f71-db6f4f5700e1/buywhere-api apply=1 keep_hours=48 alert_pct=90
[2026-06-19T08:25:01Z] starting workspace=/paperclip/instances/default/workspaces/3ec8f6dd-1735-4479-9825-a2c42edac34c apply=1 keep_hours=48 alert_pct=90
[2026-06-19T08:25:02Z] BUY-48198 wc cleanup complete rc=0 workspace=all after_pct=82 free_gb=36.1 report=/paperclip/instances/default/workspaces/logs/buy53095_wc_cycle_cleanup_report.json
[2026-06-19T08:25:02Z] starting apply=1 root=/paperclip/instances/default/workspaces log_retention_days=2 run_retention_days=3 heartbeat_retention_min=360 alert_pct=90
[2026-06-19T08:25:02Z] skip-undeletable kind=pycache-dir kb=4 path=/paperclip/instances/default/workspaces/7fb55262-e658-45e2-88c0-b0e8ccc5ad6c/scripts/__pycache__
[2026-06-19T08:25:02Z] skip-undeletable kind=pycache-file kb=24 path=/paperclip/instances/default/workspaces/7fb55262-e658-45e2-88c0-b0e8ccc5ad6c/scripts/__pycache__/ingested_marker.cpython-312.pyc
[2026-06-19T08:25:02Z] skip-undeletable kind=pycache-file kb=37 path=/paperclip/instances/default/workspaces/7fb55262-e658-45e2-88c0-b0e8ccc5ad6c/scripts/__pycache__/ingest_buy30620_lanes.cpython-312.pyc
[2026-06-19T08:25:08Z] skip-undeletable kind=pycache-dir kb=4 path=/paperclip/instances/default/workspaces/3ec8f6dd-1735-4479-9825-a2c42edac34c/scripts/__pycache__
[2026-06-19T08:25:08Z] skip-undeletable kind=pycache-file kb=26 path=/paperclip/instances/default/workspaces/3ec8f6dd-1735-4479-9825-a2c42edac34c/scripts/__pycache__/ingest_buy30620_lanes.cpython-312.pyc
[2026-06-19T08:25:08Z] deleted kind=cycle-log kb=1 path=/paperclip/instances/default/workspaces/3ec8f6dd-1735-4479-9825-a2c42edac34c/logs/buy31015-deep-supervisor-20260616T082401Z.log
[2026-06-19T08:25:16Z] summary apply=1 scanned=13 removed=1 skipped_undeletable=5 failed=0 reclaimed_kb=1 report=/paperclip/instances/default/workspaces/logs/buy53114_worker_wc_cycle_cleanup_report.json
[2026-06-19T08:25:16Z] BUY-53114 worker cleanup complete rc=0 after_pct=81 free_gb=37.2 report=/paperclip/instances/default/workspaces/logs/buy53114_worker_wc_cycle_cleanup_report.json
{
  "generated_at": "2026-06-19T08:25:16.715Z",
  "status": "PASS",
  "blocked_reason": null,
  "filesystem": "/dev/vda1",
  "mount_path": "/",
  "free_bytes": 39981461504,
  "total_bytes": 206900281344,
  "warn_bytes": 21474836480,
  "critical_bytes": 5368709120,
  "consecutive_critical": 0,
  "consecutive_required": 1,
  "cooldown_ms": 14400000,
  "last_incident_id": null,
  "last_incident_identifier": null,
  "last_incident_at": null,
  "incident": null,
  "snapshot_dir": "/paperclip/instances/default/workspaces/476c8023-3635-45bb-9f71-db6f4f5700e1/buywhere-api/data/buy-48198-disk-monitor-2026-06-19T082516Z",
  "source_identifier": "BUY-48198",
  "execution_identifier": "BUY-48198",
  "alert_issue_identifier": "BUY-30808",
  "notes": [
    "free=37.2 GB (39981461504 B) warn<20.0 GB critical<5.0 GB"
  ]
}
[2026-06-19T08:25:16Z] BUY-48198 watchdog complete rc=0
[2026-06-19T08:30:01Z] BUY-48198 watchdog start before_pct=82 free_gb=36.5
[2026-06-19T08:30:01Z] starting workspace=/paperclip/instances/default/workspaces/476c8023-3635-45bb-9f71-db6f4f5700e1/buywhere-api apply=1 keep_hours=48 alert_pct=90
[2026-06-19T08:30:01Z] starting workspace=/paperclip/instances/default/workspaces/3ec8f6dd-1735-4479-9825-a2c42edac34c apply=1 keep_hours=48 alert_pct=90
[2026-06-19T08:30:01Z] BUY-48198 wc cleanup complete rc=0 workspace=all after_pct=82 free_gb=36.4 report=/paperclip/instances/default/workspaces/logs/buy53095_wc_cycle_cleanup_report.json
[2026-06-19T08:30:01Z] starting apply=1 root=/paperclip/instances/default/workspaces log_retention_days=2 run_retention_days=3 heartbeat_retention_min=360 alert_pct=90
[2026-06-19T08:30:01Z] skip-undeletable kind=pycache-dir kb=4 path=/paperclip/instances/default/workspaces/7fb55262-e658-45e2-88c0-b0e8ccc5ad6c/scripts/__pycache__
[2026-06-19T08:30:01Z] skip-undeletable kind=pycache-file kb=24 path=/paperclip/instances/default/workspaces/7fb55262-e658-45e2-88c0-b0e8ccc5ad6c/scripts/__pycache__/ingested_marker.cpython-312.pyc
[2026-06-19T08:30:01Z] skip-undeletable kind=pycache-file kb=37 path=/paperclip/instances/default/workspaces/7fb55262-e658-45e2-88c0-b0e8ccc5ad6c/scripts/__pycache__/ingest_buy30620_lanes.cpython-312.pyc
[2026-06-19T08:30:05Z] deleted kind=stale-pid kb=1 path=/paperclip/instances/default/workspaces/476c8023-3635-45bb-9f71-db6f4f5700e1/buywhere-api/data/carousell-sg/scraper.pid
[2026-06-19T08:30:08Z] skip-undeletable kind=pycache-dir kb=4 path=/paperclip/instances/default/workspaces/3ec8f6dd-1735-4479-9825-a2c42edac34c/scripts/__pycache__
[2026-06-19T08:30:08Z] skip-undeletable kind=pycache-file kb=26 path=/paperclip/instances/default/workspaces/3ec8f6dd-1735-4479-9825-a2c42edac34c/scripts/__pycache__/ingest_buy30620_lanes.cpython-312.pyc
[2026-06-19T08:30:13Z] deleted kind=stale-pid kb=1 path=/paperclip/instances/default/workspaces/4de89f81-85b2-4e49-a424-0196c7fddeb2/server.pid
[2026-06-19T08:30:16Z] summary apply=1 scanned=13 removed=2 skipped_undeletable=5 failed=0 reclaimed_kb=2 report=/paperclip/instances/default/workspaces/logs/buy53114_worker_wc_cycle_cleanup_report.json
[2026-06-19T08:30:16Z] BUY-53114 worker cleanup complete rc=0 after_pct=82 free_gb=36.0 report=/paperclip/instances/default/workspaces/logs/buy53114_worker_wc_cycle_cleanup_report.json
{
  "generated_at": "2026-06-19T08:30:16.747Z",
  "status": "PASS",
  "blocked_reason": null,
  "filesystem": "/dev/vda1",
  "mount_path": "/",
  "free_bytes": 38696980480,
  "total_bytes": 206900281344,
  "warn_bytes": 21474836480,
  "critical_bytes": 5368709120,
  "consecutive_critical": 0,
  "consecutive_required": 1,
  "cooldown_ms": 14400000,
  "last_incident_id": null,
  "last_incident_identifier": null,
  "last_incident_at": null,
  "incident": null,
  "snapshot_dir": "/paperclip/instances/default/workspaces/476c8023-3635-45bb-9f71-db6f4f5700e1/buywhere-api/data/buy-48198-disk-monitor-2026-06-19T083016Z",
  "source_identifier": "BUY-48198",
  "execution_identifier": "BUY-48198",
  "alert_issue_identifier": "BUY-30808",
  "notes": [
    "free=36.0 GB (38696980480 B) warn<20.0 GB critical<5.0 GB"
  ]
}
[2026-06-19T08:30:16Z] BUY-48198 watchdog complete rc=0
[2026-06-19T08:35:01Z] BUY-48198 watchdog start before_pct=82 free_gb=36.6
[2026-06-19T08:35:01Z] starting workspace=/paperclip/instances/default/workspaces/476c8023-3635-45bb-9f71-db6f4f5700e1/buywhere-api apply=1 keep_hours=48 alert_pct=90
[2026-06-19T08:35:01Z] starting workspace=/paperclip/instances/default/workspaces/3ec8f6dd-1735-4479-9825-a2c42edac34c apply=1 keep_hours=48 alert_pct=90
[2026-06-19T08:35:02Z] BUY-48198 wc cleanup complete rc=0 workspace=all after_pct=82 free_gb=36.6 report=/paperclip/instances/default/workspaces/logs/buy53095_wc_cycle_cleanup_report.json
[2026-06-19T08:35:02Z] starting apply=1 root=/paperclip/instances/default/workspaces log_retention_days=2 run_retention_days=3 heartbeat_retention_min=360 alert_pct=90
[2026-06-19T08:35:02Z] skip-undeletable kind=pycache-dir kb=4 path=/paperclip/instances/default/workspaces/7fb55262-e658-45e2-88c0-b0e8ccc5ad6c/scripts/__pycache__
[2026-06-19T08:35:02Z] skip-undeletable kind=pycache-file kb=24 path=/paperclip/instances/default/workspaces/7fb55262-e658-45e2-88c0-b0e8ccc5ad6c/scripts/__pycache__/ingested_marker.cpython-312.pyc
[2026-06-19T08:35:02Z] skip-undeletable kind=pycache-file kb=37 path=/paperclip/instances/default/workspaces/7fb55262-e658-45e2-88c0-b0e8ccc5ad6c/scripts/__pycache__/ingest_buy30620_lanes.cpython-312.pyc
[2026-06-19T08:35:09Z] skip-undeletable kind=pycache-dir kb=4 path=/paperclip/instances/default/workspaces/3ec8f6dd-1735-4479-9825-a2c42edac34c/scripts/__pycache__
[2026-06-19T08:35:09Z] skip-undeletable kind=pycache-file kb=26 path=/paperclip/instances/default/workspaces/3ec8f6dd-1735-4479-9825-a2c42edac34c/scripts/__pycache__/ingest_buy30620_lanes.cpython-312.pyc
[2026-06-19T08:35:09Z] deleted kind=cycle-log kb=1 path=/paperclip/instances/default/workspaces/3ec8f6dd-1735-4479-9825-a2c42edac34c/logs/buy31015-deep-supervisor-20260616T083202Z.log
[2026-06-19T08:35:17Z] summary apply=1 scanned=13 removed=1 skipped_undeletable=5 failed=0 reclaimed_kb=1 report=/paperclip/instances/default/workspaces/logs/buy53114_worker_wc_cycle_cleanup_report.json
[2026-06-19T08:35:17Z] BUY-53114 worker cleanup complete rc=0 after_pct=82 free_gb=36.0 report=/paperclip/instances/default/workspaces/logs/buy53114_worker_wc_cycle_cleanup_report.json
{
  "generated_at": "2026-06-19T08:35:17.181Z",
  "status": "PASS",
  "blocked_reason": null,
  "filesystem": "/dev/vda1",
  "mount_path": "/",
  "free_bytes": 38702981120,
  "total_bytes": 206900281344,
  "warn_bytes": 21474836480,
  "critical_bytes": 5368709120,
  "consecutive_critical": 0,
  "consecutive_required": 1,
  "cooldown_ms": 14400000,
  "last_incident_id": null,
  "last_incident_identifier": null,
  "last_incident_at": null,
  "incident": null,
  "snapshot_dir": "/paperclip/instances/default/workspaces/476c8023-3635-45bb-9f71-db6f4f5700e1/buywhere-api/data/buy-48198-disk-monitor-2026-06-19T083517Z",
  "source_identifier": "BUY-48198",
  "execution_identifier": "BUY-48198",
  "alert_issue_identifier": "BUY-30808",
  "notes": [
    "free=36.0 GB (38702981120 B) warn<20.0 GB critical<5.0 GB"
  ]
}
[2026-06-19T08:35:17Z] BUY-48198 watchdog complete rc=0
[2026-06-19T08:40:01Z] BUY-48198 watchdog start before_pct=81 free_gb=37.2
[2026-06-19T08:40:01Z] starting workspace=/paperclip/instances/default/workspaces/476c8023-3635-45bb-9f71-db6f4f5700e1/buywhere-api apply=1 keep_hours=48 alert_pct=90
[2026-06-19T08:40:01Z] starting workspace=/paperclip/instances/default/workspaces/3ec8f6dd-1735-4479-9825-a2c42edac34c apply=1 keep_hours=48 alert_pct=90
[2026-06-19T08:40:02Z] BUY-48198 wc cleanup complete rc=0 workspace=all after_pct=81 free_gb=37.1 report=/paperclip/instances/default/workspaces/logs/buy53095_wc_cycle_cleanup_report.json
[2026-06-19T08:40:02Z] starting apply=1 root=/paperclip/instances/default/workspaces log_retention_days=2 run_retention_days=3 heartbeat_retention_min=360 alert_pct=90
[2026-06-19T08:40:02Z] skip-undeletable kind=pycache-dir kb=4 path=/paperclip/instances/default/workspaces/7fb55262-e658-45e2-88c0-b0e8ccc5ad6c/scripts/__pycache__
[2026-06-19T08:40:02Z] skip-undeletable kind=pycache-file kb=24 path=/paperclip/instances/default/workspaces/7fb55262-e658-45e2-88c0-b0e8ccc5ad6c/scripts/__pycache__/ingested_marker.cpython-312.pyc
[2026-06-19T08:40:02Z] skip-undeletable kind=pycache-file kb=37 path=/paperclip/instances/default/workspaces/7fb55262-e658-45e2-88c0-b0e8ccc5ad6c/scripts/__pycache__/ingest_buy30620_lanes.cpython-312.pyc
[2026-06-19T08:40:07Z] skip-undeletable kind=pycache-dir kb=4 path=/paperclip/instances/default/workspaces/3ec8f6dd-1735-4479-9825-a2c42edac34c/scripts/__pycache__
[2026-06-19T08:40:08Z] skip-undeletable kind=pycache-file kb=26 path=/paperclip/instances/default/workspaces/3ec8f6dd-1735-4479-9825-a2c42edac34c/scripts/__pycache__/ingest_buy30620_lanes.cpython-312.pyc
[2026-06-19T08:40:16Z] summary apply=1 scanned=11 removed=0 skipped_undeletable=5 failed=0 reclaimed_kb=0 report=/paperclip/instances/default/workspaces/logs/buy53114_worker_wc_cycle_cleanup_report.json
[2026-06-19T08:40:16Z] BUY-53114 worker cleanup complete rc=0 after_pct=82 free_gb=36.3 report=/paperclip/instances/default/workspaces/logs/buy53114_worker_wc_cycle_cleanup_report.json
{
  "generated_at": "2026-06-19T08:40:16.989Z",
  "status": "PASS",
  "blocked_reason": null,
  "filesystem": "/dev/vda1",
  "mount_path": "/",
  "free_bytes": 38998474752,
  "total_bytes": 206900281344,
  "warn_bytes": 21474836480,
  "critical_bytes": 5368709120,
  "consecutive_critical": 0,
  "consecutive_required": 1,
  "cooldown_ms": 14400000,
  "last_incident_id": null,
  "last_incident_identifier": null,
  "last_incident_at": null,
  "incident": null,
  "snapshot_dir": "/paperclip/instances/default/workspaces/476c8023-3635-45bb-9f71-db6f4f5700e1/buywhere-api/data/buy-48198-disk-monitor-2026-06-19T084016Z",
  "source_identifier": "BUY-48198",
  "execution_identifier": "BUY-48198",
  "alert_issue_identifier": "BUY-30808",
  "notes": [
    "free=36.3 GB (38998474752 B) warn<20.0 GB critical<5.0 GB"
  ]
}
[2026-06-19T08:40:16Z] BUY-48198 watchdog complete rc=0
[2026-06-19T08:42:40Z] BUY-48198 watchdog start before_pct=81 free_gb=36.9
[2026-06-19T08:42:40Z] starting workspace=/paperclip/instances/default/workspaces/476c8023-3635-45bb-9f71-db6f4f5700e1/buywhere-api apply=1 keep_hours=48 alert_pct=90
[2026-06-19T08:42:40Z] starting workspace=/paperclip/instances/default/workspaces/3ec8f6dd-1735-4479-9825-a2c42edac34c apply=1 keep_hours=48 alert_pct=90
[2026-06-19T08:42:40Z] BUY-48198 wc cleanup complete rc=0 workspace=all after_pct=81 free_gb=36.9 report=/paperclip/instances/default/workspaces/logs/buy53095_wc_cycle_cleanup_report.json
[2026-06-19T08:42:40Z] starting apply=1 root=/paperclip/instances/default/workspaces log_retention_days=2 run_retention_days=3 heartbeat_retention_min=360 alert_pct=90
[2026-06-19T08:42:40Z] skip-undeletable kind=pycache-dir kb=4 path=/paperclip/instances/default/workspaces/7fb55262-e658-45e2-88c0-b0e8ccc5ad6c/scripts/__pycache__
[2026-06-19T08:42:40Z] skip-undeletable kind=pycache-file kb=24 path=/paperclip/instances/default/workspaces/7fb55262-e658-45e2-88c0-b0e8ccc5ad6c/scripts/__pycache__/ingested_marker.cpython-312.pyc
[2026-06-19T08:42:40Z] skip-undeletable kind=pycache-file kb=37 path=/paperclip/instances/default/workspaces/7fb55262-e658-45e2-88c0-b0e8ccc5ad6c/scripts/__pycache__/ingest_buy30620_lanes.cpython-312.pyc
[2026-06-19T08:42:47Z] skip-undeletable kind=pycache-dir kb=4 path=/paperclip/instances/default/workspaces/3ec8f6dd-1735-4479-9825-a2c42edac34c/scripts/__pycache__
[2026-06-19T08:42:47Z] skip-undeletable kind=pycache-file kb=26 path=/paperclip/instances/default/workspaces/3ec8f6dd-1735-4479-9825-a2c42edac34c/scripts/__pycache__/ingest_buy30620_lanes.cpython-312.pyc
[2026-06-19T08:42:56Z] summary apply=1 scanned=11 removed=0 skipped_undeletable=5 failed=0 reclaimed_kb=0 report=/paperclip/instances/default/workspaces/logs/buy53114_worker_wc_cycle_cleanup_report.json
[2026-06-19T08:42:56Z] BUY-53114 worker cleanup complete rc=0 after_pct=82 free_gb=36.1 report=/paperclip/instances/default/workspaces/logs/buy53114_worker_wc_cycle_cleanup_report.json
{
  "generated_at": "2026-06-19T08:42:56.607Z",
  "status": "PASS",
  "blocked_reason": null,
  "filesystem": "/dev/vda1",
  "mount_path": "/",
  "free_bytes": 38774853632,
  "total_bytes": 206900281344,
  "warn_bytes": 21474836480,
  "critical_bytes": 5368709120,
  "consecutive_critical": 0,
  "consecutive_required": 1,
  "cooldown_ms": 14400000,
  "last_incident_id": null,
  "last_incident_identifier": null,
  "last_incident_at": null,
  "incident": null,
  "snapshot_dir": "/paperclip/instances/default/workspaces/476c8023-3635-45bb-9f71-db6f4f5700e1/buywhere-api/data/buy-48198-disk-monitor-2026-06-19T084256Z",
  "source_identifier": "BUY-48198",
  "execution_identifier": "b5e7427f-87b5-40cc-bdae-3003e4443a4d",
  "alert_issue_identifier": "BUY-30808",
  "notes": [
    "free=36.1 GB (38774853632 B) warn<20.0 GB critical<5.0 GB"
  ]
}
[2026-06-19T08:42:56Z] BUY-48198 watchdog complete rc=0
[2026-06-19T08:45:01Z] BUY-48198 watchdog start before_pct=82 free_gb=35.9
[2026-06-19T08:45:02Z] starting workspace=/paperclip/instances/default/workspaces/476c8023-3635-45bb-9f71-db6f4f5700e1/buywhere-api apply=1 keep_hours=48 alert_pct=90
[2026-06-19T08:45:02Z] starting workspace=/paperclip/instances/default/workspaces/3ec8f6dd-1735-4479-9825-a2c42edac34c apply=1 keep_hours=48 alert_pct=90
[2026-06-19T08:45:02Z] BUY-48198 wc cleanup complete rc=0 workspace=all after_pct=82 free_gb=35.9 report=/paperclip/instances/default/workspaces/logs/buy53095_wc_cycle_cleanup_report.json
[2026-06-19T08:45:02Z] starting apply=1 root=/paperclip/instances/default/workspaces log_retention_days=2 run_retention_days=3 heartbeat_retention_min=360 alert_pct=90
[2026-06-19T08:45:02Z] skip-undeletable kind=pycache-dir kb=4 path=/paperclip/instances/default/workspaces/7fb55262-e658-45e2-88c0-b0e8ccc5ad6c/scripts/__pycache__
[2026-06-19T08:45:02Z] skip-undeletable kind=pycache-file kb=24 path=/paperclip/instances/default/workspaces/7fb55262-e658-45e2-88c0-b0e8ccc5ad6c/scripts/__pycache__/ingested_marker.cpython-312.pyc
[2026-06-19T08:45:02Z] skip-undeletable kind=pycache-file kb=37 path=/paperclip/instances/default/workspaces/7fb55262-e658-45e2-88c0-b0e8ccc5ad6c/scripts/__pycache__/ingest_buy30620_lanes.cpython-312.pyc
[2026-06-19T08:45:08Z] skip-undeletable kind=pycache-dir kb=4 path=/paperclip/instances/default/workspaces/3ec8f6dd-1735-4479-9825-a2c42edac34c/scripts/__pycache__
[2026-06-19T08:45:08Z] skip-undeletable kind=pycache-file kb=26 path=/paperclip/instances/default/workspaces/3ec8f6dd-1735-4479-9825-a2c42edac34c/scripts/__pycache__/ingest_buy30620_lanes.cpython-312.pyc
[2026-06-19T08:45:08Z] deleted kind=cycle-log kb=1 path=/paperclip/instances/default/workspaces/3ec8f6dd-1735-4479-9825-a2c42edac34c/logs/buy31015-deep-supervisor-20260616T084002Z.log
[2026-06-19T08:45:17Z] summary apply=1 scanned=12 removed=1 skipped_undeletable=5 failed=0 reclaimed_kb=1 report=/paperclip/instances/default/workspaces/logs/buy53114_worker_wc_cycle_cleanup_report.json
[2026-06-19T08:45:17Z] BUY-53114 worker cleanup complete rc=0 after_pct=81 free_gb=37.0 report=/paperclip/instances/default/workspaces/logs/buy53114_worker_wc_cycle_cleanup_report.json
{
  "generated_at": "2026-06-19T08:45:17.540Z",
  "status": "PASS",
  "blocked_reason": null,
  "filesystem": "/dev/vda1",
  "mount_path": "/",
  "free_bytes": 39679893504,
  "total_bytes": 206900281344,
  "warn_bytes": 21474836480,
  "critical_bytes": 5368709120,
  "consecutive_critical": 0,
  "consecutive_required": 1,
  "cooldown_ms": 14400000,
  "last_incident_id": null,
  "last_incident_identifier": null,
  "last_incident_at": null,
  "incident": null,
  "snapshot_dir": "/paperclip/instances/default/workspaces/476c8023-3635-45bb-9f71-db6f4f5700e1/buywhere-api/data/buy-48198-disk-monitor-2026-06-19T084517Z",
  "source_identifier": "BUY-48198",
  "execution_identifier": "BUY-48198",
  "alert_issue_identifier": "BUY-30808",
  "notes": [
    "free=37.0 GB (39679893504 B) warn<20.0 GB critical<5.0 GB"
  ]
}
[2026-06-19T08:45:17Z] BUY-48198 watchdog complete rc=0
[2026-06-19T08:50:01Z] BUY-48198 watchdog start before_pct=82 free_gb=36.6
[2026-06-19T08:50:01Z] starting workspace=/paperclip/instances/default/workspaces/476c8023-3635-45bb-9f71-db6f4f5700e1/buywhere-api apply=1 keep_hours=48 alert_pct=90
[2026-06-19T08:50:01Z] starting workspace=/paperclip/instances/default/workspaces/3ec8f6dd-1735-4479-9825-a2c42edac34c apply=1 keep_hours=48 alert_pct=90
[2026-06-19T08:50:02Z] BUY-48198 wc cleanup complete rc=0 workspace=all after_pct=82 free_gb=36.5 report=/paperclip/instances/default/workspaces/logs/buy53095_wc_cycle_cleanup_report.json
[2026-06-19T08:50:02Z] starting apply=1 root=/paperclip/instances/default/workspaces log_retention_days=2 run_retention_days=3 heartbeat_retention_min=360 alert_pct=90
[2026-06-19T08:50:02Z] skip-undeletable kind=pycache-dir kb=4 path=/paperclip/instances/default/workspaces/7fb55262-e658-45e2-88c0-b0e8ccc5ad6c/scripts/__pycache__
[2026-06-19T08:50:02Z] skip-undeletable kind=pycache-file kb=24 path=/paperclip/instances/default/workspaces/7fb55262-e658-45e2-88c0-b0e8ccc5ad6c/scripts/__pycache__/ingested_marker.cpython-312.pyc
[2026-06-19T08:50:02Z] skip-undeletable kind=pycache-file kb=37 path=/paperclip/instances/default/workspaces/7fb55262-e658-45e2-88c0-b0e8ccc5ad6c/scripts/__pycache__/ingest_buy30620_lanes.cpython-312.pyc
[2026-06-19T08:50:08Z] skip-undeletable kind=pycache-dir kb=4 path=/paperclip/instances/default/workspaces/3ec8f6dd-1735-4479-9825-a2c42edac34c/scripts/__pycache__
[2026-06-19T08:50:08Z] skip-undeletable kind=pycache-file kb=26 path=/paperclip/instances/default/workspaces/3ec8f6dd-1735-4479-9825-a2c42edac34c/scripts/__pycache__/ingest_buy30620_lanes.cpython-312.pyc
[2026-06-19T08:50:14Z] deleted kind=stale-pid kb=1 path=/paperclip/instances/default/workspaces/4de89f81-85b2-4e49-a424-0196c7fddeb2/server.pid
[2026-06-19T08:50:17Z] summary apply=1 scanned=12 removed=1 skipped_undeletable=5 failed=0 reclaimed_kb=1 report=/paperclip/instances/default/workspaces/logs/buy53114_worker_wc_cycle_cleanup_report.json
[2026-06-19T08:50:17Z] BUY-53114 worker cleanup complete rc=0 after_pct=82 free_gb=35.9 report=/paperclip/instances/default/workspaces/logs/buy53114_worker_wc_cycle_cleanup_report.json
{
  "generated_at": "2026-06-19T08:50:17.521Z",
  "status": "PASS",
  "blocked_reason": null,
  "filesystem": "/dev/vda1",
  "mount_path": "/",
  "free_bytes": 38547537920,
  "total_bytes": 206900281344,
  "warn_bytes": 21474836480,
  "critical_bytes": 5368709120,
  "consecutive_critical": 0,
  "consecutive_required": 1,
  "cooldown_ms": 14400000,
  "last_incident_id": null,
  "last_incident_identifier": null,
  "last_incident_at": null,
  "incident": null,
  "snapshot_dir": "/paperclip/instances/default/workspaces/476c8023-3635-45bb-9f71-db6f4f5700e1/buywhere-api/data/buy-48198-disk-monitor-2026-06-19T085017Z",
  "source_identifier": "BUY-48198",
  "execution_identifier": "BUY-48198",
  "alert_issue_identifier": "BUY-30808",
  "notes": [
    "free=35.9 GB (38547537920 B) warn<20.0 GB critical<5.0 GB"
  ]
}
[2026-06-19T08:50:17Z] BUY-48198 watchdog complete rc=0
[2026-06-19T08:55:01Z] BUY-48198 watchdog start before_pct=81 free_gb=37.0
[2026-06-19T08:55:01Z] starting workspace=/paperclip/instances/default/workspaces/476c8023-3635-45bb-9f71-db6f4f5700e1/buywhere-api apply=1 keep_hours=48 alert_pct=90
[2026-06-19T08:55:01Z] starting workspace=/paperclip/instances/default/workspaces/3ec8f6dd-1735-4479-9825-a2c42edac34c apply=1 keep_hours=48 alert_pct=90
[2026-06-19T08:55:02Z] BUY-48198 wc cleanup complete rc=0 workspace=all after_pct=81 free_gb=36.9 report=/paperclip/instances/default/workspaces/logs/buy53095_wc_cycle_cleanup_report.json
[2026-06-19T08:55:02Z] starting apply=1 root=/paperclip/instances/default/workspaces log_retention_days=2 run_retention_days=3 heartbeat_retention_min=360 alert_pct=90
[2026-06-19T08:55:02Z] skip-undeletable kind=pycache-dir kb=4 path=/paperclip/instances/default/workspaces/7fb55262-e658-45e2-88c0-b0e8ccc5ad6c/scripts/__pycache__
[2026-06-19T08:55:02Z] skip-undeletable kind=pycache-file kb=24 path=/paperclip/instances/default/workspaces/7fb55262-e658-45e2-88c0-b0e8ccc5ad6c/scripts/__pycache__/ingested_marker.cpython-312.pyc
[2026-06-19T08:55:02Z] skip-undeletable kind=pycache-file kb=37 path=/paperclip/instances/default/workspaces/7fb55262-e658-45e2-88c0-b0e8ccc5ad6c/scripts/__pycache__/ingest_buy30620_lanes.cpython-312.pyc
[2026-06-19T08:55:09Z] skip-undeletable kind=pycache-dir kb=4 path=/paperclip/instances/default/workspaces/3ec8f6dd-1735-4479-9825-a2c42edac34c/scripts/__pycache__
[2026-06-19T08:55:09Z] skip-undeletable kind=pycache-file kb=26 path=/paperclip/instances/default/workspaces/3ec8f6dd-1735-4479-9825-a2c42edac34c/scripts/__pycache__/ingest_buy30620_lanes.cpython-312.pyc
[2026-06-19T08:55:18Z] summary apply=1 scanned=12 removed=0 skipped_undeletable=5 failed=0 reclaimed_kb=0 report=/paperclip/instances/default/workspaces/logs/buy53114_worker_wc_cycle_cleanup_report.json
[2026-06-19T08:55:18Z] BUY-53114 worker cleanup complete rc=0 after_pct=82 free_gb=36.2 report=/paperclip/instances/default/workspaces/logs/buy53114_worker_wc_cycle_cleanup_report.json
{
  "generated_at": "2026-06-19T08:55:18.106Z",
  "status": "PASS",
  "blocked_reason": null,
  "filesystem": "/dev/vda1",
  "mount_path": "/",
  "free_bytes": 38849859584,
  "total_bytes": 206900281344,
  "warn_bytes": 21474836480,
  "critical_bytes": 5368709120,
  "consecutive_critical": 0,
  "consecutive_required": 1,
  "cooldown_ms": 14400000,
  "last_incident_id": null,
  "last_incident_identifier": null,
  "last_incident_at": null,
  "incident": null,
  "snapshot_dir": "/paperclip/instances/default/workspaces/476c8023-3635-45bb-9f71-db6f4f5700e1/buywhere-api/data/buy-48198-disk-monitor-2026-06-19T085518Z",
  "source_identifier": "BUY-48198",
  "execution_identifier": "BUY-48198",
  "alert_issue_identifier": "BUY-30808",
  "notes": [
    "free=36.2 GB (38849859584 B) warn<20.0 GB critical<5.0 GB"
  ]
}
[2026-06-19T08:55:18Z] BUY-48198 watchdog complete rc=0
[2026-06-19T09:00:01Z] BUY-48198 watchdog start before_pct=82 free_gb=35.8
[2026-06-19T09:00:01Z] starting workspace=/paperclip/instances/default/workspaces/476c8023-3635-45bb-9f71-db6f4f5700e1/buywhere-api apply=1 keep_hours=48 alert_pct=90
[2026-06-19T09:00:01Z] starting workspace=/paperclip/instances/default/workspaces/3ec8f6dd-1735-4479-9825-a2c42edac34c apply=1 keep_hours=48 alert_pct=90
[2026-06-19T09:00:01Z] BUY-48198 wc cleanup complete rc=0 workspace=all after_pct=82 free_gb=35.8 report=/paperclip/instances/default/workspaces/logs/buy53095_wc_cycle_cleanup_report.json
[2026-06-19T09:00:01Z] starting apply=1 root=/paperclip/instances/default/workspaces log_retention_days=2 run_retention_days=3 heartbeat_retention_min=360 alert_pct=90
[2026-06-19T09:00:02Z] skip-undeletable kind=pycache-dir kb=4 path=/paperclip/instances/default/workspaces/7fb55262-e658-45e2-88c0-b0e8ccc5ad6c/scripts/__pycache__
[2026-06-19T09:00:02Z] skip-undeletable kind=pycache-file kb=24 path=/paperclip/instances/default/workspaces/7fb55262-e658-45e2-88c0-b0e8ccc5ad6c/scripts/__pycache__/ingested_marker.cpython-312.pyc
[2026-06-19T09:00:02Z] skip-undeletable kind=pycache-file kb=37 path=/paperclip/instances/default/workspaces/7fb55262-e658-45e2-88c0-b0e8ccc5ad6c/scripts/__pycache__/ingest_buy30620_lanes.cpython-312.pyc
[2026-06-19T09:00:08Z] skip-undeletable kind=pycache-dir kb=4 path=/paperclip/instances/default/workspaces/3ec8f6dd-1735-4479-9825-a2c42edac34c/scripts/__pycache__
[2026-06-19T09:00:08Z] skip-undeletable kind=pycache-file kb=26 path=/paperclip/instances/default/workspaces/3ec8f6dd-1735-4479-9825-a2c42edac34c/scripts/__pycache__/ingest_buy30620_lanes.cpython-312.pyc
[2026-06-19T09:00:08Z] deleted kind=cycle-log kb=1 path=/paperclip/instances/default/workspaces/3ec8f6dd-1735-4479-9825-a2c42edac34c/logs/buy31015-deep-supervisor-20260616T085601Z.log
[2026-06-19T09:00:16Z] summary apply=1 scanned=13 removed=1 skipped_undeletable=5 failed=0 reclaimed_kb=1 report=/paperclip/instances/default/workspaces/logs/buy53114_worker_wc_cycle_cleanup_report.json
[2026-06-19T09:00:16Z] BUY-53114 worker cleanup complete rc=0 after_pct=82 free_gb=36.4 report=/paperclip/instances/default/workspaces/logs/buy53114_worker_wc_cycle_cleanup_report.json
{
  "generated_at": "2026-06-19T09:00:16.417Z",
  "status": "PASS",
  "blocked_reason": null,
  "filesystem": "/dev/vda1",
  "mount_path": "/",
  "free_bytes": 39062163456,
  "total_bytes": 206900281344,
  "warn_bytes": 21474836480,
  "critical_bytes": 5368709120,
  "consecutive_critical": 0,
  "consecutive_required": 1,
  "cooldown_ms": 14400000,
  "last_incident_id": null,
  "last_incident_identifier": null,
  "last_incident_at": null,
  "incident": null,
  "snapshot_dir": "/paperclip/instances/default/workspaces/476c8023-3635-45bb-9f71-db6f4f5700e1/buywhere-api/data/buy-48198-disk-monitor-2026-06-19T090016Z",
  "source_identifier": "BUY-48198",
  "execution_identifier": "BUY-48198",
  "alert_issue_identifier": "BUY-30808",
  "notes": [
    "free=36.4 GB (39062163456 B) warn<20.0 GB critical<5.0 GB"
  ]
}
[2026-06-19T09:00:16Z] BUY-48198 watchdog complete rc=0
[2026-06-19T09:05:01Z] BUY-48198 watchdog start before_pct=82 free_gb=36.0
[2026-06-19T09:05:01Z] starting workspace=/paperclip/instances/default/workspaces/476c8023-3635-45bb-9f71-db6f4f5700e1/buywhere-api apply=1 keep_hours=48 alert_pct=90
[2026-06-19T09:05:01Z] starting workspace=/paperclip/instances/default/workspaces/3ec8f6dd-1735-4479-9825-a2c42edac34c apply=1 keep_hours=48 alert_pct=90
[2026-06-19T09:05:02Z] BUY-48198 wc cleanup complete rc=0 workspace=all after_pct=82 free_gb=36.0 report=/paperclip/instances/default/workspaces/logs/buy53095_wc_cycle_cleanup_report.json
[2026-06-19T09:05:02Z] starting apply=1 root=/paperclip/instances/default/workspaces log_retention_days=2 run_retention_days=3 heartbeat_retention_min=360 alert_pct=90
[2026-06-19T09:05:02Z] skip-undeletable kind=pycache-dir kb=4 path=/paperclip/instances/default/workspaces/7fb55262-e658-45e2-88c0-b0e8ccc5ad6c/scripts/__pycache__
[2026-06-19T09:05:02Z] skip-undeletable kind=pycache-file kb=24 path=/paperclip/instances/default/workspaces/7fb55262-e658-45e2-88c0-b0e8ccc5ad6c/scripts/__pycache__/ingested_marker.cpython-312.pyc
[2026-06-19T09:05:02Z] skip-undeletable kind=pycache-file kb=37 path=/paperclip/instances/default/workspaces/7fb55262-e658-45e2-88c0-b0e8ccc5ad6c/scripts/__pycache__/ingest_buy30620_lanes.cpython-312.pyc
[2026-06-19T09:05:08Z] skip-undeletable kind=pycache-dir kb=4 path=/paperclip/instances/default/workspaces/3ec8f6dd-1735-4479-9825-a2c42edac34c/scripts/__pycache__
[2026-06-19T09:05:08Z] skip-undeletable kind=pycache-file kb=26 path=/paperclip/instances/default/workspaces/3ec8f6dd-1735-4479-9825-a2c42edac34c/scripts/__pycache__/ingest_buy30620_lanes.cpython-312.pyc
[2026-06-19T09:05:17Z] summary apply=1 scanned=12 removed=0 skipped_undeletable=5 failed=0 reclaimed_kb=0 report=/paperclip/instances/default/workspaces/logs/buy53114_worker_wc_cycle_cleanup_report.json
[2026-06-19T09:05:17Z] BUY-53114 worker cleanup complete rc=0 after_pct=82 free_gb=35.7 report=/paperclip/instances/default/workspaces/logs/buy53114_worker_wc_cycle_cleanup_report.json
{
  "generated_at": "2026-06-19T09:05:17.919Z",
  "status": "PASS",
  "blocked_reason": null,
  "filesystem": "/dev/vda1",
  "mount_path": "/",
  "free_bytes": 38372225024,
  "total_bytes": 206900281344,
  "warn_bytes": 21474836480,
  "critical_bytes": 5368709120,
  "consecutive_critical": 0,
  "consecutive_required": 1,
  "cooldown_ms": 14400000,
  "last_incident_id": null,
  "last_incident_identifier": null,
  "last_incident_at": null,
  "incident": null,
  "snapshot_dir": "/paperclip/instances/default/workspaces/476c8023-3635-45bb-9f71-db6f4f5700e1/buywhere-api/data/buy-48198-disk-monitor-2026-06-19T090517Z",
  "source_identifier": "BUY-48198",
  "execution_identifier": "BUY-48198",
  "alert_issue_identifier": "BUY-30808",
  "notes": [
    "free=35.7 GB (38372225024 B) warn<20.0 GB critical<5.0 GB"
  ]
}
[2026-06-19T09:05:17Z] BUY-48198 watchdog complete rc=0
[2026-06-19T09:10:01Z] BUY-48198 watchdog start before_pct=82 free_gb=36.4
[2026-06-19T09:10:01Z] starting workspace=/paperclip/instances/default/workspaces/476c8023-3635-45bb-9f71-db6f4f5700e1/buywhere-api apply=1 keep_hours=48 alert_pct=90
[2026-06-19T09:10:01Z] starting workspace=/paperclip/instances/default/workspaces/3ec8f6dd-1735-4479-9825-a2c42edac34c apply=1 keep_hours=48 alert_pct=90
[2026-06-19T09:10:02Z] BUY-48198 wc cleanup complete rc=0 workspace=all after_pct=82 free_gb=36.3 report=/paperclip/instances/default/workspaces/logs/buy53095_wc_cycle_cleanup_report.json
[2026-06-19T09:10:02Z] starting apply=1 root=/paperclip/instances/default/workspaces log_retention_days=2 run_retention_days=3 heartbeat_retention_min=360 alert_pct=90
[2026-06-19T09:10:02Z] skip-undeletable kind=pycache-dir kb=4 path=/paperclip/instances/default/workspaces/7fb55262-e658-45e2-88c0-b0e8ccc5ad6c/scripts/__pycache__
[2026-06-19T09:10:02Z] skip-undeletable kind=pycache-file kb=24 path=/paperclip/instances/default/workspaces/7fb55262-e658-45e2-88c0-b0e8ccc5ad6c/scripts/__pycache__/ingested_marker.cpython-312.pyc
[2026-06-19T09:10:02Z] skip-undeletable kind=pycache-file kb=37 path=/paperclip/instances/default/workspaces/7fb55262-e658-45e2-88c0-b0e8ccc5ad6c/scripts/__pycache__/ingest_buy30620_lanes.cpython-312.pyc
[2026-06-19T09:10:08Z] skip-undeletable kind=pycache-dir kb=4 path=/paperclip/instances/default/workspaces/3ec8f6dd-1735-4479-9825-a2c42edac34c/scripts/__pycache__
[2026-06-19T09:10:08Z] skip-undeletable kind=pycache-file kb=26 path=/paperclip/instances/default/workspaces/3ec8f6dd-1735-4479-9825-a2c42edac34c/scripts/__pycache__/ingest_buy30620_lanes.cpython-312.pyc
[2026-06-19T09:10:08Z] deleted kind=cycle-log kb=1 path=/paperclip/instances/default/workspaces/3ec8f6dd-1735-4479-9825-a2c42edac34c/logs/buy31015-deep-supervisor-20260616T090801Z.log
[2026-06-19T09:10:17Z] summary apply=1 scanned=13 removed=1 skipped_undeletable=5 failed=0 reclaimed_kb=1 report=/paperclip/instances/default/workspaces/logs/buy53114_worker_wc_cycle_cleanup_report.json
[2026-06-19T09:10:17Z] BUY-53114 worker cleanup complete rc=0 after_pct=82 free_gb=35.7 report=/paperclip/instances/default/workspaces/logs/buy53114_worker_wc_cycle_cleanup_report.json
{
  "generated_at": "2026-06-19T09:10:17.228Z",
  "status": "PASS",
  "blocked_reason": null,
  "filesystem": "/dev/vda1",
  "mount_path": "/",
  "free_bytes": 38340530176,
  "total_bytes": 206900281344,
  "warn_bytes": 21474836480,
  "critical_bytes": 5368709120,
  "consecutive_critical": 0,
  "consecutive_required": 1,
  "cooldown_ms": 14400000,
  "last_incident_id": null,
  "last_incident_identifier": null,
  "last_incident_at": null,
  "incident": null,
  "snapshot_dir": "/paperclip/instances/default/workspaces/476c8023-3635-45bb-9f71-db6f4f5700e1/buywhere-api/data/buy-48198-disk-monitor-2026-06-19T091017Z",
  "source_identifier": "BUY-48198",
  "execution_identifier": "BUY-48198",
  "alert_issue_identifier": "BUY-30808",
  "notes": [
    "free=35.7 GB (38340530176 B) warn<20.0 GB critical<5.0 GB"
  ]
}
[2026-06-19T09:10:17Z] BUY-48198 watchdog complete rc=0
[2026-06-19T09:15:01Z] BUY-48198 watchdog start before_pct=82 free_gb=36.3
[2026-06-19T09:15:02Z] starting workspace=/paperclip/instances/default/workspaces/476c8023-3635-45bb-9f71-db6f4f5700e1/buywhere-api apply=1 keep_hours=48 alert_pct=90
[2026-06-19T09:15:02Z] starting workspace=/paperclip/instances/default/workspaces/3ec8f6dd-1735-4479-9825-a2c42edac34c apply=1 keep_hours=48 alert_pct=90
[2026-06-19T09:15:02Z] BUY-48198 wc cleanup complete rc=0 workspace=all after_pct=82 free_gb=36.3 report=/paperclip/instances/default/workspaces/logs/buy53095_wc_cycle_cleanup_report.json
[2026-06-19T09:15:02Z] starting apply=1 root=/paperclip/instances/default/workspaces log_retention_days=2 run_retention_days=3 heartbeat_retention_min=360 alert_pct=90
[2026-06-19T09:15:02Z] skip-undeletable kind=pycache-dir kb=4 path=/paperclip/instances/default/workspaces/7fb55262-e658-45e2-88c0-b0e8ccc5ad6c/scripts/__pycache__
[2026-06-19T09:15:02Z] skip-undeletable kind=pycache-file kb=24 path=/paperclip/instances/default/workspaces/7fb55262-e658-45e2-88c0-b0e8ccc5ad6c/scripts/__pycache__/ingested_marker.cpython-312.pyc
[2026-06-19T09:15:02Z] skip-undeletable kind=pycache-file kb=37 path=/paperclip/instances/default/workspaces/7fb55262-e658-45e2-88c0-b0e8ccc5ad6c/scripts/__pycache__/ingest_buy30620_lanes.cpython-312.pyc
[2026-06-19T09:15:08Z] skip-undeletable kind=pycache-dir kb=4 path=/paperclip/instances/default/workspaces/3ec8f6dd-1735-4479-9825-a2c42edac34c/scripts/__pycache__
[2026-06-19T09:15:08Z] skip-undeletable kind=pycache-file kb=26 path=/paperclip/instances/default/workspaces/3ec8f6dd-1735-4479-9825-a2c42edac34c/scripts/__pycache__/ingest_buy30620_lanes.cpython-312.pyc
[2026-06-19T09:15:17Z] summary apply=1 scanned=13 removed=0 skipped_undeletable=5 failed=0 reclaimed_kb=0 report=/paperclip/instances/default/workspaces/logs/buy53114_worker_wc_cycle_cleanup_report.json
[2026-06-19T09:15:17Z] BUY-53114 worker cleanup complete rc=0 after_pct=82 free_gb=35.6 report=/paperclip/instances/default/workspaces/logs/buy53114_worker_wc_cycle_cleanup_report.json
{
  "generated_at": "2026-06-19T09:15:17.348Z",
  "status": "PASS",
  "blocked_reason": null,
  "filesystem": "/dev/vda1",
  "mount_path": "/",
  "free_bytes": 38255706112,
  "total_bytes": 206900281344,
  "warn_bytes": 21474836480,
  "critical_bytes": 5368709120,
  "consecutive_critical": 0,
  "consecutive_required": 1,
  "cooldown_ms": 14400000,
  "last_incident_id": null,
  "last_incident_identifier": null,
  "last_incident_at": null,
  "incident": null,
  "snapshot_dir": "/paperclip/instances/default/workspaces/476c8023-3635-45bb-9f71-db6f4f5700e1/buywhere-api/data/buy-48198-disk-monitor-2026-06-19T091517Z",
  "source_identifier": "BUY-48198",
  "execution_identifier": "BUY-48198",
  "alert_issue_identifier": "BUY-30808",
  "notes": [
    "free=35.6 GB (38255706112 B) warn<20.0 GB critical<5.0 GB"
  ]
}
[2026-06-19T09:15:17Z] BUY-48198 watchdog complete rc=0
[2026-06-19T09:20:01Z] BUY-48198 watchdog start before_pct=82 free_gb=35.6
[2026-06-19T09:20:01Z] starting workspace=/paperclip/instances/default/workspaces/476c8023-3635-45bb-9f71-db6f4f5700e1/buywhere-api apply=1 keep_hours=48 alert_pct=90
[2026-06-19T09:20:01Z] starting workspace=/paperclip/instances/default/workspaces/3ec8f6dd-1735-4479-9825-a2c42edac34c apply=1 keep_hours=48 alert_pct=90
[2026-06-19T09:20:02Z] BUY-48198 wc cleanup complete rc=0 workspace=all after_pct=82 free_gb=35.6 report=/paperclip/instances/default/workspaces/logs/buy53095_wc_cycle_cleanup_report.json
[2026-06-19T09:20:02Z] starting apply=1 root=/paperclip/instances/default/workspaces log_retention_days=2 run_retention_days=3 heartbeat_retention_min=360 alert_pct=90
[2026-06-19T09:20:02Z] skip-undeletable kind=pycache-dir kb=4 path=/paperclip/instances/default/workspaces/7fb55262-e658-45e2-88c0-b0e8ccc5ad6c/scripts/__pycache__
[2026-06-19T09:20:02Z] skip-undeletable kind=pycache-file kb=24 path=/paperclip/instances/default/workspaces/7fb55262-e658-45e2-88c0-b0e8ccc5ad6c/scripts/__pycache__/ingested_marker.cpython-312.pyc
[2026-06-19T09:20:02Z] skip-undeletable kind=pycache-file kb=37 path=/paperclip/instances/default/workspaces/7fb55262-e658-45e2-88c0-b0e8ccc5ad6c/scripts/__pycache__/ingest_buy30620_lanes.cpython-312.pyc
[2026-06-19T09:20:04Z] deleted kind=stale-pid kb=1 path=/paperclip/instances/default/workspaces/476c8023-3635-45bb-9f71-db6f4f5700e1/buywhere-api/data/.buy31015-deep-page.pid
[2026-06-19T09:20:08Z] skip-undeletable kind=pycache-dir kb=4 path=/paperclip/instances/default/workspaces/3ec8f6dd-1735-4479-9825-a2c42edac34c/scripts/__pycache__
[2026-06-19T09:20:08Z] skip-undeletable kind=pycache-file kb=26 path=/paperclip/instances/default/workspaces/3ec8f6dd-1735-4479-9825-a2c42edac34c/scripts/__pycache__/ingest_buy30620_lanes.cpython-312.pyc
[2026-06-19T09:20:08Z] deleted kind=cycle-log kb=1 path=/paperclip/instances/default/workspaces/3ec8f6dd-1735-4479-9825-a2c42edac34c/logs/buy31015-deep-supervisor-20260616T091602Z.log
[2026-06-19T09:20:17Z] summary apply=1 scanned=15 removed=2 skipped_undeletable=5 failed=0 reclaimed_kb=2 report=/paperclip/instances/default/workspaces/logs/buy53114_worker_wc_cycle_cleanup_report.json
[2026-06-19T09:20:17Z] BUY-53114 worker cleanup complete rc=0 after_pct=82 free_gb=36.2 report=/paperclip/instances/default/workspaces/logs/buy53114_worker_wc_cycle_cleanup_report.json
{
  "generated_at": "2026-06-19T09:20:17.400Z",
  "status": "PASS",
  "blocked_reason": null,
  "filesystem": "/dev/vda1",
  "mount_path": "/",
  "free_bytes": 38887514112,
  "total_bytes": 206900281344,
  "warn_bytes": 21474836480,
  "critical_bytes": 5368709120,
  "consecutive_critical": 0,
  "consecutive_required": 1,
  "cooldown_ms": 14400000,
  "last_incident_id": null,
  "last_incident_identifier": null,
  "last_incident_at": null,
  "incident": null,
  "snapshot_dir": "/paperclip/instances/default/workspaces/476c8023-3635-45bb-9f71-db6f4f5700e1/buywhere-api/data/buy-48198-disk-monitor-2026-06-19T092017Z",
  "source_identifier": "BUY-48198",
  "execution_identifier": "BUY-48198",
  "alert_issue_identifier": "BUY-30808",
  "notes": [
    "free=36.2 GB (38887514112 B) warn<20.0 GB critical<5.0 GB"
  ]
}
[2026-06-19T09:20:17Z] BUY-48198 watchdog complete rc=0
[2026-06-19T09:25:01Z] BUY-48198 watchdog start before_pct=82 free_gb=35.6
[2026-06-19T09:25:02Z] starting workspace=/paperclip/instances/default/workspaces/476c8023-3635-45bb-9f71-db6f4f5700e1/buywhere-api apply=1 keep_hours=48 alert_pct=90
[2026-06-19T09:25:02Z] starting workspace=/paperclip/instances/default/workspaces/3ec8f6dd-1735-4479-9825-a2c42edac34c apply=1 keep_hours=48 alert_pct=90
[2026-06-19T09:25:02Z] BUY-48198 wc cleanup complete rc=0 workspace=all after_pct=82 free_gb=35.6 report=/paperclip/instances/default/workspaces/logs/buy53095_wc_cycle_cleanup_report.json
[2026-06-19T09:25:02Z] starting apply=1 root=/paperclip/instances/default/workspaces log_retention_days=2 run_retention_days=3 heartbeat_retention_min=360 alert_pct=90
[2026-06-19T09:25:02Z] skip-undeletable kind=pycache-dir kb=4 path=/paperclip/instances/default/workspaces/7fb55262-e658-45e2-88c0-b0e8ccc5ad6c/scripts/__pycache__
[2026-06-19T09:25:02Z] skip-undeletable kind=pycache-file kb=24 path=/paperclip/instances/default/workspaces/7fb55262-e658-45e2-88c0-b0e8ccc5ad6c/scripts/__pycache__/ingested_marker.cpython-312.pyc
[2026-06-19T09:25:02Z] skip-undeletable kind=pycache-file kb=37 path=/paperclip/instances/default/workspaces/7fb55262-e658-45e2-88c0-b0e8ccc5ad6c/scripts/__pycache__/ingest_buy30620_lanes.cpython-312.pyc
[2026-06-19T09:25:05Z] deleted kind=stale-pid kb=1 path=/paperclip/instances/default/workspaces/476c8023-3635-45bb-9f71-db6f4f5700e1/buywhere-api/data/.buy31015-deep-page.pid
[2026-06-19T09:25:08Z] skip-undeletable kind=pycache-dir kb=4 path=/paperclip/instances/default/workspaces/3ec8f6dd-1735-4479-9825-a2c42edac34c/scripts/__pycache__
[2026-06-19T09:25:08Z] skip-undeletable kind=pycache-file kb=26 path=/paperclip/instances/default/workspaces/3ec8f6dd-1735-4479-9825-a2c42edac34c/scripts/__pycache__/ingest_buy30620_lanes.cpython-312.pyc
[2026-06-19T09:25:09Z] deleted kind=cycle-log kb=1 path=/paperclip/instances/default/workspaces/3ec8f6dd-1735-4479-9825-a2c42edac34c/logs/buy31015-deep-supervisor-20260616T092402Z.log
[2026-06-19T09:25:17Z] summary apply=1 scanned=15 removed=2 skipped_undeletable=5 failed=0 reclaimed_kb=2 report=/paperclip/instances/default/workspaces/logs/buy53114_worker_wc_cycle_cleanup_report.json
[2026-06-19T09:25:17Z] BUY-53114 worker cleanup complete rc=0 after_pct=82 free_gb=35.5 report=/paperclip/instances/default/workspaces/logs/buy53114_worker_wc_cycle_cleanup_report.json
{
  "generated_at": "2026-06-19T09:25:17.210Z",
  "status": "PASS",
  "blocked_reason": null,
  "filesystem": "/dev/vda1",
  "mount_path": "/",
  "free_bytes": 38158028800,
  "total_bytes": 206900281344,
  "warn_bytes": 21474836480,
  "critical_bytes": 5368709120,
  "consecutive_critical": 0,
  "consecutive_required": 1,
  "cooldown_ms": 14400000,
  "last_incident_id": null,
  "last_incident_identifier": null,
  "last_incident_at": null,
  "incident": null,
  "snapshot_dir": "/paperclip/instances/default/workspaces/476c8023-3635-45bb-9f71-db6f4f5700e1/buywhere-api/data/buy-48198-disk-monitor-2026-06-19T092517Z",
  "source_identifier": "BUY-48198",
  "execution_identifier": "BUY-48198",
  "alert_issue_identifier": "BUY-30808",
  "notes": [
    "free=35.5 GB (38158028800 B) warn<20.0 GB critical<5.0 GB"
  ]
}
[2026-06-19T09:25:17Z] BUY-48198 watchdog complete rc=0
[2026-06-19T09:30:01Z] BUY-48198 watchdog start before_pct=82 free_gb=36.3
[2026-06-19T09:30:01Z] starting workspace=/paperclip/instances/default/workspaces/476c8023-3635-45bb-9f71-db6f4f5700e1/buywhere-api apply=1 keep_hours=48 alert_pct=90
[2026-06-19T09:30:01Z] starting workspace=/paperclip/instances/default/workspaces/3ec8f6dd-1735-4479-9825-a2c42edac34c apply=1 keep_hours=48 alert_pct=90
[2026-06-19T09:30:02Z] BUY-48198 wc cleanup complete rc=0 workspace=all after_pct=82 free_gb=36.3 report=/paperclip/instances/default/workspaces/logs/buy53095_wc_cycle_cleanup_report.json
[2026-06-19T09:30:02Z] starting apply=1 root=/paperclip/instances/default/workspaces log_retention_days=2 run_retention_days=3 heartbeat_retention_min=360 disk_artifact_retention_days=2 alert_pct=90
[2026-06-19T09:30:02Z] skip-undeletable kind=pycache-dir kb=4 path=/paperclip/instances/default/workspaces/7fb55262-e658-45e2-88c0-b0e8ccc5ad6c/scripts/__pycache__
[2026-06-19T09:30:02Z] skip-undeletable kind=pycache-file kb=24 path=/paperclip/instances/default/workspaces/7fb55262-e658-45e2-88c0-b0e8ccc5ad6c/scripts/__pycache__/ingested_marker.cpython-312.pyc
[2026-06-19T09:30:02Z] skip-undeletable kind=pycache-file kb=37 path=/paperclip/instances/default/workspaces/7fb55262-e658-45e2-88c0-b0e8ccc5ad6c/scripts/__pycache__/ingest_buy30620_lanes.cpython-312.pyc
[2026-06-19T09:30:05Z] deleted kind=stale-pid kb=1 path=/paperclip/instances/default/workspaces/476c8023-3635-45bb-9f71-db6f4f5700e1/buywhere-api/data/.buy31015-deep-page.pid
[2026-06-19T09:30:09Z] skip-undeletable kind=pycache-dir kb=4 path=/paperclip/instances/default/workspaces/3ec8f6dd-1735-4479-9825-a2c42edac34c/scripts/__pycache__
[2026-06-19T09:30:09Z] skip-undeletable kind=pycache-file kb=26 path=/paperclip/instances/default/workspaces/3ec8f6dd-1735-4479-9825-a2c42edac34c/scripts/__pycache__/ingest_buy30620_lanes.cpython-312.pyc
[2026-06-19T09:30:10Z] deleted kind=disk-monitor-dir kb=4 path=/paperclip/instances/default/workspaces/8ca957f8-0911-4e81-a963-e2cf54c97d44/data/buy-48198-disk-monitor-2026-06-15T180501Z
[2026-06-19T09:30:10Z] deleted kind=disk-monitor-dir kb=4 path=/paperclip/instances/default/workspaces/8ca957f8-0911-4e81-a963-e2cf54c97d44/data/buy-48198-disk-monitor-2026-06-15T064001Z
[2026-06-19T09:30:10Z] deleted kind=disk-monitor-dir kb=4 path=/paperclip/instances/default/workspaces/8ca957f8-0911-4e81-a963-e2cf54c97d44/data/buy-48198-disk-monitor-2026-06-15T023501Z
[2026-06-19T09:30:10Z] deleted kind=disk-monitor-dir kb=4 path=/paperclip/instances/default/workspaces/8ca957f8-0911-4e81-a963-e2cf54c97d44/data/buy-48198-disk-monitor-2026-06-14T185501Z
[2026-06-19T09:30:10Z] deleted kind=disk-monitor-dir kb=4 path=/paperclip/instances/default/workspaces/8ca957f8-0911-4e81-a963-e2cf54c97d44/data/buy-48198-disk-monitor-2026-06-16T074001Z
[2026-06-19T09:30:11Z] deleted kind=disk-monitor-dir kb=4 path=/paperclip/instances/default/workspaces/8ca957f8-0911-4e81-a963-e2cf54c97d44/data/buy-48198-disk-monitor-2026-06-15T222501Z
[2026-06-19T09:30:11Z] deleted kind=disk-monitor-dir kb=4 path=/paperclip/instances/default/workspaces/8ca957f8-0911-4e81-a963-e2cf54c97d44/data/buy-48198-disk-monitor-2026-06-15T120924Z
[2026-06-19T09:30:11Z] deleted kind=disk-monitor-dir kb=4 path=/paperclip/instances/default/workspaces/8ca957f8-0911-4e81-a963-e2cf54c97d44/data/buy-48198-disk-monitor-2026-06-15T152501Z
[2026-06-19T09:30:11Z] deleted kind=disk-monitor-dir kb=4 path=/paperclip/instances/default/workspaces/8ca957f8-0911-4e81-a963-e2cf54c97d44/data/buy-48198-disk-monitor-2026-06-14T191959Z
[2026-06-19T09:30:11Z] deleted kind=disk-monitor-dir kb=4 path=/paperclip/instances/default/workspaces/8ca957f8-0911-4e81-a963-e2cf54c97d44/data/buy-48198-disk-monitor-2026-06-15T052001Z
[2026-06-19T09:30:11Z] deleted kind=disk-monitor-dir kb=4 path=/paperclip/instances/default/workspaces/8ca957f8-0911-4e81-a963-e2cf54c97d44/data/buy-48198-disk-monitor-2026-06-15T062502Z
[2026-06-19T09:30:11Z] deleted kind=disk-monitor-dir kb=4 path=/paperclip/instances/default/workspaces/8ca957f8-0911-4e81-a963-e2cf54c97d44/data/buy-48198-disk-monitor-2026-06-16T085001Z
[2026-06-19T09:30:11Z] deleted kind=disk-monitor-dir kb=4 path=/paperclip/instances/default/workspaces/8ca957f8-0911-4e81-a963-e2cf54c97d44/data/buy-48198-disk-monitor-2026-06-16T065501Z
[2026-06-19T09:30:11Z] deleted kind=disk-monitor-dir kb=4 path=/paperclip/instances/default/workspaces/8ca957f8-0911-4e81-a963-e2cf54c97d44/data/buy-48198-disk-monitor-2026-06-16T075501Z
[2026-06-19T09:30:11Z] deleted kind=disk-monitor-dir kb=4 path=/paperclip/instances/default/workspaces/8ca957f8-0911-4e81-a963-e2cf54c97d44/data/buy-48198-disk-monitor-2026-06-14T203542Z
[2026-06-19T09:30:11Z] deleted kind=disk-monitor-dir kb=4 path=/paperclip/instances/default/workspaces/8ca957f8-0911-4e81-a963-e2cf54c97d44/data/buy-48198-disk-monitor-2026-06-16T033001Z
[2026-06-19T09:30:11Z] deleted kind=disk-monitor-dir kb=4 path=/paperclip/instances/default/workspaces/8ca957f8-0911-4e81-a963-e2cf54c97d44/data/buy-48198-disk-monitor-2026-06-15T053501Z
[2026-06-19T09:30:11Z] deleted kind=disk-monitor-dir kb=4 path=/paperclip/instances/default/workspaces/8ca957f8-0911-4e81-a963-e2cf54c97d44/data/buy-48198-disk-monitor-2026-06-16T040501Z
[2026-06-19T09:30:11Z] deleted kind=disk-monitor-dir kb=4 path=/paperclip/instances/default/workspaces/8ca957f8-0911-4e81-a963-e2cf54c97d44/data/buy-48198-disk-monitor-2026-06-14T191620Z
[2026-06-19T09:30:11Z] deleted kind=disk-monitor-dir kb=4 path=/paperclip/instances/default/workspaces/8ca957f8-0911-4e81-a963-e2cf54c97d44/data/buy-48198-disk-monitor-2026-06-16T010001Z
[2026-06-19T09:30:11Z] deleted kind=disk-monitor-dir kb=4 path=/paperclip/instances/default/workspaces/8ca957f8-0911-4e81-a963-e2cf54c97d44/data/buy-48198-disk-monitor-2026-06-14T152001Z
[2026-06-19T09:30:11Z] deleted kind=disk-monitor-dir kb=4 path=/paperclip/instances/default/workspaces/8ca957f8-0911-4e81-a963-e2cf54c97d44/data/buy-48198-disk-monitor-2026-06-15T065534Z
[2026-06-19T09:30:11Z] deleted kind=disk-monitor-dir kb=4 path=/paperclip/instances/default/workspaces/8ca957f8-0911-4e81-a963-e2cf54c97d44/data/buy-48198-disk-monitor-2026-06-14T192029Z
[2026-06-19T09:30:11Z] deleted kind=disk-monitor-dir kb=4 path=/paperclip/instances/default/workspaces/8ca957f8-0911-4e81-a963-e2cf54c97d44/data/buy-48198-disk-monitor-2026-06-15T020739Z
[2026-06-19T09:30:11Z] deleted kind=disk-monitor-dir kb=4 path=/paperclip/instances/default/workspaces/8ca957f8-0911-4e81-a963-e2cf54c97d44/data/buy-48198-disk-monitor-2026-06-15T033501Z
[2026-06-19T09:30:11Z] deleted kind=disk-monitor-dir kb=4 path=/paperclip/instances/default/workspaces/8ca957f8-0911-4e81-a963-e2cf54c97d44/data/buy-48198-disk-monitor-2026-06-16T060002Z
[2026-06-19T09:30:11Z] deleted kind=disk-monitor-dir kb=4 path=/paperclip/instances/default/workspaces/8ca957f8-0911-4e81-a963-e2cf54c97d44/data/buy-48198-disk-monitor-2026-06-14T182855Z
[2026-06-19T09:30:11Z] deleted kind=disk-monitor-dir kb=4 path=/paperclip/instances/default/workspaces/8ca957f8-0911-4e81-a963-e2cf54c97d44/data/buy-48198-disk-monitor-2026-06-15T035248Z
[2026-06-19T09:30:11Z] deleted kind=disk-monitor-dir kb=4 path=/paperclip/instances/default/workspaces/8ca957f8-0911-4e81-a963-e2cf54c97d44/data/buy-48198-disk-monitor-2026-06-15T164001Z
[2026-06-19T09:30:11Z] deleted kind=disk-monitor-dir kb=4 path=/paperclip/instances/default/workspaces/8ca957f8-0911-4e81-a963-e2cf54c97d44/data/buy-48198-disk-monitor-2026-06-14T191927Z
[2026-06-19T09:30:11Z] deleted kind=disk-monitor-dir kb=4 path=/paperclip/instances/default/workspaces/8ca957f8-0911-4e81-a963-e2cf54c97d44/data/buy-48198-disk-monitor-2026-06-15T200001Z
[2026-06-19T09:30:11Z] deleted kind=disk-monitor-dir kb=4 path=/paperclip/instances/default/workspaces/8ca957f8-0911-4e81-a963-e2cf54c97d44/data/buy-48198-disk-monitor-2026-06-15T235501Z
[2026-06-19T09:30:11Z] deleted kind=disk-monitor-dir kb=4 path=/paperclip/instances/default/workspaces/8ca957f8-0911-4e81-a963-e2cf54c97d44/data/buy-48198-disk-monitor-2026-06-15T070001Z
[2026-06-19T09:30:11Z] deleted kind=disk-monitor-dir kb=4 path=/paperclip/instances/default/workspaces/8ca957f8-0911-4e81-a963-e2cf54c97d44/data/buy-48198-disk-monitor-2026-06-15T221501Z
[2026-06-19T09:30:11Z] deleted kind=disk-monitor-dir kb=4 path=/paperclip/instances/default/workspaces/8ca957f8-0911-4e81-a963-e2cf54c97d44/data/buy-48198-disk-monitor-2026-06-15T061001Z
[2026-06-19T09:30:11Z] deleted kind=disk-monitor-dir kb=4 path=/paperclip/instances/default/workspaces/8ca957f8-0911-4e81-a963-e2cf54c97d44/data/buy-48198-disk-monitor-2026-06-14T182613Z
[2026-06-19T09:30:11Z] deleted kind=disk-monitor-dir kb=4 path=/paperclip/instances/default/workspaces/8ca957f8-0911-4e81-a963-e2cf54c97d44/data/buy-48198-disk-monitor-2026-06-16T010501Z
[2026-06-19T09:30:11Z] deleted kind=disk-monitor-dir kb=4 path=/paperclip/instances/default/workspaces/8ca957f8-0911-4e81-a963-e2cf54c97d44/data/buy-48198-disk-monitor-2026-06-15T045744Z
[2026-06-19T09:30:11Z] deleted kind=disk-monitor-dir kb=4 path=/paperclip/instances/default/workspaces/8ca957f8-0911-4e81-a963-e2cf54c97d44/data/buy-48198-disk-monitor-2026-06-16T001001Z
[2026-06-19T09:30:11Z] deleted kind=disk-monitor-dir kb=4 path=/paperclip/instances/default/workspaces/8ca957f8-0911-4e81-a963-e2cf54c97d44/data/buy-48198-disk-monitor-2026-06-14T205835Z
[2026-06-19T09:30:11Z] deleted kind=disk-monitor-dir kb=4 path=/paperclip/instances/default/workspaces/8ca957f8-0911-4e81-a963-e2cf54c97d44/data/buy-48198-disk-monitor-2026-06-15T171001Z
[2026-06-19T09:30:11Z] deleted kind=disk-monitor-dir kb=4 path=/paperclip/instances/default/workspaces/8ca957f8-0911-4e81-a963-e2cf54c97d44/data/buy-48198-disk-monitor-2026-06-15T182001Z
[2026-06-19T09:30:11Z] deleted kind=disk-monitor-dir kb=4 path=/paperclip/instances/default/workspaces/8ca957f8-0911-4e81-a963-e2cf54c97d44/data/buy-48198-disk-monitor-2026-06-15T101001Z
[2026-06-19T09:30:11Z] deleted kind=disk-monitor-dir kb=4 path=/paperclip/instances/default/workspaces/8ca957f8-0911-4e81-a963-e2cf54c97d44/data/buy-48198-disk-monitor-2026-06-15T203001Z
[2026-06-19T09:30:11Z] deleted kind=disk-monitor-dir kb=4 path=/paperclip/instances/default/workspaces/8ca957f8-0911-4e81-a963-e2cf54c97d44/data/buy-48198-disk-monitor-2026-06-15T233501Z
[2026-06-19T09:30:11Z] deleted kind=disk-monitor-dir kb=4 path=/paperclip/instances/default/workspaces/8ca957f8-0911-4e81-a963-e2cf54c97d44/data/buy-48198-disk-monitor-2026-06-14T191838Z
[2026-06-19T09:30:11Z] deleted kind=disk-monitor-dir kb=4 path=/paperclip/instances/default/workspaces/8ca957f8-0911-4e81-a963-e2cf54c97d44/data/buy-48198-disk-monitor-2026-06-15T031501Z
[2026-06-19T09:30:11Z] deleted kind=disk-monitor-dir kb=4 path=/paperclip/instances/default/workspaces/8ca957f8-0911-4e81-a963-e2cf54c97d44/data/buy-48198-disk-monitor-2026-06-16T042501Z
[2026-06-19T09:30:11Z] deleted kind=disk-monitor-dir kb=4 path=/paperclip/instances/default/workspaces/8ca957f8-0911-4e81-a963-e2cf54c97d44/data/buy-48198-disk-monitor-2026-06-15T132501Z
[2026-06-19T09:30:11Z] deleted kind=disk-monitor-dir kb=4 path=/paperclip/instances/default/workspaces/8ca957f8-0911-4e81-a963-e2cf54c97d44/data/buy-48198-disk-monitor-2026-06-14T202501Z
[2026-06-19T09:30:11Z] deleted kind=disk-monitor-dir kb=4 path=/paperclip/instances/default/workspaces/8ca957f8-0911-4e81-a963-e2cf54c97d44/data/buy-48198-disk-monitor-2026-06-15T181001Z
[2026-06-19T09:30:11Z] deleted kind=disk-monitor-dir kb=4 path=/paperclip/instances/default/workspaces/8ca957f8-0911-4e81-a963-e2cf54c97d44/data/buy-48198-disk-monitor-2026-06-16T074501Z
[2026-06-19T09:30:11Z] deleted kind=disk-monitor-dir kb=4 path=/paperclip/instances/default/workspaces/8ca957f8-0911-4e81-a963-e2cf54c97d44/data/buy-48198-disk-monitor-2026-06-16T072001Z
[2026-06-19T09:30:11Z] deleted kind=disk-monitor-dir kb=4 path=/paperclip/instances/default/workspaces/8ca957f8-0911-4e81-a963-e2cf54c97d44/data/buy-48198-disk-monitor-2026-06-15T042002Z
[2026-06-19T09:30:11Z] deleted kind=disk-monitor-dir kb=4 path=/paperclip/instances/default/workspaces/8ca957f8-0911-4e81-a963-e2cf54c97d44/data/buy-48198-disk-monitor-2026-06-15T221001Z
[2026-06-19T09:30:11Z] deleted kind=disk-monitor-dir kb=4 path=/paperclip/instances/default/workspaces/8ca957f8-0911-4e81-a963-e2cf54c97d44/data/buy-48198-disk-monitor-2026-06-14T154002Z
[2026-06-19T09:30:11Z] deleted kind=disk-monitor-dir kb=4 path=/paperclip/instances/default/workspaces/8ca957f8-0911-4e81-a963-e2cf54c97d44/data/buy-48198-disk-monitor-2026-06-15T055001Z
[2026-06-19T09:30:11Z] deleted kind=disk-monitor-dir kb=4 path=/paperclip/instances/default/workspaces/8ca957f8-0911-4e81-a963-e2cf54c97d44/data/buy-48198-disk-monitor-2026-06-14T153017Z
[2026-06-19T09:30:11Z] deleted kind=disk-monitor-dir kb=4 path=/paperclip/instances/default/workspaces/8ca957f8-0911-4e81-a963-e2cf54c97d44/data/buy-48198-disk-monitor-2026-06-15T164501Z
[2026-06-19T09:30:11Z] deleted kind=disk-monitor-dir kb=4 path=/paperclip/instances/default/workspaces/8ca957f8-0911-4e81-a963-e2cf54c97d44/data/buy-48198-disk-monitor-2026-06-16T032501Z
[2026-06-19T09:30:11Z] deleted kind=disk-monitor-dir kb=4 path=/paperclip/instances/default/workspaces/8ca957f8-0911-4e81-a963-e2cf54c97d44/data/buy-48198-disk-monitor-2026-06-14T230539Z
[2026-06-19T09:30:11Z] deleted kind=disk-monitor-dir kb=4 path=/paperclip/instances/default/workspaces/8ca957f8-0911-4e81-a963-e2cf54c97d44/data/buy-48198-disk-monitor-2026-06-15T021001Z
[2026-06-19T09:30:11Z] deleted kind=disk-monitor-dir kb=4 path=/paperclip/instances/default/workspaces/8ca957f8-0911-4e81-a963-e2cf54c97d44/data/buy-48198-disk-monitor-2026-06-15T030926Z
[2026-06-19T09:30:11Z] deleted kind=disk-monitor-dir kb=4 path=/paperclip/instances/default/workspaces/8ca957f8-0911-4e81-a963-e2cf54c97d44/data/buy-48198-disk-monitor-2026-06-15T021556Z
[2026-06-19T09:30:11Z] deleted kind=disk-monitor-dir kb=4 path=/paperclip/instances/default/workspaces/8ca957f8-0911-4e81-a963-e2cf54c97d44/data/buy-48198-disk-monitor-2026-06-16T005501Z
[2026-06-19T09:30:11Z] deleted kind=disk-monitor-dir kb=4 path=/paperclip/instances/default/workspaces/8ca957f8-0911-4e81-a963-e2cf54c97d44/data/buy-48198-disk-monitor-2026-06-15T162501Z
[2026-06-19T09:30:11Z] deleted kind=disk-monitor-dir kb=4 path=/paperclip/instances/default/workspaces/8ca957f8-0911-4e81-a963-e2cf54c97d44/data/buy-48198-disk-monitor-2026-06-15T200501Z
[2026-06-19T09:30:11Z] deleted kind=disk-monitor-dir kb=4 path=/paperclip/instances/default/workspaces/8ca957f8-0911-4e81-a963-e2cf54c97d44/data/buy-48198-disk-monitor-2026-06-14T154915Z
[2026-06-19T09:30:11Z] deleted kind=disk-monitor-dir kb=4 path=/paperclip/instances/default/workspaces/8ca957f8-0911-4e81-a963-e2cf54c97d44/data/buy-48198-disk-monitor-2026-06-15T142501Z
[2026-06-19T09:30:11Z] deleted kind=disk-monitor-dir kb=4 path=/paperclip/instances/default/workspaces/8ca957f8-0911-4e81-a963-e2cf54c97d44/data/buy-48198-disk-monitor-2026-06-15T010501Z
[2026-06-19T09:30:11Z] deleted kind=disk-monitor-dir kb=4 path=/paperclip/instances/default/workspaces/8ca957f8-0911-4e81-a963-e2cf54c97d44/data/buy-48198-disk-monitor-2026-06-15T185501Z
[2026-06-19T09:30:11Z] deleted kind=disk-monitor-dir kb=4 path=/paperclip/instances/default/workspaces/8ca957f8-0911-4e81-a963-e2cf54c97d44/data/buy-48198-disk-monitor-2026-06-16T020501Z
[2026-06-19T09:30:11Z] deleted kind=disk-monitor-dir kb=4 path=/paperclip/instances/default/workspaces/8ca957f8-0911-4e81-a963-e2cf54c97d44/data/buy-48198-disk-monitor-2026-06-15T205001Z
[2026-06-19T09:30:11Z] deleted kind=disk-monitor-dir kb=4 path=/paperclip/instances/default/workspaces/8ca957f8-0911-4e81-a963-e2cf54c97d44/data/buy-48198-disk-monitor-2026-06-14T233146Z
[2026-06-19T09:30:11Z] deleted kind=disk-monitor-dir kb=4 path=/paperclip/instances/default/workspaces/8ca957f8-0911-4e81-a963-e2cf54c97d44/data/buy-48198-disk-monitor-2026-06-15T225001Z
[2026-06-19T09:30:11Z] deleted kind=disk-monitor-dir kb=4 path=/paperclip/instances/default/workspaces/8ca957f8-0911-4e81-a963-e2cf54c97d44/data/buy-48198-disk-monitor-2026-06-16T024001Z
[2026-06-19T09:30:11Z] deleted kind=disk-monitor-dir kb=4 path=/paperclip/instances/default/workspaces/8ca957f8-0911-4e81-a963-e2cf54c97d44/data/buy-48198-disk-monitor-2026-06-14T193235Z
[2026-06-19T09:30:11Z] deleted kind=disk-monitor-dir kb=4 path=/paperclip/instances/default/workspaces/8ca957f8-0911-4e81-a963-e2cf54c97d44/data/buy-48198-disk-monitor-2026-06-14T151501Z
[2026-06-19T09:30:11Z] deleted kind=disk-monitor-dir kb=4 path=/paperclip/instances/default/workspaces/8ca957f8-0911-4e81-a963-e2cf54c97d44/data/buy-48198-disk-monitor-2026-06-14T174149Z
[2026-06-19T09:30:11Z] deleted kind=disk-monitor-dir kb=4 path=/paperclip/instances/default/workspaces/8ca957f8-0911-4e81-a963-e2cf54c97d44/data/buy-48198-disk-monitor-2026-06-14T172226Z
[2026-06-19T09:30:11Z] deleted kind=disk-monitor-dir kb=4 path=/paperclip/instances/default/workspaces/8ca957f8-0911-4e81-a963-e2cf54c97d44/data/buy-48198-disk-monitor-2026-06-16T052001Z
[2026-06-19T09:30:11Z] deleted kind=disk-monitor-dir kb=4 path=/paperclip/instances/default/workspaces/8ca957f8-0911-4e81-a963-e2cf54c97d44/data/buy-48198-disk-monitor-2026-06-14T192501Z
[2026-06-19T09:30:11Z] deleted kind=disk-monitor-dir kb=4 path=/paperclip/instances/default/workspaces/8ca957f8-0911-4e81-a963-e2cf54c97d44/data/buy-48198-disk-monitor-2026-06-15T133501Z
[2026-06-19T09:30:11Z] deleted kind=disk-monitor-dir kb=4 path=/paperclip/instances/default/workspaces/8ca957f8-0911-4e81-a963-e2cf54c97d44/data/buy-48198-disk-monitor-2026-06-15T100343Z
[2026-06-19T09:30:11Z] deleted kind=disk-monitor-dir kb=4 path=/paperclip/instances/default/workspaces/8ca957f8-0911-4e81-a963-e2cf54c97d44/data/buy-48198-disk-monitor-2026-06-14T183901Z
[2026-06-19T09:30:11Z] deleted kind=disk-monitor-dir kb=4 path=/paperclip/instances/default/workspaces/8ca957f8-0911-4e81-a963-e2cf54c97d44/data/buy-48198-disk-monitor-2026-06-15T193001Z
[2026-06-19T09:30:11Z] deleted kind=disk-monitor-dir kb=4 path=/paperclip/instances/default/workspaces/8ca957f8-0911-4e81-a963-e2cf54c97d44/data/buy-48198-disk-monitor-2026-06-14T192130Z
[2026-06-19T09:30:11Z] deleted kind=disk-monitor-dir kb=4 path=/paperclip/instances/default/workspaces/8ca957f8-0911-4e81-a963-e2cf54c97d44/data/buy-48198-disk-monitor-2026-06-15T090001Z
[2026-06-19T09:30:11Z] deleted kind=disk-monitor-dir kb=4 path=/paperclip/instances/default/workspaces/8ca957f8-0911-4e81-a963-e2cf54c97d44/data/buy-48198-disk-monitor-2026-06-14T220501Z
[2026-06-19T09:30:11Z] deleted kind=disk-monitor-dir kb=4 path=/paperclip/instances/default/workspaces/8ca957f8-0911-4e81-a963-e2cf54c97d44/data/buy-48198-disk-monitor-2026-06-15T064502Z
[2026-06-19T09:30:11Z] deleted kind=disk-monitor-dir kb=4 path=/paperclip/instances/default/workspaces/8ca957f8-0911-4e81-a963-e2cf54c97d44/data/buy-48198-disk-monitor-2026-06-15T175001Z
[2026-06-19T09:30:11Z] deleted kind=disk-monitor-dir kb=4 path=/paperclip/instances/default/workspaces/8ca957f8-0911-4e81-a963-e2cf54c97d44/data/buy-48198-disk-monitor-2026-06-15T130001Z
[2026-06-19T09:30:11Z] deleted kind=disk-monitor-dir kb=4 path=/paperclip/instances/default/workspaces/8ca957f8-0911-4e81-a963-e2cf54c97d44/data/buy-48198-disk-monitor-2026-06-15T011540Z
[2026-06-19T09:30:11Z] deleted kind=disk-monitor-dir kb=4 path=/paperclip/instances/default/workspaces/8ca957f8-0911-4e81-a963-e2cf54c97d44/data/buy-48198-disk-monitor-2026-06-14T182739Z
[2026-06-19T09:30:11Z] deleted kind=disk-monitor-dir kb=4 path=/paperclip/instances/default/workspaces/8ca957f8-0911-4e81-a963-e2cf54c97d44/data/buy-48198-disk-monitor-2026-06-15T033001Z
[2026-06-19T09:30:11Z] deleted kind=disk-monitor-dir kb=4 path=/paperclip/instances/default/workspaces/8ca957f8-0911-4e81-a963-e2cf54c97d44/data/buy-48198-disk-monitor-2026-06-15T025501Z
[2026-06-19T09:30:11Z] deleted kind=disk-monitor-dir kb=4 path=/paperclip/instances/default/workspaces/8ca957f8-0911-4e81-a963-e2cf54c97d44/data/buy-48198-disk-monitor-2026-06-15T193501Z
[2026-06-19T09:30:11Z] deleted kind=disk-monitor-dir kb=4 path=/paperclip/instances/default/workspaces/8ca957f8-0911-4e81-a963-e2cf54c97d44/data/buy-48198-disk-monitor-2026-06-16T000001Z
[2026-06-19T09:30:11Z] deleted kind=disk-monitor-dir kb=4 path=/paperclip/instances/default/workspaces/8ca957f8-0911-4e81-a963-e2cf54c97d44/data/buy-48198-disk-monitor-2026-06-15T135001Z
[2026-06-19T09:30:11Z] deleted kind=disk-monitor-dir kb=4 path=/paperclip/instances/default/workspaces/8ca957f8-0911-4e81-a963-e2cf54c97d44/data/buy-48198-disk-monitor-2026-06-16T082001Z
[2026-06-19T09:30:12Z] deleted kind=disk-monitor-dir kb=4 path=/paperclip/instances/default/workspaces/8ca957f8-0911-4e81-a963-e2cf54c97d44/data/buy-48198-disk-monitor-2026-06-16T093001Z
[2026-06-19T09:30:12Z] deleted kind=disk-monitor-dir kb=4 path=/paperclip/instances/default/workspaces/8ca957f8-0911-4e81-a963-e2cf54c97d44/data/buy-48198-disk-monitor-2026-06-14T215001Z
[2026-06-19T09:30:12Z] deleted kind=disk-monitor-dir kb=4 path=/paperclip/instances/default/workspaces/8ca957f8-0911-4e81-a963-e2cf54c97d44/data/buy-48198-disk-monitor-2026-06-15T153501Z
[2026-06-19T09:30:12Z] deleted kind=disk-monitor-dir kb=4 path=/paperclip/instances/default/workspaces/8ca957f8-0911-4e81-a963-e2cf54c97d44/data/buy-48198-disk-monitor-2026-06-14T194001Z
[2026-06-19T09:30:12Z] deleted kind=disk-monitor-dir kb=4 path=/paperclip/instances/default/workspaces/8ca957f8-0911-4e81-a963-e2cf54c97d44/data/buy-48198-disk-monitor-2026-06-16T055001Z
[2026-06-19T09:30:12Z] deleted kind=disk-monitor-dir kb=4 path=/paperclip/instances/default/workspaces/8ca957f8-0911-4e81-a963-e2cf54c97d44/data/buy-48198-disk-monitor-2026-06-15T102501Z
[2026-06-19T09:30:12Z] deleted kind=disk-monitor-dir kb=4 path=/paperclip/instances/default/workspaces/8ca957f8-0911-4e81-a963-e2cf54c97d44/data/buy-48198-disk-monitor-2026-06-15T205501Z
[2026-06-19T09:30:12Z] deleted kind=disk-monitor-dir kb=4 path=/paperclip/instances/default/workspaces/8ca957f8-0911-4e81-a963-e2cf54c97d44/data/buy-48198-disk-monitor-2026-06-16T041501Z
[2026-06-19T09:30:12Z] deleted kind=disk-monitor-dir kb=4 path=/paperclip/instances/default/workspaces/8ca957f8-0911-4e81-a963-e2cf54c97d44/data/buy-48198-disk-monitor-2026-06-14T211746Z
[2026-06-19T09:30:12Z] deleted kind=disk-monitor-dir kb=4 path=/paperclip/instances/default/workspaces/8ca957f8-0911-4e81-a963-e2cf54c97d44/data/buy-48198-disk-monitor-2026-06-15T024001Z
[2026-06-19T09:30:12Z] deleted kind=disk-monitor-dir kb=4 path=/paperclip/instances/default/workspaces/8ca957f8-0911-4e81-a963-e2cf54c97d44/data/buy-48198-disk-monitor-2026-06-16T062501Z
[2026-06-19T09:30:12Z] deleted kind=disk-monitor-dir kb=4 path=/paperclip/instances/default/workspaces/8ca957f8-0911-4e81-a963-e2cf54c97d44/data/buy-48198-disk-monitor-2026-06-15T012419Z
[2026-06-19T09:30:12Z] deleted kind=disk-monitor-dir kb=4 path=/paperclip/instances/default/workspaces/8ca957f8-0911-4e81-a963-e2cf54c97d44/data/buy-48198-disk-monitor-2026-06-16T080001Z
[2026-06-19T09:30:12Z] deleted kind=disk-monitor-dir kb=4 path=/paperclip/instances/default/workspaces/8ca957f8-0911-4e81-a963-e2cf54c97d44/data/buy-48198-disk-monitor-2026-06-15T012501Z
[2026-06-19T09:30:12Z] deleted kind=disk-monitor-dir kb=4 path=/paperclip/instances/default/workspaces/8ca957f8-0911-4e81-a963-e2cf54c97d44/data/buy-48198-disk-monitor-2026-06-14T193001Z
[2026-06-19T09:30:12Z] deleted kind=disk-monitor-dir kb=4 path=/paperclip/instances/default/workspaces/8ca957f8-0911-4e81-a963-e2cf54c97d44/data/buy-48198-disk-monitor-2026-06-15T054001Z
[2026-06-19T09:30:12Z] deleted kind=disk-monitor-dir kb=4 path=/paperclip/instances/default/workspaces/8ca957f8-0911-4e81-a963-e2cf54c97d44/data/buy-48198-disk-monitor-2026-06-16T030501Z
[2026-06-19T09:30:12Z] deleted kind=disk-monitor-dir kb=4 path=/paperclip/instances/default/workspaces/8ca957f8-0911-4e81-a963-e2cf54c97d44/data/buy-48198-disk-monitor-2026-06-16T011001Z
[2026-06-19T09:30:12Z] deleted kind=disk-monitor-dir kb=4 path=/paperclip/instances/default/workspaces/8ca957f8-0911-4e81-a963-e2cf54c97d44/data/buy-48198-disk-monitor-2026-06-15T170501Z
[2026-06-19T09:30:12Z] deleted kind=disk-monitor-dir kb=4 path=/paperclip/instances/default/workspaces/8ca957f8-0911-4e81-a963-e2cf54c97d44/data/buy-48198-disk-monitor-2026-06-16T091501Z
[2026-06-19T09:30:12Z] deleted kind=disk-monitor-dir kb=4 path=/paperclip/instances/default/workspaces/8ca957f8-0911-4e81-a963-e2cf54c97d44/data/buy-48198-disk-monitor-2026-06-16T041001Z
[2026-06-19T09:30:12Z] deleted kind=disk-monitor-dir kb=4 path=/paperclip/instances/default/workspaces/8ca957f8-0911-4e81-a963-e2cf54c97d44/data/buy-48198-disk-monitor-2026-06-14T182442Z
[2026-06-19T09:30:12Z] deleted kind=disk-monitor-dir kb=4 path=/paperclip/instances/default/workspaces/8ca957f8-0911-4e81-a963-e2cf54c97d44/data/buy-48198-disk-monitor-2026-06-15T214001Z
[2026-06-19T09:30:12Z] deleted kind=disk-monitor-dir kb=4 path=/paperclip/instances/default/workspaces/8ca957f8-0911-4e81-a963-e2cf54c97d44/data/buy-48198-disk-monitor-2026-06-14T193355Z
[2026-06-19T09:30:12Z] deleted kind=disk-monitor-dir kb=4 path=/paperclip/instances/default/workspaces/8ca957f8-0911-4e81-a963-e2cf54c97d44/data/buy-48198-disk-monitor-2026-06-15T225501Z
[2026-06-19T09:30:12Z] deleted kind=disk-monitor-dir kb=4 path=/paperclip/instances/default/workspaces/8ca957f8-0911-4e81-a963-e2cf54c97d44/data/buy-48198-disk-monitor-2026-06-16T003501Z
[2026-06-19T09:30:12Z] deleted kind=disk-monitor-dir kb=4 path=/paperclip/instances/default/workspaces/8ca957f8-0911-4e81-a963-e2cf54c97d44/data/buy-48198-disk-monitor-2026-06-14T173416Z
[2026-06-19T09:30:12Z] deleted kind=disk-monitor-dir kb=4 path=/paperclip/instances/default/workspaces/8ca957f8-0911-4e81-a963-e2cf54c97d44/data/buy-48198-disk-monitor-2026-06-16T084501Z
[2026-06-19T09:30:12Z] deleted kind=disk-monitor-dir kb=4 path=/paperclip/instances/default/workspaces/8ca957f8-0911-4e81-a963-e2cf54c97d44/data/buy-48198-disk-monitor-2026-06-14T174854Z
[2026-06-19T09:30:12Z] deleted kind=disk-monitor-dir kb=4 path=/paperclip/instances/default/workspaces/8ca957f8-0911-4e81-a963-e2cf54c97d44/data/buy-48198-disk-monitor-2026-06-14T221001Z
[2026-06-19T09:30:12Z] deleted kind=disk-monitor-dir kb=4 path=/paperclip/instances/default/workspaces/8ca957f8-0911-4e81-a963-e2cf54c97d44/data/buy-48198-disk-monitor-2026-06-16T023501Z
[2026-06-19T09:30:12Z] deleted kind=disk-monitor-dir kb=4 path=/paperclip/instances/default/workspaces/8ca957f8-0911-4e81-a963-e2cf54c97d44/data/buy-48198-disk-monitor-2026-06-15T031718Z
[2026-06-19T09:30:12Z] deleted kind=disk-monitor-dir kb=4 path=/paperclip/instances/default/workspaces/8ca957f8-0911-4e81-a963-e2cf54c97d44/data/buy-48198-disk-monitor-2026-06-16T043001Z
[2026-06-19T09:30:12Z] deleted kind=disk-monitor-dir kb=4 path=/paperclip/instances/default/workspaces/8ca957f8-0911-4e81-a963-e2cf54c97d44/data/buy-48198-disk-monitor-2026-06-14T193203Z
[2026-06-19T09:30:12Z] deleted kind=disk-monitor-dir kb=4 path=/paperclip/instances/default/workspaces/8ca957f8-0911-4e81-a963-e2cf54c97d44/data/buy-48198-disk-monitor-2026-06-15T032001Z
[2026-06-19T09:30:12Z] deleted kind=disk-monitor-dir kb=4 path=/paperclip/instances/default/workspaces/8ca957f8-0911-4e81-a963-e2cf54c97d44/data/buy-48198-disk-monitor-2026-06-16T021501Z
[2026-06-19T09:30:12Z] deleted kind=disk-monitor-dir kb=4 path=/paperclip/instances/default/workspaces/8ca957f8-0911-4e81-a963-e2cf54c97d44/data/buy-48198-disk-monitor-2026-06-14T191001Z
[2026-06-19T09:30:12Z] deleted kind=disk-monitor-dir kb=4 path=/paperclip/instances/default/workspaces/8ca957f8-0911-4e81-a963-e2cf54c97d44/data/buy-48198-disk-monitor-2026-06-16T042001Z
[2026-06-19T09:30:12Z] deleted kind=disk-monitor-dir kb=4 path=/paperclip/instances/default/workspaces/8ca957f8-0911-4e81-a963-e2cf54c97d44/data/buy-48198-disk-monitor-2026-06-15T184501Z
[2026-06-19T09:30:12Z] deleted kind=disk-monitor-dir kb=4 path=/paperclip/instances/default/workspaces/8ca957f8-0911-4e81-a963-e2cf54c97d44/data/buy-48198-disk-monitor-2026-06-15T145501Z
[2026-06-19T09:30:12Z] deleted kind=disk-monitor-dir kb=4 path=/paperclip/instances/default/workspaces/8ca957f8-0911-4e81-a963-e2cf54c97d44/data/buy-48198-disk-monitor-2026-06-14T203001Z
[2026-06-19T09:30:12Z] deleted kind=disk-monitor-dir kb=4 path=/paperclip/instances/default/workspaces/8ca957f8-0911-4e81-a963-e2cf54c97d44/data/buy-48198-disk-monitor-2026-06-14T150902Z
[2026-06-19T09:30:12Z] deleted kind=disk-monitor-dir kb=4 path=/paperclip/instances/default/workspaces/8ca957f8-0911-4e81-a963-e2cf54c97d44/data/buy-48198-disk-monitor-2026-06-14T172610Z
[2026-06-19T09:30:12Z] deleted kind=disk-monitor-dir kb=4 path=/paperclip/instances/default/workspaces/8ca957f8-0911-4e81-a963-e2cf54c97d44/data/buy-48198-disk-monitor-2026-06-14T152514Z
[2026-06-19T09:30:12Z] deleted kind=disk-monitor-dir kb=4 path=/paperclip/instances/default/workspaces/8ca957f8-0911-4e81-a963-e2cf54c97d44/data/buy-48198-disk-monitor-2026-06-15T191001Z
[2026-06-19T09:30:12Z] deleted kind=disk-monitor-dir kb=4 path=/paperclip/instances/default/workspaces/8ca957f8-0911-4e81-a963-e2cf54c97d44/data/buy-48198-disk-monitor-2026-06-16T033501Z
[2026-06-19T09:30:12Z] deleted kind=disk-monitor-dir kb=4 path=/paperclip/instances/default/workspaces/8ca957f8-0911-4e81-a963-e2cf54c97d44/data/buy-48198-disk-monitor-2026-06-14T194020Z
[2026-06-19T09:30:12Z] deleted kind=disk-monitor-dir kb=4 path=/paperclip/instances/default/workspaces/8ca957f8-0911-4e81-a963-e2cf54c97d44/data/buy-48198-disk-monitor-2026-06-16T092501Z
[2026-06-19T09:30:12Z] deleted kind=disk-monitor-dir kb=4 path=/paperclip/instances/default/workspaces/8ca957f8-0911-4e81-a963-e2cf54c97d44/data/buy-48198-disk-monitor-2026-06-16T073001Z
[2026-06-19T09:30:12Z] deleted kind=disk-monitor-dir kb=4 path=/paperclip/instances/default/workspaces/8ca957f8-0911-4e81-a963-e2cf54c97d44/data/buy-48198-disk-monitor-2026-06-16T004501Z
[2026-06-19T09:30:12Z] deleted kind=disk-monitor-dir kb=4 path=/paperclip/instances/default/workspaces/8ca957f8-0911-4e81-a963-e2cf54c97d44/data/buy-48198-disk-monitor-2026-06-14T182708Z
[2026-06-19T09:30:12Z] deleted kind=disk-monitor-dir kb=4 path=/paperclip/instances/default/workspaces/8ca957f8-0911-4e81-a963-e2cf54c97d44/data/buy-48198-disk-monitor-2026-06-16T062001Z
[2026-06-19T09:30:12Z] deleted kind=disk-monitor-dir kb=4 path=/paperclip/instances/default/workspaces/8ca957f8-0911-4e81-a963-e2cf54c97d44/data/buy-48198-disk-monitor-2026-06-15T151001Z
[2026-06-19T09:30:12Z] deleted kind=disk-monitor-dir kb=4 path=/paperclip/instances/default/workspaces/8ca957f8-0911-4e81-a963-e2cf54c97d44/data/buy-48198-disk-monitor-2026-06-15T174501Z
[2026-06-19T09:30:12Z] deleted kind=disk-monitor-dir kb=4 path=/paperclip/instances/default/workspaces/8ca957f8-0911-4e81-a963-e2cf54c97d44/data/buy-48198-disk-monitor-2026-06-15T103001Z
[2026-06-19T09:30:12Z] deleted kind=disk-monitor-dir kb=4 path=/paperclip/instances/default/workspaces/8ca957f8-0911-4e81-a963-e2cf54c97d44/data/buy-48198-disk-monitor-2026-06-16T014001Z
[2026-06-19T09:30:12Z] deleted kind=disk-monitor-dir kb=4 path=/paperclip/instances/default/workspaces/8ca957f8-0911-4e81-a963-e2cf54c97d44/data/buy-48198-disk-monitor-2026-06-16T054001Z
[2026-06-19T09:30:12Z] deleted kind=disk-monitor-dir kb=4 path=/paperclip/instances/default/workspaces/8ca957f8-0911-4e81-a963-e2cf54c97d44/data/buy-48198-disk-monitor-2026-06-16T015501Z
[2026-06-19T09:30:12Z] deleted kind=disk-monitor-dir kb=4 path=/paperclip/instances/default/workspaces/8ca957f8-0911-4e81-a963-e2cf54c97d44/data/buy-48198-disk-monitor-2026-06-16T013001Z
[2026-06-19T09:30:12Z] deleted kind=disk-monitor-dir kb=4 path=/paperclip/instances/default/workspaces/8ca957f8-0911-4e81-a963-e2cf54c97d44/data/buy-48198-disk-monitor-2026-06-15T133001Z
[2026-06-19T09:30:12Z] deleted kind=disk-monitor-dir kb=4 path=/paperclip/instances/default/workspaces/8ca957f8-0911-4e81-a963-e2cf54c97d44/data/buy-48198-disk-monitor-2026-06-14T151001Z
[2026-06-19T09:30:12Z] deleted kind=disk-monitor-dir kb=4 path=/paperclip/instances/default/workspaces/8ca957f8-0911-4e81-a963-e2cf54c97d44/data/buy-48198-disk-monitor-2026-06-14T201001Z
[2026-06-19T09:30:12Z] deleted kind=disk-monitor-dir kb=4 path=/paperclip/instances/default/workspaces/8ca957f8-0911-4e81-a963-e2cf54c97d44/data/buy-48198-disk-monitor-2026-06-15T155001Z
[2026-06-19T09:30:12Z] deleted kind=disk-monitor-dir kb=4 path=/paperclip/instances/default/workspaces/8ca957f8-0911-4e81-a963-e2cf54c97d44/data/buy-48198-disk-monitor-2026-06-15T210001Z
[2026-06-19T09:30:12Z] deleted kind=disk-monitor-dir kb=4 path=/paperclip/instances/default/workspaces/8ca957f8-0911-4e81-a963-e2cf54c97d44/data/buy-48198-disk-monitor-2026-06-14T215756Z
[2026-06-19T09:30:12Z] deleted kind=disk-monitor-dir kb=4 path=/paperclip/instances/default/workspaces/8ca957f8-0911-4e81-a963-e2cf54c97d44/data/buy-48198-disk-monitor-2026-06-15T010001Z
[2026-06-19T09:30:12Z] deleted kind=disk-monitor-dir kb=4 path=/paperclip/instances/default/workspaces/8ca957f8-0911-4e81-a963-e2cf54c97d44/data/buy-48198-disk-monitor-2026-06-15T160501Z
[2026-06-19T09:30:12Z] deleted kind=disk-monitor-dir kb=4 path=/paperclip/instances/default/workspaces/8ca957f8-0911-4e81-a963-e2cf54c97d44/data/buy-48198-disk-monitor-2026-06-14T234751Z
[2026-06-19T09:30:12Z] deleted kind=disk-monitor-dir kb=4 path=/paperclip/instances/default/workspaces/8ca957f8-0911-4e81-a963-e2cf54c97d44/data/buy-48198-disk-monitor-2026-06-16T070501Z
[2026-06-19T09:30:12Z] deleted kind=disk-monitor-dir kb=4 path=/paperclip/instances/default/workspaces/8ca957f8-0911-4e81-a963-e2cf54c97d44/data/buy-48198-disk-monitor-2026-06-16T053002Z
[2026-06-19T09:30:12Z] deleted kind=disk-monitor-dir kb=4 path=/paperclip/instances/default/workspaces/8ca957f8-0911-4e81-a963-e2cf54c97d44/data/buy-48198-disk-monitor-2026-06-14T214501Z
[2026-06-19T09:30:12Z] deleted kind=disk-monitor-dir kb=4 path=/paperclip/instances/default/workspaces/8ca957f8-0911-4e81-a963-e2cf54c97d44/data/buy-48198-disk-monitor-2026-06-15T153001Z
[2026-06-19T09:30:12Z] deleted kind=disk-monitor-dir kb=4 path=/paperclip/instances/default/workspaces/8ca957f8-0911-4e81-a963-e2cf54c97d44/data/buy-48198-disk-monitor-2026-06-15T140001Z
[2026-06-19T09:30:12Z] deleted kind=disk-monitor-dir kb=4 path=/paperclip/instances/default/workspaces/8ca957f8-0911-4e81-a963-e2cf54c97d44/data/buy-48198-disk-monitor-2026-06-15T132001Z
[2026-06-19T09:30:12Z] deleted kind=disk-monitor-dir kb=4 path=/paperclip/instances/default/workspaces/8ca957f8-0911-4e81-a963-e2cf54c97d44/data/buy-48198-disk-monitor-2026-06-15T045501Z
[2026-06-19T09:30:12Z] deleted kind=disk-monitor-dir kb=4 path=/paperclip/instances/default/workspaces/8ca957f8-0911-4e81-a963-e2cf54c97d44/data/buy-48198-disk-monitor-2026-06-16T012001Z
[2026-06-19T09:30:12Z] deleted kind=disk-monitor-dir kb=4 path=/paperclip/instances/default/workspaces/8ca957f8-0911-4e81-a963-e2cf54c97d44/data/buy-48198-disk-monitor-2026-06-15T150001Z
[2026-06-19T09:30:12Z] deleted kind=disk-monitor-dir kb=4 path=/paperclip/instances/default/workspaces/8ca957f8-0911-4e81-a963-e2cf54c97d44/data/buy-48198-disk-monitor-2026-06-14T194501Z
[2026-06-19T09:30:12Z] deleted kind=disk-monitor-dir kb=4 path=/paperclip/instances/default/workspaces/8ca957f8-0911-4e81-a963-e2cf54c97d44/data/buy-48198-disk-monitor-2026-06-15T233001Z
[2026-06-19T09:30:12Z] deleted kind=disk-monitor-dir kb=4 path=/paperclip/instances/default/workspaces/8ca957f8-0911-4e81-a963-e2cf54c97d44/data/buy-48198-disk-monitor-2026-06-15T085526Z
[2026-06-19T09:30:12Z] deleted kind=disk-monitor-dir kb=4 path=/paperclip/instances/default/workspaces/8ca957f8-0911-4e81-a963-e2cf54c97d44/data/buy-48198-disk-monitor-2026-06-15T130501Z
[2026-06-19T09:30:12Z] deleted kind=disk-monitor-dir kb=4 path=/paperclip/instances/default/workspaces/8ca957f8-0911-4e81-a963-e2cf54c97d44/data/buy-48198-disk-monitor-2026-06-15T010041Z
[2026-06-19T09:30:12Z] deleted kind=disk-monitor-dir kb=4 path=/paperclip/instances/default/workspaces/8ca957f8-0911-4e81-a963-e2cf54c97d44/data/buy-48198-disk-monitor-2026-06-15T211001Z
[2026-06-19T09:30:12Z] deleted kind=disk-monitor-dir kb=4 path=/paperclip/instances/default/workspaces/8ca957f8-0911-4e81-a963-e2cf54c97d44/data/buy-48198-disk-monitor-2026-06-14T191733Z
[2026-06-19T09:30:12Z] deleted kind=disk-monitor-dir kb=4 path=/paperclip/instances/default/workspaces/8ca957f8-0911-4e81-a963-e2cf54c97d44/data/buy-48198-disk-monitor-2026-06-16T003001Z
[2026-06-19T09:30:12Z] deleted kind=disk-monitor-dir kb=4 path=/paperclip/instances/default/workspaces/8ca957f8-0911-4e81-a963-e2cf54c97d44/data/buy-48198-disk-monitor-2026-06-15T044501Z
[2026-06-19T09:30:12Z] deleted kind=disk-monitor-dir kb=4 path=/paperclip/instances/default/workspaces/8ca957f8-0911-4e81-a963-e2cf54c97d44/data/buy-48198-disk-monitor-2026-06-15T014501Z
[2026-06-19T09:30:12Z] deleted kind=disk-monitor-dir kb=4 path=/paperclip/instances/default/workspaces/8ca957f8-0911-4e81-a963-e2cf54c97d44/data/buy-48198-disk-monitor-2026-06-15T024614Z
[2026-06-19T09:30:12Z] deleted kind=disk-monitor-dir kb=4 path=/paperclip/instances/default/workspaces/8ca957f8-0911-4e81-a963-e2cf54c97d44/data/buy-48198-disk-monitor-2026-06-15T231501Z
[2026-06-19T09:30:12Z] deleted kind=disk-monitor-dir kb=4 path=/paperclip/instances/default/workspaces/8ca957f8-0911-4e81-a963-e2cf54c97d44/data/buy-48198-disk-monitor-2026-06-15T215001Z
[2026-06-19T09:30:12Z] deleted kind=disk-monitor-dir kb=4 path=/paperclip/instances/default/workspaces/8ca957f8-0911-4e81-a963-e2cf54c97d44/data/buy-48198-disk-monitor-2026-06-14T182901Z
[2026-06-19T09:30:12Z] deleted kind=disk-monitor-dir kb=4 path=/paperclip/instances/default/workspaces/8ca957f8-0911-4e81-a963-e2cf54c97d44/data/buy-48198-disk-monitor-2026-06-15T131501Z
[2026-06-19T09:30:12Z] deleted kind=disk-monitor-dir kb=4 path=/paperclip/instances/default/workspaces/8ca957f8-0911-4e81-a963-e2cf54c97d44/data/buy-48198-disk-monitor-2026-06-14T220001Z
[2026-06-19T09:30:12Z] deleted kind=disk-monitor-dir kb=4 path=/paperclip/instances/default/workspaces/8ca957f8-0911-4e81-a963-e2cf54c97d44/data/buy-48198-disk-monitor-2026-06-14T215550Z
[2026-06-19T09:30:13Z] deleted kind=disk-monitor-dir kb=4 path=/paperclip/instances/default/workspaces/8ca957f8-0911-4e81-a963-e2cf54c97d44/data/buy-48198-disk-monitor-2026-06-15T223501Z
[2026-06-19T09:30:13Z] deleted kind=disk-monitor-dir kb=4 path=/paperclip/instances/default/workspaces/8ca957f8-0911-4e81-a963-e2cf54c97d44/data/buy-48198-disk-monitor-2026-06-16T092001Z
[2026-06-19T09:30:13Z] deleted kind=disk-monitor-dir kb=4 path=/paperclip/instances/default/workspaces/8ca957f8-0911-4e81-a963-e2cf54c97d44/data/buy-48198-disk-monitor-2026-06-14T152501Z
[2026-06-19T09:30:13Z] deleted kind=disk-monitor-dir kb=4 path=/paperclip/instances/default/workspaces/8ca957f8-0911-4e81-a963-e2cf54c97d44/data/buy-48198-disk-monitor-2026-06-15T055501Z
[2026-06-19T09:30:13Z] deleted kind=disk-monitor-dir kb=4 path=/paperclip/instances/default/workspaces/8ca957f8-0911-4e81-a963-e2cf54c97d44/data/buy-48198-disk-monitor-2026-06-16T070001Z
[2026-06-19T09:30:13Z] deleted kind=disk-monitor-dir kb=4 path=/paperclip/instances/default/workspaces/8ca957f8-0911-4e81-a963-e2cf54c97d44/data/buy-48198-disk-monitor-2026-06-15T163001Z
[2026-06-19T09:30:13Z] deleted kind=disk-monitor-dir kb=4 path=/paperclip/instances/default/workspaces/8ca957f8-0911-4e81-a963-e2cf54c97d44/data/buy-48198-disk-monitor-2026-06-14T193146Z
[2026-06-19T09:30:13Z] deleted kind=disk-monitor-dir kb=4 path=/paperclip/instances/default/workspaces/8ca957f8-0911-4e81-a963-e2cf54c97d44/data/buy-48198-disk-monitor-2026-06-15T041001Z
[2026-06-19T09:30:13Z] deleted kind=disk-monitor-dir kb=4 path=/paperclip/instances/default/workspaces/8ca957f8-0911-4e81-a963-e2cf54c97d44/data/buy-48198-disk-monitor-2026-06-14T182913Z
[2026-06-19T09:30:13Z] deleted kind=disk-monitor-dir kb=4 path=/paperclip/instances/default/workspaces/8ca957f8-0911-4e81-a963-e2cf54c97d44/data/buy-48198-disk-monitor-2026-06-15T031233Z
[2026-06-19T09:30:13Z] deleted kind=disk-monitor-dir kb=4 path=/paperclip/instances/default/workspaces/8ca957f8-0911-4e81-a963-e2cf54c97d44/data/buy-48198-disk-monitor-2026-06-15T045001Z
[2026-06-19T09:30:13Z] deleted kind=disk-monitor-dir kb=4 path=/paperclip/instances/default/workspaces/8ca957f8-0911-4e81-a963-e2cf54c97d44/data/buy-48198-disk-monitor-2026-06-15T231001Z
[2026-06-19T09:30:13Z] deleted kind=disk-monitor-dir kb=4 path=/paperclip/instances/default/workspaces/8ca957f8-0911-4e81-a963-e2cf54c97d44/data/buy-48198-disk-monitor-2026-06-14T220302Z
[2026-06-19T09:30:13Z] deleted kind=disk-monitor-dir kb=4 path=/paperclip/instances/default/workspaces/8ca957f8-0911-4e81-a963-e2cf54c97d44/data/buy-48198-disk-monitor-2026-06-15T020501Z
[2026-06-19T09:30:13Z] deleted kind=disk-monitor-dir kb=4 path=/paperclip/instances/default/workspaces/8ca957f8-0911-4e81-a963-e2cf54c97d44/data/buy-48198-disk-monitor-2026-06-14T181839Z
[2026-06-19T09:30:13Z] deleted kind=disk-monitor-dir kb=4 path=/paperclip/instances/default/workspaces/8ca957f8-0911-4e81-a963-e2cf54c97d44/data/buy-48198-disk-monitor-2026-06-15T134501Z
[2026-06-19T09:30:13Z] deleted kind=disk-monitor-dir kb=4 path=/paperclip/instances/default/workspaces/8ca957f8-0911-4e81-a963-e2cf54c97d44/data/buy-48198-disk-monitor-2026-06-14T213118Z
[2026-06-19T09:30:13Z] deleted kind=disk-monitor-dir kb=4 path=/paperclip/instances/default/workspaces/8ca957f8-0911-4e81-a963-e2cf54c97d44/data/buy-48198-disk-monitor-2026-06-15T051002Z
[2026-06-19T09:30:13Z] deleted kind=disk-monitor-dir kb=4 path=/paperclip/instances/default/workspaces/8ca957f8-0911-4e81-a963-e2cf54c97d44/data/buy-48198-disk-monitor-2026-06-14T233302Z
[2026-06-19T09:30:13Z] deleted kind=disk-monitor-dir kb=4 path=/paperclip/instances/default/workspaces/8ca957f8-0911-4e81-a963-e2cf54c97d44/data/buy-48198-disk-monitor-2026-06-14T191501Z
[2026-06-19T09:30:13Z] deleted kind=disk-monitor-dir kb=4 path=/paperclip/instances/default/workspaces/8ca957f8-0911-4e81-a963-e2cf54c97d44/data/buy-48198-disk-monitor-2026-06-15T100413Z
[2026-06-19T09:30:13Z] deleted kind=disk-monitor-dir kb=4 path=/paperclip/instances/default/workspaces/8ca957f8-0911-4e81-a963-e2cf54c97d44/data/buy-48198-disk-monitor-2026-06-14T191633Z
[2026-06-19T09:30:13Z] deleted kind=disk-monitor-dir kb=4 path=/paperclip/instances/default/workspaces/8ca957f8-0911-4e81-a963-e2cf54c97d44/data/buy-48198-disk-monitor-2026-06-15T134025Z
[2026-06-19T09:30:13Z] deleted kind=disk-monitor-dir kb=4 path=/paperclip/instances/default/workspaces/8ca957f8-0911-4e81-a963-e2cf54c97d44/data/buy-48198-disk-monitor-2026-06-14T193218Z
[2026-06-19T09:30:13Z] deleted kind=disk-monitor-dir kb=4 path=/paperclip/instances/default/workspaces/8ca957f8-0911-4e81-a963-e2cf54c97d44/data/buy-48198-disk-monitor-2026-06-14T192110Z
[2026-06-19T09:30:13Z] deleted kind=disk-monitor-dir kb=4 path=/paperclip/instances/default/workspaces/8ca957f8-0911-4e81-a963-e2cf54c97d44/data/buy-48198-disk-monitor-2026-06-16T081001Z
[2026-06-19T09:30:13Z] deleted kind=disk-monitor-dir kb=4 path=/paperclip/instances/default/workspaces/8ca957f8-0911-4e81-a963-e2cf54c97d44/data/buy-48198-disk-monitor-2026-06-16T051501Z
[2026-06-19T09:30:13Z] deleted kind=disk-monitor-dir kb=4 path=/paperclip/instances/default/workspaces/8ca957f8-0911-4e81-a963-e2cf54c97d44/data/buy-48198-disk-monitor-2026-06-15T005843Z
[2026-06-19T09:30:13Z] deleted kind=disk-monitor-dir kb=4 path=/paperclip/instances/default/workspaces/8ca957f8-0911-4e81-a963-e2cf54c97d44/data/buy-48198-disk-monitor-2026-06-16T071501Z
[2026-06-19T09:30:13Z] deleted kind=disk-monitor-dir kb=4 path=/paperclip/instances/default/workspaces/8ca957f8-0911-4e81-a963-e2cf54c97d44/data/buy-48198-disk-monitor-2026-06-14T192056Z
[2026-06-19T09:30:13Z] deleted kind=disk-monitor-dir kb=4 path=/paperclip/instances/default/workspaces/8ca957f8-0911-4e81-a963-e2cf54c97d44/data/buy-48198-disk-monitor-2026-06-15T191501Z
[2026-06-19T09:30:13Z] deleted kind=disk-monitor-dir kb=4 path=/paperclip/instances/default/workspaces/8ca957f8-0911-4e81-a963-e2cf54c97d44/data/buy-48198-disk-monitor-2026-06-15T085637Z
[2026-06-19T09:30:13Z] deleted kind=disk-monitor-dir kb=4 path=/paperclip/instances/default/workspaces/8ca957f8-0911-4e81-a963-e2cf54c97d44/data/buy-48198-disk-monitor-2026-06-16T035501Z
[2026-06-19T09:30:13Z] deleted kind=disk-monitor-dir kb=4 path=/paperclip/instances/default/workspaces/8ca957f8-0911-4e81-a963-e2cf54c97d44/data/buy-48198-disk-monitor-2026-06-15T161501Z
[2026-06-19T09:30:13Z] deleted kind=disk-monitor-dir kb=4 path=/paperclip/instances/default/workspaces/8ca957f8-0911-4e81-a963-e2cf54c97d44/data/buy-48198-disk-monitor-2026-06-14T152310Z
[2026-06-19T09:30:13Z] deleted kind=disk-monitor-dir kb=4 path=/paperclip/instances/default/workspaces/8ca957f8-0911-4e81-a963-e2cf54c97d44/data/buy-48198-disk-monitor-2026-06-15T181501Z
[2026-06-19T09:30:13Z] deleted kind=disk-monitor-dir kb=4 path=/paperclip/instances/default/workspaces/8ca957f8-0911-4e81-a963-e2cf54c97d44/data/buy-48198-disk-monitor-2026-06-15T090619Z
[2026-06-19T09:30:13Z] deleted kind=disk-monitor-dir kb=4 path=/paperclip/instances/default/workspaces/8ca957f8-0911-4e81-a963-e2cf54c97d44/data/buy-48198-disk-monitor-2026-06-14T191713Z
[2026-06-19T09:30:13Z] deleted kind=disk-monitor-dir kb=4 path=/paperclip/instances/default/workspaces/8ca957f8-0911-4e81-a963-e2cf54c97d44/data/buy-48198-disk-monitor-2026-06-16T031001Z
[2026-06-19T09:30:13Z] deleted kind=disk-monitor-dir kb=4 path=/paperclip/instances/default/workspaces/8ca957f8-0911-4e81-a963-e2cf54c97d44/data/buy-48198-disk-monitor-2026-06-15T174002Z
[2026-06-19T09:30:13Z] deleted kind=disk-monitor-dir kb=4 path=/paperclip/instances/default/workspaces/8ca957f8-0911-4e81-a963-e2cf54c97d44/data/buy-48198-disk-monitor-2026-06-15T050501Z
[2026-06-19T09:30:13Z] deleted kind=disk-monitor-dir kb=4 path=/paperclip/instances/default/workspaces/8ca957f8-0911-4e81-a963-e2cf54c97d44/data/buy-48198-disk-monitor-2026-06-14T200001Z
[2026-06-19T09:30:13Z] deleted kind=disk-monitor-dir kb=4 path=/paperclip/instances/default/workspaces/8ca957f8-0911-4e81-a963-e2cf54c97d44/data/buy-48198-disk-monitor-2026-06-14T155155Z
[2026-06-19T09:30:13Z] deleted kind=disk-monitor-dir kb=4 path=/paperclip/instances/default/workspaces/8ca957f8-0911-4e81-a963-e2cf54c97d44/data/buy-48198-disk-monitor-2026-06-16T011501Z
[2026-06-19T09:30:13Z] deleted kind=disk-monitor-dir kb=4 path=/paperclip/instances/default/workspaces/8ca957f8-0911-4e81-a963-e2cf54c97d44/data/buy-48198-disk-monitor-2026-06-15T020001Z
[2026-06-19T09:30:13Z] deleted kind=disk-monitor-dir kb=4 path=/paperclip/instances/default/workspaces/8ca957f8-0911-4e81-a963-e2cf54c97d44/data/buy-48198-disk-monitor-2026-06-15T131629Z
[2026-06-19T09:30:13Z] deleted kind=disk-monitor-dir kb=4 path=/paperclip/instances/default/workspaces/8ca957f8-0911-4e81-a963-e2cf54c97d44/data/buy-48198-disk-monitor-2026-06-15T212501Z
[2026-06-19T09:30:13Z] deleted kind=disk-monitor-dir kb=4 path=/paperclip/instances/default/workspaces/8ca957f8-0911-4e81-a963-e2cf54c97d44/data/buy-48198-disk-monitor-2026-06-15T011505Z
[2026-06-19T09:30:13Z] deleted kind=disk-monitor-dir kb=4 path=/paperclip/instances/default/workspaces/8ca957f8-0911-4e81-a963-e2cf54c97d44/data/buy-48198-disk-monitor-2026-06-15T234501Z
[2026-06-19T09:30:13Z] deleted kind=disk-monitor-dir kb=4 path=/paperclip/instances/default/workspaces/8ca957f8-0911-4e81-a963-e2cf54c97d44/data/buy-48198-disk-monitor-2026-06-15T154501Z
[2026-06-19T09:30:13Z] deleted kind=disk-monitor-dir kb=4 path=/paperclip/instances/default/workspaces/8ca957f8-0911-4e81-a963-e2cf54c97d44/data/buy-48198-disk-monitor-2026-06-15T134001Z
[2026-06-19T09:30:13Z] deleted kind=disk-monitor-dir kb=4 path=/paperclip/instances/default/workspaces/8ca957f8-0911-4e81-a963-e2cf54c97d44/data/buy-48198-disk-monitor-2026-06-16T050001Z
[2026-06-19T09:30:13Z] deleted kind=disk-monitor-dir kb=4 path=/paperclip/instances/default/workspaces/8ca957f8-0911-4e81-a963-e2cf54c97d44/data/buy-48198-disk-monitor-2026-06-14T173118Z
[2026-06-19T09:30:13Z] deleted kind=disk-monitor-dir kb=4 path=/paperclip/instances/default/workspaces/8ca957f8-0911-4e81-a963-e2cf54c97d44/data/buy-48198-disk-monitor-2026-06-16T002501Z
[2026-06-19T09:30:13Z] deleted kind=disk-monitor-dir kb=4 path=/paperclip/instances/default/workspaces/8ca957f8-0911-4e81-a963-e2cf54c97d44/data/buy-48198-disk-monitor-2026-06-15T182501Z
[2026-06-19T09:30:13Z] deleted kind=disk-monitor-dir kb=4 path=/paperclip/instances/default/workspaces/8ca957f8-0911-4e81-a963-e2cf54c97d44/data/buy-48198-disk-monitor-2026-06-15T195501Z
[2026-06-19T09:30:13Z] deleted kind=disk-monitor-dir kb=4 path=/paperclip/instances/default/workspaces/8ca957f8-0911-4e81-a963-e2cf54c97d44/data/buy-48198-disk-monitor-2026-06-16T001501Z
[2026-06-19T09:30:13Z] deleted kind=disk-monitor-dir kb=4 path=/paperclip/instances/default/workspaces/8ca957f8-0911-4e81-a963-e2cf54c97d44/data/buy-48198-disk-monitor-2026-06-14T230438Z
[2026-06-19T09:30:13Z] deleted kind=disk-monitor-dir kb=4 path=/paperclip/instances/default/workspaces/8ca957f8-0911-4e81-a963-e2cf54c97d44/data/buy-48198-disk-monitor-2026-06-14T192014Z
[2026-06-19T09:30:13Z] deleted kind=disk-monitor-dir kb=4 path=/paperclip/instances/default/workspaces/8ca957f8-0911-4e81-a963-e2cf54c97d44/data/buy-48198-disk-monitor-2026-06-14T215501Z
[2026-06-19T09:30:13Z] deleted kind=disk-monitor-dir kb=4 path=/paperclip/instances/default/workspaces/8ca957f8-0911-4e81-a963-e2cf54c97d44/data/buy-48198-disk-monitor-2026-06-14T153501Z
[2026-06-19T09:30:13Z] deleted kind=disk-monitor-dir kb=4 path=/paperclip/instances/default/workspaces/8ca957f8-0911-4e81-a963-e2cf54c97d44/data/buy-48198-disk-monitor-2026-06-15T190501Z
[2026-06-19T09:30:13Z] deleted kind=disk-monitor-dir kb=4 path=/paperclip/instances/default/workspaces/8ca957f8-0911-4e81-a963-e2cf54c97d44/data/buy-48198-disk-monitor-2026-06-15T144501Z
[2026-06-19T09:30:13Z] deleted kind=disk-monitor-dir kb=4 path=/paperclip/instances/default/workspaces/8ca957f8-0911-4e81-a963-e2cf54c97d44/data/buy-48198-disk-monitor-2026-06-15T143501Z
[2026-06-19T09:30:13Z] deleted kind=disk-monitor-dir kb=4 path=/paperclip/instances/default/workspaces/8ca957f8-0911-4e81-a963-e2cf54c97d44/data/buy-48198-disk-monitor-2026-06-16T034501Z
[2026-06-19T09:30:13Z] deleted kind=disk-monitor-dir kb=4 path=/paperclip/instances/default/workspaces/8ca957f8-0911-4e81-a963-e2cf54c97d44/data/buy-48198-disk-monitor-2026-06-14T222605Z
[2026-06-19T09:30:13Z] deleted kind=disk-monitor-dir kb=4 path=/paperclip/instances/default/workspaces/8ca957f8-0911-4e81-a963-e2cf54c97d44/data/buy-48198-disk-monitor-2026-06-16T053501Z
[2026-06-19T09:30:13Z] deleted kind=disk-monitor-dir kb=4 path=/paperclip/instances/default/workspaces/8ca957f8-0911-4e81-a963-e2cf54c97d44/data/buy-48198-disk-monitor-2026-06-14T165504Z
[2026-06-19T09:30:13Z] deleted kind=disk-monitor-dir kb=4 path=/paperclip/instances/default/workspaces/8ca957f8-0911-4e81-a963-e2cf54c97d44/data/buy-48198-disk-monitor-2026-06-14T193255Z
[2026-06-19T09:30:13Z] deleted kind=disk-monitor-dir kb=4 path=/paperclip/instances/default/workspaces/8ca957f8-0911-4e81-a963-e2cf54c97d44/data/buy-48198-disk-monitor-2026-06-14T185001Z
[2026-06-19T09:30:13Z] deleted kind=disk-monitor-dir kb=4 path=/paperclip/instances/default/workspaces/8ca957f8-0911-4e81-a963-e2cf54c97d44/data/buy-48198-disk-monitor-2026-06-15T054501Z
[2026-06-19T09:30:13Z] deleted kind=disk-monitor-dir kb=4 path=/paperclip/instances/default/workspaces/8ca957f8-0911-4e81-a963-e2cf54c97d44/data/buy-48198-disk-monitor-2026-06-15T022001Z
[2026-06-19T09:30:13Z] deleted kind=disk-monitor-dir kb=4 path=/paperclip/instances/default/workspaces/8ca957f8-0911-4e81-a963-e2cf54c97d44/data/buy-48198-disk-monitor-2026-06-15T172001Z
[2026-06-19T09:30:13Z] deleted kind=disk-monitor-dir kb=4 path=/paperclip/instances/default/workspaces/8ca957f8-0911-4e81-a963-e2cf54c97d44/data/buy-48198-disk-monitor-2026-06-16T040001Z
[2026-06-19T09:30:13Z] deleted kind=disk-monitor-dir kb=4 path=/paperclip/instances/default/workspaces/8ca957f8-0911-4e81-a963-e2cf54c97d44/data/buy-48198-disk-monitor-2026-06-15T220001Z
[2026-06-19T09:30:13Z] deleted kind=disk-monitor-dir kb=4 path=/paperclip/instances/default/workspaces/8ca957f8-0911-4e81-a963-e2cf54c97d44/data/buy-48198-disk-monitor-2026-06-15T052241Z
[2026-06-19T09:30:13Z] deleted kind=disk-monitor-dir kb=4 path=/paperclip/instances/default/workspaces/8ca957f8-0911-4e81-a963-e2cf54c97d44/data/buy-48198-disk-monitor-2026-06-14T182859Z
[2026-06-19T09:30:13Z] deleted kind=disk-monitor-dir kb=4 path=/paperclip/instances/default/workspaces/8ca957f8-0911-4e81-a963-e2cf54c97d44/data/buy-48198-disk-monitor-2026-06-15T202001Z
[2026-06-19T09:30:13Z] deleted kind=disk-monitor-dir kb=4 path=/paperclip/instances/default/workspaces/8ca957f8-0911-4e81-a963-e2cf54c97d44/data/buy-48198-disk-monitor-2026-06-15T230001Z
[2026-06-19T09:30:13Z] deleted kind=disk-monitor-dir kb=4 path=/paperclip/instances/default/workspaces/8ca957f8-0911-4e81-a963-e2cf54c97d44/data/buy-48198-disk-monitor-2026-06-14T191646Z
[2026-06-19T09:30:13Z] deleted kind=disk-monitor-dir kb=4 path=/paperclip/instances/default/workspaces/8ca957f8-0911-4e81-a963-e2cf54c97d44/data/buy-48198-disk-monitor-2026-06-15T203501Z
[2026-06-19T09:30:13Z] deleted kind=disk-monitor-dir kb=4 path=/paperclip/instances/default/workspaces/8ca957f8-0911-4e81-a963-e2cf54c97d44/data/buy-48198-disk-monitor-2026-06-16T024501Z
[2026-06-19T09:30:13Z] deleted kind=disk-monitor-dir kb=4 path=/paperclip/instances/default/workspaces/8ca957f8-0911-4e81-a963-e2cf54c97d44/data/buy-48198-disk-monitor-2026-06-16T015001Z
[2026-06-19T09:30:13Z] deleted kind=disk-monitor-dir kb=4 path=/paperclip/instances/default/workspaces/8ca957f8-0911-4e81-a963-e2cf54c97d44/data/buy-48198-disk-monitor-2026-06-16T020001Z
[2026-06-19T09:30:13Z] deleted kind=disk-monitor-dir kb=4 path=/paperclip/instances/default/workspaces/8ca957f8-0911-4e81-a963-e2cf54c97d44/data/buy-48198-disk-monitor-2026-06-14T193332Z
[2026-06-19T09:30:13Z] deleted kind=disk-monitor-dir kb=4 path=/paperclip/instances/default/workspaces/8ca957f8-0911-4e81-a963-e2cf54c97d44/data/buy-48198-disk-monitor-2026-06-16T091001Z
[2026-06-19T09:30:13Z] deleted kind=disk-monitor-dir kb=4 path=/paperclip/instances/default/workspaces/8ca957f8-0911-4e81-a963-e2cf54c97d44/data/buy-48198-disk-monitor-2026-06-15T025001Z
[2026-06-19T09:30:13Z] deleted kind=disk-monitor-dir kb=4 path=/paperclip/instances/default/workspaces/8ca957f8-0911-4e81-a963-e2cf54c97d44/data/buy-48198-disk-monitor-2026-06-14T200501Z
[2026-06-19T09:30:13Z] deleted kind=disk-monitor-dir kb=4 path=/paperclip/instances/default/workspaces/8ca957f8-0911-4e81-a963-e2cf54c97d44/data/buy-48198-disk-monitor-2026-06-14T222318Z
[2026-06-19T09:30:13Z] deleted kind=disk-monitor-dir kb=4 path=/paperclip/instances/default/workspaces/8ca957f8-0911-4e81-a963-e2cf54c97d44/data/buy-48198-disk-monitor-2026-06-15T201501Z
[2026-06-19T09:30:13Z] deleted kind=disk-monitor-dir kb=4 path=/paperclip/instances/default/workspaces/8ca957f8-0911-4e81-a963-e2cf54c97d44/data/buy-48198-disk-monitor-2026-06-16T000501Z
[2026-06-19T09:30:13Z] deleted kind=disk-monitor-dir kb=4 path=/paperclip/instances/default/workspaces/8ca957f8-0911-4e81-a963-e2cf54c97d44/data/buy-48198-disk-monitor-2026-06-15T063501Z
[2026-06-19T09:30:13Z] deleted kind=disk-monitor-dir kb=4 path=/paperclip/instances/default/workspaces/8ca957f8-0911-4e81-a963-e2cf54c97d44/data/buy-48198-disk-monitor-2026-06-15T015501Z
[2026-06-19T09:30:13Z] deleted kind=disk-monitor-dir kb=4 path=/paperclip/instances/default/workspaces/8ca957f8-0911-4e81-a963-e2cf54c97d44/data/buy-48198-disk-monitor-2026-06-14T190001Z
[2026-06-19T09:30:13Z] deleted kind=disk-monitor-dir kb=4 path=/paperclip/instances/default/workspaces/8ca957f8-0911-4e81-a963-e2cf54c97d44/data/buy-48198-disk-monitor-2026-06-15T232001Z
[2026-06-19T09:30:13Z] deleted kind=disk-monitor-dir kb=4 path=/paperclip/instances/default/workspaces/8ca957f8-0911-4e81-a963-e2cf54c97d44/data/buy-48198-disk-monitor-2026-06-16T081501Z
[2026-06-19T09:30:13Z] deleted kind=disk-monitor-dir kb=4 path=/paperclip/instances/default/workspaces/8ca957f8-0911-4e81-a963-e2cf54c97d44/data/buy-48198-disk-monitor-2026-06-15T161001Z
[2026-06-19T09:30:13Z] deleted kind=disk-monitor-dir kb=4 path=/paperclip/instances/default/workspaces/8ca957f8-0911-4e81-a963-e2cf54c97d44/data/buy-48198-disk-monitor-2026-06-16T051001Z
[2026-06-19T09:30:13Z] deleted kind=disk-monitor-dir kb=4 path=/paperclip/instances/default/workspaces/8ca957f8-0911-4e81-a963-e2cf54c97d44/data/buy-48198-disk-monitor-2026-06-14T174227Z
[2026-06-19T09:30:14Z] deleted kind=disk-monitor-dir kb=4 path=/paperclip/instances/default/workspaces/8ca957f8-0911-4e81-a963-e2cf54c97d44/data/buy-48198-disk-monitor-2026-06-14T154228Z
[2026-06-19T09:30:14Z] deleted kind=disk-monitor-dir kb=4 path=/paperclip/instances/default/workspaces/8ca957f8-0911-4e81-a963-e2cf54c97d44/data/buy-48198-disk-monitor-2026-06-14T182034Z
[2026-06-19T09:30:14Z] deleted kind=disk-monitor-dir kb=4 path=/paperclip/instances/default/workspaces/8ca957f8-0911-4e81-a963-e2cf54c97d44/data/buy-48198-disk-monitor-2026-06-16T064501Z
[2026-06-19T09:30:14Z] deleted kind=disk-monitor-dir kb=4 path=/paperclip/instances/default/workspaces/8ca957f8-0911-4e81-a963-e2cf54c97d44/data/buy-48198-disk-monitor-2026-06-15T102001Z
[2026-06-19T09:30:14Z] deleted kind=disk-monitor-dir kb=4 path=/paperclip/instances/default/workspaces/8ca957f8-0911-4e81-a963-e2cf54c97d44/data/buy-48198-disk-monitor-2026-06-15T202501Z
[2026-06-19T09:30:14Z] deleted kind=disk-monitor-dir kb=4 path=/paperclip/instances/default/workspaces/8ca957f8-0911-4e81-a963-e2cf54c97d44/data/buy-48198-disk-monitor-2026-06-15T192501Z
[2026-06-19T09:30:14Z] deleted kind=disk-monitor-dir kb=4 path=/paperclip/instances/default/workspaces/8ca957f8-0911-4e81-a963-e2cf54c97d44/data/buy-48198-disk-monitor-2026-06-15T034001Z
[2026-06-19T09:30:14Z] deleted kind=disk-monitor-dir kb=4 path=/paperclip/instances/default/workspaces/8ca957f8-0911-4e81-a963-e2cf54c97d44/data/buy-48198-disk-monitor-2026-06-14T181115Z
[2026-06-19T09:30:14Z] deleted kind=disk-monitor-dir kb=4 path=/paperclip/instances/default/workspaces/8ca957f8-0911-4e81-a963-e2cf54c97d44/data/buy-48198-disk-monitor-2026-06-14T191658Z
[2026-06-19T09:30:14Z] deleted kind=disk-monitor-dir kb=4 path=/paperclip/instances/default/workspaces/8ca957f8-0911-4e81-a963-e2cf54c97d44/data/buy-48198-disk-monitor-2026-06-15T163501Z
[2026-06-19T09:30:14Z] deleted kind=disk-monitor-dir kb=4 path=/paperclip/instances/default/workspaces/8ca957f8-0911-4e81-a963-e2cf54c97d44/data/buy-48198-disk-monitor-2026-06-15T100142Z
[2026-06-19T09:30:14Z] deleted kind=disk-monitor-dir kb=4 path=/paperclip/instances/default/workspaces/8ca957f8-0911-4e81-a963-e2cf54c97d44/data/buy-48198-disk-monitor-2026-06-15T162001Z
[2026-06-19T09:30:14Z] deleted kind=disk-monitor-dir kb=4 path=/paperclip/instances/default/workspaces/8ca957f8-0911-4e81-a963-e2cf54c97d44/data/buy-48198-disk-monitor-2026-06-16T060501Z
[2026-06-19T09:30:14Z] deleted kind=disk-monitor-dir kb=4 path=/paperclip/instances/default/workspaces/8ca957f8-0911-4e81-a963-e2cf54c97d44/data/buy-48198-disk-monitor-2026-06-15T050136Z
[2026-06-19T09:30:14Z] deleted kind=disk-monitor-dir kb=4 path=/paperclip/instances/default/workspaces/8ca957f8-0911-4e81-a963-e2cf54c97d44/data/buy-48198-disk-monitor-2026-06-14T193501Z
[2026-06-19T09:30:14Z] deleted kind=disk-monitor-dir kb=4 path=/paperclip/instances/default/workspaces/8ca957f8-0911-4e81-a963-e2cf54c97d44/data/buy-48198-disk-monitor-2026-06-15T135501Z
[2026-06-19T09:30:14Z] deleted kind=disk-monitor-dir kb=4 path=/paperclip/instances/default/workspaces/8ca957f8-0911-4e81-a963-e2cf54c97d44/data/buy-48198-disk-monitor-2026-06-16T072501Z
[2026-06-19T09:30:14Z] deleted kind=disk-monitor-dir kb=4 path=/paperclip/instances/default/workspaces/8ca957f8-0911-4e81-a963-e2cf54c97d44/data/buy-48198-disk-monitor-2026-06-14T193409Z
[2026-06-19T09:30:14Z] deleted kind=disk-monitor-dir kb=4 path=/paperclip/instances/default/workspaces/8ca957f8-0911-4e81-a963-e2cf54c97d44/data/buy-48198-disk-monitor-2026-06-15T052129Z
[2026-06-19T09:30:14Z] deleted kind=disk-monitor-dir kb=4 path=/paperclip/instances/default/workspaces/8ca957f8-0911-4e81-a963-e2cf54c97d44/data/buy-48198-disk-monitor-2026-06-14T204730Z
[2026-06-19T09:30:14Z] deleted kind=disk-monitor-dir kb=4 path=/paperclip/instances/default/workspaces/8ca957f8-0911-4e81-a963-e2cf54c97d44/data/buy-48198-disk-monitor-2026-06-16T083501Z
[2026-06-19T09:30:14Z] deleted kind=disk-monitor-dir kb=4 path=/paperclip/instances/default/workspaces/8ca957f8-0911-4e81-a963-e2cf54c97d44/data/buy-48198-disk-monitor-2026-06-15T022501Z
[2026-06-19T09:30:14Z] deleted kind=disk-monitor-dir kb=4 path=/paperclip/instances/default/workspaces/8ca957f8-0911-4e81-a963-e2cf54c97d44/data/buy-48198-disk-monitor-2026-06-14T175037Z
[2026-06-19T09:30:14Z] deleted kind=disk-monitor-dir kb=4 path=/paperclip/instances/default/workspaces/8ca957f8-0911-4e81-a963-e2cf54c97d44/data/buy-48198-disk-monitor-2026-06-15T052501Z
[2026-06-19T09:30:14Z] deleted kind=disk-monitor-dir kb=4 path=/paperclip/instances/default/workspaces/8ca957f8-0911-4e81-a963-e2cf54c97d44/data/buy-48198-disk-monitor-2026-06-14T174530Z
[2026-06-19T09:30:14Z] deleted kind=disk-monitor-dir kb=4 path=/paperclip/instances/default/workspaces/8ca957f8-0911-4e81-a963-e2cf54c97d44/data/buy-48198-disk-monitor-2026-06-15T175501Z
[2026-06-19T09:30:14Z] deleted kind=disk-monitor-dir kb=4 path=/paperclip/instances/default/workspaces/8ca957f8-0911-4e81-a963-e2cf54c97d44/data/buy-48198-disk-monitor-2026-06-14T191855Z
[2026-06-19T09:30:14Z] deleted kind=disk-monitor-dir kb=4 path=/paperclip/instances/default/workspaces/8ca957f8-0911-4e81-a963-e2cf54c97d44/data/buy-48198-disk-monitor-2026-06-14T222933Z
[2026-06-19T09:30:14Z] deleted kind=disk-monitor-dir kb=4 path=/paperclip/instances/default/workspaces/8ca957f8-0911-4e81-a963-e2cf54c97d44/data/buy-48198-disk-monitor-2026-06-15T210501Z
[2026-06-19T09:30:14Z] deleted kind=disk-monitor-dir kb=4 path=/paperclip/instances/default/workspaces/8ca957f8-0911-4e81-a963-e2cf54c97d44/data/buy-48198-disk-monitor-2026-06-15T160001Z
[2026-06-19T09:30:14Z] deleted kind=disk-monitor-dir kb=4 path=/paperclip/instances/default/workspaces/8ca957f8-0911-4e81-a963-e2cf54c97d44/data/buy-48198-disk-monitor-2026-06-15T144001Z
[2026-06-19T09:30:14Z] deleted kind=disk-monitor-dir kb=4 path=/paperclip/instances/default/workspaces/8ca957f8-0911-4e81-a963-e2cf54c97d44/data/buy-48198-disk-monitor-2026-06-16T035001Z
[2026-06-19T09:30:14Z] deleted kind=disk-monitor-dir kb=4 path=/paperclip/instances/default/workspaces/8ca957f8-0911-4e81-a963-e2cf54c97d44/data/buy-48198-disk-monitor-2026-06-15T235001Z
[2026-06-19T09:30:14Z] deleted kind=disk-monitor-dir kb=4 path=/paperclip/instances/default/workspaces/8ca957f8-0911-4e81-a963-e2cf54c97d44/data/buy-48198-disk-monitor-2026-06-15T234001Z
[2026-06-19T09:30:14Z] deleted kind=disk-monitor-dir kb=4 path=/paperclip/instances/default/workspaces/8ca957f8-0911-4e81-a963-e2cf54c97d44/data/buy-48198-disk-monitor-2026-06-16T063501Z
[2026-06-19T09:30:14Z] deleted kind=disk-monitor-dir kb=4 path=/paperclip/instances/default/workspaces/8ca957f8-0911-4e81-a963-e2cf54c97d44/data/buy-48198-disk-monitor-2026-06-15T080819Z
[2026-06-19T09:30:14Z] deleted kind=disk-monitor-dir kb=4 path=/paperclip/instances/default/workspaces/8ca957f8-0911-4e81-a963-e2cf54c97d44/data/buy-48198-disk-monitor-2026-06-15T014215Z
[2026-06-19T09:30:14Z] deleted kind=disk-monitor-dir kb=4 path=/paperclip/instances/default/workspaces/8ca957f8-0911-4e81-a963-e2cf54c97d44/data/buy-48198-disk-monitor-2026-06-15T125501Z
[2026-06-19T09:30:14Z] deleted kind=disk-monitor-dir kb=4 path=/paperclip/instances/default/workspaces/8ca957f8-0911-4e81-a963-e2cf54c97d44/data/buy-48198-disk-monitor-2026-06-14T151423Z
[2026-06-19T09:30:14Z] deleted kind=disk-monitor-dir kb=4 path=/paperclip/instances/default/workspaces/8ca957f8-0911-4e81-a963-e2cf54c97d44/data/buy-48198-disk-monitor-2026-06-15T214501Z
[2026-06-19T09:30:14Z] deleted kind=disk-monitor-dir kb=4 path=/paperclip/instances/default/workspaces/8ca957f8-0911-4e81-a963-e2cf54c97d44/data/buy-48198-disk-monitor-2026-06-15T043001Z
[2026-06-19T09:30:14Z] deleted kind=disk-monitor-dir kb=4 path=/paperclip/instances/default/workspaces/8ca957f8-0911-4e81-a963-e2cf54c97d44/data/buy-48198-disk-monitor-2026-06-16T084001Z
[2026-06-19T09:30:14Z] deleted kind=disk-monitor-dir kb=4 path=/paperclip/instances/default/workspaces/8ca957f8-0911-4e81-a963-e2cf54c97d44/data/buy-48198-disk-monitor-2026-06-15T201001Z
[2026-06-19T09:30:14Z] deleted kind=disk-monitor-dir kb=4 path=/paperclip/instances/default/workspaces/8ca957f8-0911-4e81-a963-e2cf54c97d44/data/buy-48198-disk-monitor-2026-06-15T155501Z
[2026-06-19T09:30:14Z] deleted kind=disk-monitor-dir kb=4 path=/paperclip/instances/default/workspaces/8ca957f8-0911-4e81-a963-e2cf54c97d44/data/buy-48198-disk-monitor-2026-06-14T154115Z
[2026-06-19T09:30:14Z] deleted kind=disk-monitor-dir kb=4 path=/paperclip/instances/default/workspaces/8ca957f8-0911-4e81-a963-e2cf54c97d44/data/buy-48198-disk-monitor-2026-06-14T190501Z
[2026-06-19T09:30:14Z] deleted kind=disk-monitor-dir kb=4 path=/paperclip/instances/default/workspaces/8ca957f8-0911-4e81-a963-e2cf54c97d44/data/buy-48198-disk-monitor-2026-06-15T165501Z
[2026-06-19T09:30:14Z] deleted kind=disk-monitor-dir kb=4 path=/paperclip/instances/default/workspaces/8ca957f8-0911-4e81-a963-e2cf54c97d44/data/buy-48198-disk-monitor-2026-06-15T150501Z
[2026-06-19T09:30:14Z] deleted kind=disk-monitor-dir kb=4 path=/paperclip/instances/default/workspaces/8ca957f8-0911-4e81-a963-e2cf54c97d44/data/buy-48198-disk-monitor-2026-06-15T023001Z
[2026-06-19T09:30:14Z] deleted kind=disk-monitor-dir kb=4 path=/paperclip/instances/default/workspaces/8ca957f8-0911-4e81-a963-e2cf54c97d44/data/buy-48198-disk-monitor-2026-06-14T191911Z
[2026-06-19T09:30:14Z] deleted kind=disk-monitor-dir kb=4 path=/paperclip/instances/default/workspaces/8ca957f8-0911-4e81-a963-e2cf54c97d44/data/buy-48198-disk-monitor-2026-06-15T043501Z
[2026-06-19T09:30:14Z] deleted kind=disk-monitor-dir kb=4 path=/paperclip/instances/default/workspaces/8ca957f8-0911-4e81-a963-e2cf54c97d44/data/buy-48198-disk-monitor-2026-06-16T045001Z
[2026-06-19T09:30:14Z] deleted kind=disk-monitor-dir kb=4 path=/paperclip/instances/default/workspaces/8ca957f8-0911-4e81-a963-e2cf54c97d44/data/buy-48198-disk-monitor-2026-06-15T100501Z
[2026-06-19T09:30:14Z] deleted kind=disk-monitor-dir kb=4 path=/paperclip/instances/default/workspaces/8ca957f8-0911-4e81-a963-e2cf54c97d44/data/buy-48198-disk-monitor-2026-06-14T235001Z
[2026-06-19T09:30:14Z] deleted kind=disk-monitor-dir kb=4 path=/paperclip/instances/default/workspaces/8ca957f8-0911-4e81-a963-e2cf54c97d44/data/buy-48198-disk-monitor-2026-06-14T204200Z
[2026-06-19T09:30:14Z] deleted kind=disk-monitor-dir kb=4 path=/paperclip/instances/default/workspaces/8ca957f8-0911-4e81-a963-e2cf54c97d44/data/buy-48198-disk-monitor-2026-06-15T060501Z
[2026-06-19T09:30:14Z] deleted kind=disk-monitor-dir kb=4 path=/paperclip/instances/default/workspaces/8ca957f8-0911-4e81-a963-e2cf54c97d44/data/buy-48198-disk-monitor-2026-06-14T191751Z
[2026-06-19T09:30:14Z] deleted kind=disk-monitor-dir kb=4 path=/paperclip/instances/default/workspaces/8ca957f8-0911-4e81-a963-e2cf54c97d44/data/buy-48198-disk-monitor-2026-06-15T050001Z
[2026-06-19T09:30:14Z] deleted kind=disk-monitor-dir kb=4 path=/paperclip/instances/default/workspaces/8ca957f8-0911-4e81-a963-e2cf54c97d44/data/buy-48198-disk-monitor-2026-06-15T190001Z
[2026-06-19T09:30:14Z] deleted kind=disk-monitor-dir kb=4 path=/paperclip/instances/default/workspaces/8ca957f8-0911-4e81-a963-e2cf54c97d44/data/buy-48198-disk-monitor-2026-06-15T140501Z
[2026-06-19T09:30:14Z] deleted kind=disk-monitor-dir kb=4 path=/paperclip/instances/default/workspaces/8ca957f8-0911-4e81-a963-e2cf54c97d44/data/buy-48198-disk-monitor-2026-06-15T212001Z
[2026-06-19T09:30:14Z] deleted kind=disk-monitor-dir kb=4 path=/paperclip/instances/default/workspaces/8ca957f8-0911-4e81-a963-e2cf54c97d44/data/buy-48198-disk-monitor-2026-06-15T131001Z
[2026-06-19T09:30:14Z] deleted kind=disk-monitor-dir kb=4 path=/paperclip/instances/default/workspaces/8ca957f8-0911-4e81-a963-e2cf54c97d44/data/buy-48198-disk-monitor-2026-06-16T071001Z
[2026-06-19T09:30:14Z] deleted kind=disk-monitor-dir kb=4 path=/paperclip/instances/default/workspaces/8ca957f8-0911-4e81-a963-e2cf54c97d44/data/buy-48198-disk-monitor-2026-06-15T020625Z
[2026-06-19T09:30:14Z] deleted kind=disk-monitor-dir kb=4 path=/paperclip/instances/default/workspaces/8ca957f8-0911-4e81-a963-e2cf54c97d44/data/buy-48198-disk-monitor-2026-06-15T171501Z
[2026-06-19T09:30:14Z] deleted kind=disk-monitor-dir kb=4 path=/paperclip/instances/default/workspaces/8ca957f8-0911-4e81-a963-e2cf54c97d44/data/buy-48198-disk-monitor-2026-06-15T213001Z
[2026-06-19T09:30:14Z] deleted kind=disk-monitor-dir kb=4 path=/paperclip/instances/default/workspaces/8ca957f8-0911-4e81-a963-e2cf54c97d44/data/buy-48198-disk-monitor-2026-06-15T055921Z
[2026-06-19T09:30:14Z] deleted kind=disk-monitor-dir kb=4 path=/paperclip/instances/default/workspaces/8ca957f8-0911-4e81-a963-e2cf54c97d44/data/buy-48198-disk-monitor-2026-06-15T044001Z
[2026-06-19T09:30:14Z] deleted kind=disk-monitor-dir kb=4 path=/paperclip/instances/default/workspaces/8ca957f8-0911-4e81-a963-e2cf54c97d44/data/buy-48198-disk-monitor-2026-06-15T192001Z
[2026-06-19T09:30:14Z] deleted kind=disk-monitor-dir kb=4 path=/paperclip/instances/default/workspaces/8ca957f8-0911-4e81-a963-e2cf54c97d44/data/buy-48198-disk-monitor-2026-06-15T015001Z
[2026-06-19T09:30:14Z] deleted kind=disk-monitor-dir kb=4 path=/paperclip/instances/default/workspaces/8ca957f8-0911-4e81-a963-e2cf54c97d44/data/buy-48198-disk-monitor-2026-06-15T224001Z
[2026-06-19T09:30:14Z] deleted kind=disk-monitor-dir kb=4 path=/paperclip/instances/default/workspaces/8ca957f8-0911-4e81-a963-e2cf54c97d44/data/buy-48198-disk-monitor-2026-06-15T065001Z
[2026-06-19T09:30:14Z] deleted kind=disk-monitor-dir kb=4 path=/paperclip/instances/default/workspaces/8ca957f8-0911-4e81-a963-e2cf54c97d44/data/buy-48198-disk-monitor-2026-06-15T183501Z
[2026-06-19T09:30:14Z] deleted kind=disk-monitor-dir kb=4 path=/paperclip/instances/default/workspaces/8ca957f8-0911-4e81-a963-e2cf54c97d44/data/buy-48198-disk-monitor-2026-06-15T220501Z
[2026-06-19T09:30:14Z] deleted kind=disk-monitor-dir kb=4 path=/paperclip/instances/default/workspaces/8ca957f8-0911-4e81-a963-e2cf54c97d44/data/buy-48198-disk-monitor-2026-06-16T065001Z
[2026-06-19T09:30:14Z] deleted kind=disk-monitor-dir kb=4 path=/paperclip/instances/default/workspaces/8ca957f8-0911-4e81-a963-e2cf54c97d44/data/buy-48198-disk-monitor-2026-06-16T034002Z
[2026-06-19T09:30:14Z] deleted kind=disk-monitor-dir kb=4 path=/paperclip/instances/default/workspaces/8ca957f8-0911-4e81-a963-e2cf54c97d44/data/buy-48198-disk-monitor-2026-06-15T031819Z
[2026-06-19T09:30:14Z] deleted kind=disk-monitor-dir kb=4 path=/paperclip/instances/default/workspaces/8ca957f8-0911-4e81-a963-e2cf54c97d44/data/buy-48198-disk-monitor-2026-06-15T040501Z
[2026-06-19T09:30:14Z] deleted kind=disk-monitor-dir kb=4 path=/paperclip/instances/default/workspaces/8ca957f8-0911-4e81-a963-e2cf54c97d44/data/buy-48198-disk-monitor-2026-06-16T063001Z
[2026-06-19T09:30:14Z] deleted kind=disk-monitor-dir kb=4 path=/paperclip/instances/default/workspaces/8ca957f8-0911-4e81-a963-e2cf54c97d44/data/buy-48198-disk-monitor-2026-06-15T030001Z
[2026-06-19T09:30:14Z] deleted kind=disk-monitor-dir kb=4 path=/paperclip/instances/default/workspaces/8ca957f8-0911-4e81-a963-e2cf54c97d44/data/buy-48198-disk-monitor-2026-06-14T190719Z
[2026-06-19T09:30:14Z] deleted kind=disk-monitor-dir kb=4 path=/paperclip/instances/default/workspaces/8ca957f8-0911-4e81-a963-e2cf54c97d44/data/buy-48198-disk-monitor-2026-06-14T192001Z
[2026-06-19T09:30:14Z] deleted kind=disk-monitor-dir kb=4 path=/paperclip/instances/default/workspaces/8ca957f8-0911-4e81-a963-e2cf54c97d44/data/buy-48198-disk-monitor-2026-06-16T022501Z
[2026-06-19T09:30:14Z] deleted kind=disk-monitor-dir kb=4 path=/paperclip/instances/default/workspaces/8ca957f8-0911-4e81-a963-e2cf54c97d44/data/buy-48198-disk-monitor-2026-06-16T055501Z
[2026-06-19T09:30:14Z] deleted kind=disk-monitor-dir kb=4 path=/paperclip/instances/default/workspaces/8ca957f8-0911-4e81-a963-e2cf54c97d44/data/buy-48198-disk-monitor-2026-06-15T204501Z
[2026-06-19T09:30:14Z] deleted kind=disk-monitor-dir kb=4 path=/paperclip/instances/default/workspaces/8ca957f8-0911-4e81-a963-e2cf54c97d44/data/buy-48198-disk-monitor-2026-06-15T194501Z
[2026-06-19T09:30:14Z] deleted kind=disk-monitor-dir kb=4 path=/paperclip/instances/default/workspaces/8ca957f8-0911-4e81-a963-e2cf54c97d44/data/buy-48198-disk-monitor-2026-06-15T042501Z
[2026-06-19T09:30:14Z] deleted kind=disk-monitor-dir kb=4 path=/paperclip/instances/default/workspaces/8ca957f8-0911-4e81-a963-e2cf54c97d44/data/buy-48198-disk-monitor-2026-06-15T125239Z
[2026-06-19T09:30:14Z] deleted kind=disk-monitor-dir kb=4 path=/paperclip/instances/default/workspaces/8ca957f8-0911-4e81-a963-e2cf54c97d44/data/buy-48198-disk-monitor-2026-06-15T165001Z
[2026-06-19T09:30:14Z] deleted kind=disk-monitor-dir kb=4 path=/paperclip/instances/default/workspaces/8ca957f8-0911-4e81-a963-e2cf54c97d44/data/buy-48198-disk-monitor-2026-06-15T011001Z
[2026-06-19T09:30:14Z] deleted kind=disk-monitor-dir kb=4 path=/paperclip/instances/default/workspaces/8ca957f8-0911-4e81-a963-e2cf54c97d44/data/buy-48198-disk-monitor-2026-06-15T034501Z
[2026-06-19T09:30:14Z] deleted kind=disk-monitor-dir kb=4 path=/paperclip/instances/default/workspaces/8ca957f8-0911-4e81-a963-e2cf54c97d44/data/buy-48198-disk-monitor-2026-06-16T082501Z
[2026-06-19T09:30:15Z] deleted kind=disk-monitor-dir kb=4 path=/paperclip/instances/default/workspaces/8ca957f8-0911-4e81-a963-e2cf54c97d44/data/buy-48198-disk-monitor-2026-06-16T023001Z
[2026-06-19T09:30:15Z] deleted kind=disk-monitor-dir kb=4 path=/paperclip/instances/default/workspaces/8ca957f8-0911-4e81-a963-e2cf54c97d44/data/buy-48198-disk-monitor-2026-06-14T181929Z
[2026-06-19T09:30:15Z] deleted kind=disk-monitor-dir kb=4 path=/paperclip/instances/default/workspaces/8ca957f8-0911-4e81-a963-e2cf54c97d44/data/buy-48198-disk-monitor-2026-06-15T065501Z
[2026-06-19T09:30:15Z] deleted kind=disk-monitor-dir kb=4 path=/paperclip/instances/default/workspaces/8ca957f8-0911-4e81-a963-e2cf54c97d44/data/buy-48198-disk-monitor-2026-06-16T075001Z
[2026-06-19T09:30:15Z] deleted kind=disk-monitor-dir kb=4 path=/paperclip/instances/default/workspaces/8ca957f8-0911-4e81-a963-e2cf54c97d44/data/buy-48198-disk-monitor-2026-06-15T223001Z
[2026-06-19T09:30:15Z] deleted kind=disk-monitor-dir kb=4 path=/paperclip/instances/default/workspaces/8ca957f8-0911-4e81-a963-e2cf54c97d44/data/buy-48198-disk-monitor-2026-06-15T040001Z
[2026-06-19T09:30:15Z] deleted kind=disk-monitor-dir kb=4 path=/paperclip/instances/default/workspaces/8ca957f8-0911-4e81-a963-e2cf54c97d44/data/buy-48198-disk-monitor-2026-06-15T184001Z
[2026-06-19T09:30:15Z] deleted kind=disk-monitor-dir kb=4 path=/paperclip/instances/default/workspaces/8ca957f8-0911-4e81-a963-e2cf54c97d44/data/buy-48198-disk-monitor-2026-06-16T044501Z
[2026-06-19T09:30:15Z] deleted kind=disk-monitor-dir kb=4 path=/paperclip/instances/default/workspaces/8ca957f8-0911-4e81-a963-e2cf54c97d44/data/buy-48198-disk-monitor-2026-06-16T002001Z
[2026-06-19T09:30:15Z] deleted kind=disk-monitor-dir kb=4 path=/paperclip/instances/default/workspaces/8ca957f8-0911-4e81-a963-e2cf54c97d44/data/buy-48198-disk-monitor-2026-06-15T030501Z
[2026-06-19T09:30:15Z] deleted kind=disk-monitor-dir kb=4 path=/paperclip/instances/default/workspaces/8ca957f8-0911-4e81-a963-e2cf54c97d44/data/buy-48198-disk-monitor-2026-06-16T080501Z
[2026-06-19T09:30:15Z] deleted kind=disk-monitor-dir kb=4 path=/paperclip/instances/default/workspaces/8ca957f8-0911-4e81-a963-e2cf54c97d44/data/buy-48198-disk-monitor-2026-06-14T192043Z
[2026-06-19T09:30:15Z] deleted kind=disk-monitor-dir kb=4 path=/paperclip/instances/default/workspaces/8ca957f8-0911-4e81-a963-e2cf54c97d44/data/buy-48198-disk-monitor-2026-06-16T061002Z
[2026-06-19T09:30:15Z] deleted kind=disk-monitor-dir kb=4 path=/paperclip/instances/default/workspaces/8ca957f8-0911-4e81-a963-e2cf54c97d44/data/buy-48198-disk-monitor-2026-06-15T204001Z
[2026-06-19T09:30:15Z] deleted kind=disk-monitor-dir kb=4 path=/paperclip/instances/default/workspaces/8ca957f8-0911-4e81-a963-e2cf54c97d44/data/buy-48198-disk-monitor-2026-06-15T152001Z
[2026-06-19T09:30:15Z] deleted kind=disk-monitor-dir kb=4 path=/paperclip/instances/default/workspaces/8ca957f8-0911-4e81-a963-e2cf54c97d44/data/buy-48198-disk-monitor-2026-06-15T222001Z
[2026-06-19T09:30:15Z] deleted kind=disk-monitor-dir kb=4 path=/paperclip/instances/default/workspaces/8ca957f8-0911-4e81-a963-e2cf54c97d44/data/buy-48198-disk-monitor-2026-06-14T195501Z
[2026-06-19T09:30:15Z] deleted kind=disk-monitor-dir kb=4 path=/paperclip/instances/default/workspaces/8ca957f8-0911-4e81-a963-e2cf54c97d44/data/buy-48198-disk-monitor-2026-06-15T173501Z
[2026-06-19T09:30:15Z] deleted kind=disk-monitor-dir kb=4 path=/paperclip/instances/default/workspaces/8ca957f8-0911-4e81-a963-e2cf54c97d44/data/buy-48198-disk-monitor-2026-06-14T173751Z
[2026-06-19T09:30:15Z] deleted kind=disk-monitor-dir kb=4 path=/paperclip/instances/default/workspaces/8ca957f8-0911-4e81-a963-e2cf54c97d44/data/buy-48198-disk-monitor-2026-06-14T172144Z
[2026-06-19T09:30:15Z] deleted kind=disk-monitor-dir kb=4 path=/paperclip/instances/default/workspaces/8ca957f8-0911-4e81-a963-e2cf54c97d44/data/buy-48198-disk-monitor-2026-06-15T060001Z
[2026-06-19T09:30:15Z] deleted kind=disk-monitor-dir kb=4 path=/paperclip/instances/default/workspaces/8ca957f8-0911-4e81-a963-e2cf54c97d44/data/buy-48198-disk-monitor-2026-06-16T014501Z
[2026-06-19T09:30:15Z] deleted kind=disk-monitor-dir kb=4 path=/paperclip/instances/default/workspaces/8ca957f8-0911-4e81-a963-e2cf54c97d44/data/buy-48198-disk-monitor-2026-06-16T073501Z
[2026-06-19T09:30:15Z] deleted kind=disk-monitor-dir kb=4 path=/paperclip/instances/default/workspaces/8ca957f8-0911-4e81-a963-e2cf54c97d44/data/buy-48198-disk-monitor-2026-06-15T044300Z
[2026-06-19T09:30:15Z] deleted kind=disk-monitor-dir kb=4 path=/paperclip/instances/default/workspaces/8ca957f8-0911-4e81-a963-e2cf54c97d44/data/buy-48198-disk-monitor-2026-06-14T153001Z
[2026-06-19T09:30:15Z] deleted kind=disk-monitor-dir kb=4 path=/paperclip/instances/default/workspaces/8ca957f8-0911-4e81-a963-e2cf54c97d44/data/buy-48198-disk-monitor-2026-06-15T014158Z
[2026-06-19T09:30:15Z] deleted kind=disk-monitor-dir kb=4 path=/paperclip/instances/default/workspaces/8ca957f8-0911-4e81-a963-e2cf54c97d44/data/buy-48198-disk-monitor-2026-06-16T012501Z
[2026-06-19T09:30:15Z] deleted kind=disk-monitor-dir kb=4 path=/paperclip/instances/default/workspaces/8ca957f8-0911-4e81-a963-e2cf54c97d44/data/buy-48198-disk-monitor-2026-06-16T031501Z
[2026-06-19T09:30:15Z] deleted kind=disk-monitor-dir kb=4 path=/paperclip/instances/default/workspaces/8ca957f8-0911-4e81-a963-e2cf54c97d44/data/buy-48198-disk-monitor-2026-06-14T194804Z
[2026-06-19T09:30:15Z] deleted kind=disk-monitor-dir kb=4 path=/paperclip/instances/default/workspaces/8ca957f8-0911-4e81-a963-e2cf54c97d44/data/buy-48198-disk-monitor-2026-06-14T172843Z
[2026-06-19T09:30:15Z] deleted kind=disk-monitor-dir kb=4 path=/paperclip/instances/default/workspaces/8ca957f8-0911-4e81-a963-e2cf54c97d44/data/buy-48198-disk-monitor-2026-06-16T032001Z
[2026-06-19T09:30:15Z] deleted kind=disk-monitor-dir kb=4 path=/paperclip/instances/default/workspaces/8ca957f8-0911-4e81-a963-e2cf54c97d44/data/buy-48198-disk-monitor-2026-06-16T004001Z
[2026-06-19T09:30:15Z] deleted kind=disk-monitor-dir kb=4 path=/paperclip/instances/default/workspaces/8ca957f8-0911-4e81-a963-e2cf54c97d44/data/buy-48198-disk-monitor-2026-06-15T035001Z
[2026-06-19T09:30:15Z] deleted kind=disk-monitor-dir kb=4 path=/paperclip/instances/default/workspaces/8ca957f8-0911-4e81-a963-e2cf54c97d44/data/buy-48198-disk-monitor-2026-06-14T165827Z
[2026-06-19T09:30:15Z] deleted kind=disk-monitor-dir kb=4 path=/paperclip/instances/default/workspaces/8ca957f8-0911-4e81-a963-e2cf54c97d44/data/buy-48198-disk-monitor-2026-06-14T182844Z
[2026-06-19T09:30:15Z] deleted kind=disk-monitor-dir kb=4 path=/paperclip/instances/default/workspaces/8ca957f8-0911-4e81-a963-e2cf54c97d44/data/buy-48198-disk-monitor-2026-06-14T191105Z
[2026-06-19T09:30:15Z] deleted kind=disk-monitor-dir kb=4 path=/paperclip/instances/default/workspaces/8ca957f8-0911-4e81-a963-e2cf54c97d44/data/buy-48198-disk-monitor-2026-06-16T045501Z
[2026-06-19T09:30:15Z] deleted kind=disk-monitor-dir kb=4 path=/paperclip/instances/default/workspaces/8ca957f8-0911-4e81-a963-e2cf54c97d44/data/buy-48198-disk-monitor-2026-06-14T184804Z
[2026-06-19T09:30:15Z] deleted kind=disk-monitor-dir kb=4 path=/paperclip/instances/default/workspaces/8ca957f8-0911-4e81-a963-e2cf54c97d44/data/buy-48198-disk-monitor-2026-06-16T052501Z
[2026-06-19T09:30:15Z] deleted kind=disk-monitor-dir kb=4 path=/paperclip/instances/default/workspaces/8ca957f8-0911-4e81-a963-e2cf54c97d44/data/buy-48198-disk-monitor-2026-06-14T191822Z
[2026-06-19T09:30:15Z] deleted kind=disk-monitor-dir kb=4 path=/paperclip/instances/default/workspaces/8ca957f8-0911-4e81-a963-e2cf54c97d44/data/buy-48198-disk-monitor-2026-06-15T141956Z
[2026-06-19T09:30:15Z] deleted kind=disk-monitor-dir kb=4 path=/paperclip/instances/default/workspaces/8ca957f8-0911-4e81-a963-e2cf54c97d44/data/buy-48198-disk-monitor-2026-06-14T191807Z
[2026-06-19T09:30:15Z] deleted kind=disk-monitor-dir kb=4 path=/paperclip/instances/default/workspaces/8ca957f8-0911-4e81-a963-e2cf54c97d44/data/buy-48198-disk-monitor-2026-06-15T032501Z
[2026-06-19T09:30:15Z] deleted kind=disk-monitor-dir kb=4 path=/paperclip/instances/default/workspaces/8ca957f8-0911-4e81-a963-e2cf54c97d44/data/buy-48198-disk-monitor-2026-06-15T194001Z
[2026-06-19T09:30:15Z] deleted kind=disk-monitor-dir kb=4 path=/paperclip/instances/default/workspaces/8ca957f8-0911-4e81-a963-e2cf54c97d44/data/buy-48198-disk-monitor-2026-06-15T180001Z
[2026-06-19T09:30:15Z] deleted kind=disk-monitor-dir kb=4 path=/paperclip/instances/default/workspaces/8ca957f8-0911-4e81-a963-e2cf54c97d44/data/buy-48198-disk-monitor-2026-06-16T030001Z
[2026-06-19T09:30:15Z] deleted kind=disk-monitor-dir kb=4 path=/paperclip/instances/default/workspaces/8ca957f8-0911-4e81-a963-e2cf54c97d44/data/buy-48198-disk-monitor-2026-06-14T195001Z
[2026-06-19T09:30:15Z] deleted kind=disk-monitor-dir kb=4 path=/paperclip/instances/default/workspaces/8ca957f8-0911-4e81-a963-e2cf54c97d44/data/buy-48198-disk-monitor-2026-06-15T151501Z
[2026-06-19T09:30:15Z] deleted kind=disk-monitor-dir kb=4 path=/paperclip/instances/default/workspaces/8ca957f8-0911-4e81-a963-e2cf54c97d44/data/buy-48198-disk-monitor-2026-06-16T090501Z
[2026-06-19T09:30:15Z] deleted kind=disk-monitor-dir kb=4 path=/paperclip/instances/default/workspaces/8ca957f8-0911-4e81-a963-e2cf54c97d44/data/buy-48198-disk-monitor-2026-06-15T185001Z
[2026-06-19T09:30:15Z] deleted kind=disk-monitor-dir kb=4 path=/paperclip/instances/default/workspaces/8ca957f8-0911-4e81-a963-e2cf54c97d44/data/buy-48198-disk-monitor-2026-06-15T101502Z
[2026-06-19T09:30:15Z] deleted kind=disk-monitor-dir kb=4 path=/paperclip/instances/default/workspaces/8ca957f8-0911-4e81-a963-e2cf54c97d44/data/buy-48198-disk-monitor-2026-06-15T170001Z
[2026-06-19T09:30:15Z] deleted kind=disk-monitor-dir kb=4 path=/paperclip/instances/default/workspaces/8ca957f8-0911-4e81-a963-e2cf54c97d44/data/buy-48198-disk-monitor-2026-06-16T022001Z
[2026-06-19T09:30:15Z] deleted kind=disk-monitor-dir kb=4 path=/paperclip/instances/default/workspaces/8ca957f8-0911-4e81-a963-e2cf54c97d44/data/buy-48198-disk-monitor-2026-06-14T191541Z
[2026-06-19T09:30:15Z] deleted kind=disk-monitor-dir kb=4 path=/paperclip/instances/default/workspaces/8ca957f8-0911-4e81-a963-e2cf54c97d44/data/buy-48198-disk-monitor-2026-06-16T090001Z
[2026-06-19T09:30:15Z] deleted kind=disk-monitor-dir kb=4 path=/paperclip/instances/default/workspaces/8ca957f8-0911-4e81-a963-e2cf54c97d44/data/buy-48198-disk-monitor-2026-06-15T213501Z
[2026-06-19T09:30:15Z] deleted kind=disk-monitor-dir kb=4 path=/paperclip/instances/default/workspaces/8ca957f8-0911-4e81-a963-e2cf54c97d44/data/buy-48198-disk-monitor-2026-06-15T031001Z
[2026-06-19T09:30:15Z] deleted kind=disk-monitor-dir kb=4 path=/paperclip/instances/default/workspaces/8ca957f8-0911-4e81-a963-e2cf54c97d44/data/buy-48198-disk-monitor-2026-06-16T085501Z
[2026-06-19T09:30:15Z] deleted kind=disk-monitor-dir kb=4 path=/paperclip/instances/default/workspaces/8ca957f8-0911-4e81-a963-e2cf54c97d44/data/buy-48198-disk-monitor-2026-06-15T143001Z
[2026-06-19T09:30:15Z] deleted kind=disk-monitor-dir kb=4 path=/paperclip/instances/default/workspaces/8ca957f8-0911-4e81-a963-e2cf54c97d44/data/buy-48198-disk-monitor-2026-06-14T152114Z
[2026-06-19T09:30:15Z] deleted kind=disk-monitor-dir kb=4 path=/paperclip/instances/default/workspaces/8ca957f8-0911-4e81-a963-e2cf54c97d44/data/buy-48198-disk-monitor-2026-06-16T005001Z
[2026-06-19T09:30:15Z] deleted kind=disk-monitor-dir kb=4 path=/paperclip/instances/default/workspaces/8ca957f8-0911-4e81-a963-e2cf54c97d44/data/buy-48198-disk-monitor-2026-06-15T232501Z
[2026-06-19T09:30:15Z] deleted kind=disk-monitor-dir kb=4 path=/paperclip/instances/default/workspaces/8ca957f8-0911-4e81-a963-e2cf54c97d44/data/buy-48198-disk-monitor-2026-06-16T043501Z
[2026-06-19T09:30:15Z] deleted kind=disk-monitor-dir kb=4 path=/paperclip/instances/default/workspaces/8ca957f8-0911-4e81-a963-e2cf54c97d44/data/buy-48198-disk-monitor-2026-06-14T214319Z
[2026-06-19T09:30:15Z] deleted kind=disk-monitor-dir kb=4 path=/paperclip/instances/default/workspaces/8ca957f8-0911-4e81-a963-e2cf54c97d44/data/buy-48198-disk-monitor-2026-06-15T183000Z
[2026-06-19T09:30:15Z] deleted kind=disk-monitor-dir kb=4 path=/paperclip/instances/default/workspaces/8ca957f8-0911-4e81-a963-e2cf54c97d44/data/buy-48198-disk-monitor-2026-06-15T230501Z
[2026-06-19T09:30:15Z] deleted kind=disk-monitor-dir kb=4 path=/paperclip/instances/default/workspaces/8ca957f8-0911-4e81-a963-e2cf54c97d44/data/buy-48198-disk-monitor-2026-06-16T064001Z
[2026-06-19T09:30:15Z] deleted kind=disk-monitor-dir kb=4 path=/paperclip/instances/default/workspaces/8ca957f8-0911-4e81-a963-e2cf54c97d44/data/buy-48198-disk-monitor-2026-06-15T021501Z
[2026-06-19T09:30:15Z] deleted kind=disk-monitor-dir kb=4 path=/paperclip/instances/default/workspaces/8ca957f8-0911-4e81-a963-e2cf54c97d44/data/buy-48198-disk-monitor-2026-06-15T062001Z
[2026-06-19T09:30:15Z] deleted kind=disk-monitor-dir kb=4 path=/paperclip/instances/default/workspaces/8ca957f8-0911-4e81-a963-e2cf54c97d44/data/buy-48198-disk-monitor-2026-06-16T013501Z
[2026-06-19T09:30:15Z] deleted kind=disk-monitor-dir kb=4 path=/paperclip/instances/default/workspaces/8ca957f8-0911-4e81-a963-e2cf54c97d44/data/buy-48198-disk-monitor-2026-06-14T235101Z
[2026-06-19T09:30:15Z] deleted kind=disk-monitor-dir kb=4 path=/paperclip/instances/default/workspaces/8ca957f8-0911-4e81-a963-e2cf54c97d44/data/buy-48198-disk-monitor-2026-06-16T061502Z
[2026-06-19T09:30:15Z] deleted kind=disk-monitor-dir kb=4 path=/paperclip/instances/default/workspaces/8ca957f8-0911-4e81-a963-e2cf54c97d44/data/buy-48198-disk-monitor-2026-06-15T041501Z
[2026-06-19T09:30:15Z] deleted kind=disk-monitor-dir kb=4 path=/paperclip/instances/default/workspaces/8ca957f8-0911-4e81-a963-e2cf54c97d44/data/buy-48198-disk-monitor-2026-06-15T101150Z
[2026-06-19T09:30:15Z] deleted kind=disk-monitor-dir kb=4 path=/paperclip/instances/default/workspaces/8ca957f8-0911-4e81-a963-e2cf54c97d44/data/buy-48198-disk-monitor-2026-06-15T140440Z
[2026-06-19T09:30:15Z] deleted kind=disk-monitor-dir kb=4 path=/paperclip/instances/default/workspaces/8ca957f8-0911-4e81-a963-e2cf54c97d44/data/buy-48198-disk-monitor-2026-06-15T195001Z
[2026-06-19T09:30:15Z] deleted kind=disk-monitor-dir kb=4 path=/paperclip/instances/default/workspaces/8ca957f8-0911-4e81-a963-e2cf54c97d44/data/buy-48198-disk-monitor-2026-06-14T193311Z
[2026-06-19T09:30:15Z] deleted kind=disk-monitor-dir kb=4 path=/paperclip/instances/default/workspaces/8ca957f8-0911-4e81-a963-e2cf54c97d44/data/buy-48198-disk-monitor-2026-06-15T145001Z
[2026-06-19T09:30:15Z] deleted kind=disk-monitor-dir kb=4 path=/paperclip/instances/default/workspaces/8ca957f8-0911-4e81-a963-e2cf54c97d44/data/buy-48198-disk-monitor-2026-06-15T172501Z
[2026-06-19T09:30:15Z] deleted kind=disk-monitor-dir kb=4 path=/paperclip/instances/default/workspaces/8ca957f8-0911-4e81-a963-e2cf54c97d44/data/buy-48198-disk-monitor-2026-06-15T211501Z
[2026-06-19T09:30:15Z] deleted kind=disk-monitor-dir kb=4 path=/paperclip/instances/default/workspaces/8ca957f8-0911-4e81-a963-e2cf54c97d44/data/buy-48198-disk-monitor-2026-06-15T053001Z
[2026-06-19T09:30:15Z] deleted kind=disk-monitor-dir kb=4 path=/paperclip/instances/default/workspaces/8ca957f8-0911-4e81-a963-e2cf54c97d44/data/buy-48198-disk-monitor-2026-06-16T083001Z
[2026-06-19T09:30:15Z] deleted kind=disk-monitor-dir kb=4 path=/paperclip/instances/default/workspaces/8ca957f8-0911-4e81-a963-e2cf54c97d44/data/buy-48198-disk-monitor-2026-06-15T154001Z
[2026-06-19T09:30:15Z] deleted kind=disk-monitor-dir kb=4 path=/paperclip/instances/default/workspaces/8ca957f8-0911-4e81-a963-e2cf54c97d44/data/buy-48198-disk-monitor-2026-06-15T052600Z
[2026-06-19T09:30:15Z] deleted kind=disk-monitor-dir kb=4 path=/paperclip/instances/default/workspaces/8ca957f8-0911-4e81-a963-e2cf54c97d44/data/buy-48198-disk-monitor-2026-06-16T025001Z
[2026-06-19T09:30:15Z] deleted kind=disk-monitor-dir kb=4 path=/paperclip/instances/default/workspaces/8ca957f8-0911-4e81-a963-e2cf54c97d44/data/buy-48198-disk-monitor-2026-06-15T051502Z
[2026-06-19T09:30:15Z] deleted kind=disk-monitor-dir kb=4 path=/paperclip/instances/default/workspaces/8ca957f8-0911-4e81-a963-e2cf54c97d44/data/buy-48198-disk-monitor-2026-06-14T154501Z
[2026-06-19T09:30:15Z] deleted kind=disk-monitor-dir kb=4 path=/paperclip/instances/default/workspaces/8ca957f8-0911-4e81-a963-e2cf54c97d44/data/buy-48198-disk-monitor-2026-06-14T235025Z
[2026-06-19T09:30:15Z] deleted kind=disk-monitor-dir kb=4 path=/paperclip/instances/default/workspaces/8ca957f8-0911-4e81-a963-e2cf54c97d44/data/buy-48198-disk-monitor-2026-06-16T021001Z
[2026-06-19T09:30:15Z] deleted kind=disk-monitor-dir kb=4 path=/paperclip/instances/default/workspaces/8ca957f8-0911-4e81-a963-e2cf54c97d44/data/buy-48198-disk-monitor-2026-06-15T035501Z
[2026-06-19T09:30:15Z] deleted kind=disk-monitor-dir kb=4 path=/paperclip/instances/default/workspaces/8ca957f8-0911-4e81-a963-e2cf54c97d44/data/buy-48198-disk-monitor-2026-06-16T044001Z
[2026-06-19T09:30:15Z] deleted kind=disk-monitor-dir kb=4 path=/paperclip/instances/default/workspaces/8ca957f8-0911-4e81-a963-e2cf54c97d44/data/buy-48198-disk-monitor-2026-06-14T201501Z
[2026-06-19T09:30:15Z] deleted kind=disk-monitor-dir kb=4 path=/paperclip/instances/default/workspaces/8ca957f8-0911-4e81-a963-e2cf54c97d44/data/buy-48198-disk-monitor-2026-06-16T054501Z
[2026-06-19T09:30:15Z] deleted kind=disk-monitor-dir kb=4 path=/paperclip/instances/default/workspaces/8ca957f8-0911-4e81-a963-e2cf54c97d44/data/buy-48198-disk-monitor-2026-06-15T012001Z
[2026-06-19T09:30:15Z] deleted kind=disk-monitor-dir kb=4 path=/paperclip/instances/default/workspaces/8ca957f8-0911-4e81-a963-e2cf54c97d44/data/buy-48198-disk-monitor-2026-06-15T061501Z
[2026-06-19T09:30:16Z] deleted kind=disk-monitor-dir kb=4 path=/paperclip/instances/default/workspaces/8ca957f8-0911-4e81-a963-e2cf54c97d44/data/buy-48198-disk-monitor-2026-06-14T202001Z
[2026-06-19T09:30:16Z] deleted kind=disk-monitor-dir kb=4 path=/paperclip/instances/default/workspaces/8ca957f8-0911-4e81-a963-e2cf54c97d44/data/buy-48198-disk-monitor-2026-06-16T025501Z
[2026-06-19T09:30:16Z] deleted kind=disk-monitor-dir kb=4 path=/paperclip/instances/default/workspaces/8ca957f8-0911-4e81-a963-e2cf54c97d44/data/buy-48198-disk-monitor-2026-06-14T191944Z
[2026-06-19T09:30:16Z] deleted kind=disk-monitor-dir kb=4 path=/paperclip/instances/default/workspaces/8ca957f8-0911-4e81-a963-e2cf54c97d44/data/buy-48198-disk-monitor-2026-06-15T173001Z
[2026-06-19T09:30:16Z] deleted kind=disk-monitor-dir kb=4 path=/paperclip/instances/default/workspaces/8ca957f8-0911-4e81-a963-e2cf54c97d44/data/buy-48198-disk-monitor-2026-06-15T101712Z
[2026-06-19T09:30:16Z] deleted kind=disk-monitor-dir kb=4 path=/paperclip/instances/default/workspaces/8ca957f8-0911-4e81-a963-e2cf54c97d44/data/buy-48198-disk-monitor-2026-06-15T063001Z
[2026-06-19T09:30:16Z] deleted kind=disk-monitor-dir kb=4 path=/paperclip/instances/default/workspaces/8ca957f8-0911-4e81-a963-e2cf54c97d44/data/buy-48198-disk-monitor-2026-06-15T224501Z
[2026-06-19T09:30:16Z] deleted kind=disk-monitor-dir kb=4 path=/paperclip/instances/default/workspaces/8ca957f8-0911-4e81-a963-e2cf54c97d44/data/buy-48198-disk-monitor-2026-06-15T215501Z
[2026-06-19T09:30:16Z] deleted kind=disk-monitor-dir kb=4 path=/paperclip/instances/default/workspaces/8ca957f8-0911-4e81-a963-e2cf54c97d44/data/buy-48198-disk-monitor-2026-06-16T050501Z
[2026-06-19T09:30:22Z] deleted kind=disk-monitor-dir kb=4 path=/paperclip/instances/default/workspaces/476c8023-3635-45bb-9f71-db6f4f5700e1-buywhere-api/data/buy-42260-disk-monitor-2026-06-11T2235Z
[2026-06-19T09:30:24Z] summary apply=1 scanned=504 removed=491 skipped_undeletable=5 failed=0 reclaimed_kb=1961 report=/paperclip/instances/default/workspaces/logs/buy53114_worker_wc_cycle_cleanup_report.json
[2026-06-19T09:30:24Z] BUY-53114 worker cleanup complete rc=0 after_pct=82 free_gb=35.5 report=/paperclip/instances/default/workspaces/logs/buy53114_worker_wc_cycle_cleanup_report.json
{
  "generated_at": "2026-06-19T09:30:24.629Z",
  "status": "PASS",
  "blocked_reason": null,
  "filesystem": "/dev/vda1",
  "mount_path": "/",
  "free_bytes": 38149664768,
  "total_bytes": 206900281344,
  "warn_bytes": 21474836480,
  "critical_bytes": 5368709120,
  "consecutive_critical": 0,
  "consecutive_required": 1,
  "cooldown_ms": 14400000,
  "last_incident_id": null,
  "last_incident_identifier": null,
  "last_incident_at": null,
  "incident": null,
  "snapshot_dir": "/paperclip/instances/default/workspaces/476c8023-3635-45bb-9f71-db6f4f5700e1/buywhere-api/data/buy-48198-disk-monitor-2026-06-19T093024Z",
  "source_identifier": "BUY-48198",
  "execution_identifier": "BUY-48198",
  "alert_issue_identifier": "BUY-30808",
  "notes": [
    "free=35.5 GB (38149664768 B) warn<20.0 GB critical<5.0 GB"
  ]
}
[2026-06-19T09:30:24Z] BUY-48198 watchdog complete rc=0
[2026-06-19T09:35:01Z] BUY-48198 watchdog start before_pct=82 free_gb=35.5
[2026-06-19T09:35:01Z] starting workspace=/paperclip/instances/default/workspaces/476c8023-3635-45bb-9f71-db6f4f5700e1/buywhere-api apply=1 keep_hours=48 alert_pct=90
[2026-06-19T09:35:01Z] starting workspace=/paperclip/instances/default/workspaces/3ec8f6dd-1735-4479-9825-a2c42edac34c apply=1 keep_hours=48 alert_pct=90
[2026-06-19T09:35:02Z] BUY-48198 wc cleanup complete rc=0 workspace=all after_pct=82 free_gb=35.5 report=/paperclip/instances/default/workspaces/logs/buy53095_wc_cycle_cleanup_report.json
[2026-06-19T09:35:02Z] starting apply=1 root=/paperclip/instances/default/workspaces log_retention_days=2 run_retention_days=3 heartbeat_retention_min=360 disk_artifact_retention_days=2 alert_pct=90
[2026-06-19T09:35:02Z] skip-undeletable kind=pycache-dir kb=4 path=/paperclip/instances/default/workspaces/7fb55262-e658-45e2-88c0-b0e8ccc5ad6c/scripts/__pycache__
[2026-06-19T09:35:02Z] skip-undeletable kind=pycache-file kb=24 path=/paperclip/instances/default/workspaces/7fb55262-e658-45e2-88c0-b0e8ccc5ad6c/scripts/__pycache__/ingested_marker.cpython-312.pyc
[2026-06-19T09:35:02Z] skip-undeletable kind=pycache-file kb=37 path=/paperclip/instances/default/workspaces/7fb55262-e658-45e2-88c0-b0e8ccc5ad6c/scripts/__pycache__/ingest_buy30620_lanes.cpython-312.pyc
[2026-06-19T09:35:08Z] skip-undeletable kind=pycache-dir kb=4 path=/paperclip/instances/default/workspaces/3ec8f6dd-1735-4479-9825-a2c42edac34c/scripts/__pycache__
[2026-06-19T09:35:08Z] skip-undeletable kind=pycache-file kb=26 path=/paperclip/instances/default/workspaces/3ec8f6dd-1735-4479-9825-a2c42edac34c/scripts/__pycache__/ingest_buy30620_lanes.cpython-312.pyc
[2026-06-19T09:35:08Z] deleted kind=cycle-log kb=1 path=/paperclip/instances/default/workspaces/3ec8f6dd-1735-4479-9825-a2c42edac34c/logs/buy31015-deep-supervisor-20260616T093201Z.log
[2026-06-19T09:35:09Z] deleted kind=disk-monitor-dir kb=4 path=/paperclip/instances/default/workspaces/8ca957f8-0911-4e81-a963-e2cf54c97d44/data/buy-48198-disk-monitor-2026-06-16T093501Z
[2026-06-19T09:35:16Z] summary apply=1 scanned=15 removed=2 skipped_undeletable=5 failed=0 reclaimed_kb=5 report=/paperclip/instances/default/workspaces/logs/buy53114_worker_wc_cycle_cleanup_report.json
[2026-06-19T09:35:16Z] BUY-53114 worker cleanup complete rc=0 after_pct=82 free_gb=36.3 report=/paperclip/instances/default/workspaces/logs/buy53114_worker_wc_cycle_cleanup_report.json
{
  "generated_at": "2026-06-19T09:35:16.888Z",
  "status": "PASS",
  "blocked_reason": null,
  "filesystem": "/dev/vda1",
  "mount_path": "/",
  "free_bytes": 38992949248,
  "total_bytes": 206900281344,
  "warn_bytes": 21474836480,
  "critical_bytes": 5368709120,
  "consecutive_critical": 0,
  "consecutive_required": 1,
  "cooldown_ms": 14400000,
  "last_incident_id": null,
  "last_incident_identifier": null,
  "last_incident_at": null,
  "incident": null,
  "snapshot_dir": "/paperclip/instances/default/workspaces/476c8023-3635-45bb-9f71-db6f4f5700e1/buywhere-api/data/buy-48198-disk-monitor-2026-06-19T093516Z",
  "source_identifier": "BUY-48198",
  "execution_identifier": "BUY-48198",
  "alert_issue_identifier": "BUY-30808",
  "notes": [
    "free=36.3 GB (38992949248 B) warn<20.0 GB critical<5.0 GB"
  ]
}
[2026-06-19T09:35:16Z] BUY-48198 watchdog complete rc=0
[2026-06-19T09:40:01Z] BUY-48198 watchdog start before_pct=82 free_gb=35.3
[2026-06-19T09:40:01Z] starting workspace=/paperclip/instances/default/workspaces/476c8023-3635-45bb-9f71-db6f4f5700e1/buywhere-api apply=1 keep_hours=48 alert_pct=90
[2026-06-19T09:40:01Z] starting workspace=/paperclip/instances/default/workspaces/3ec8f6dd-1735-4479-9825-a2c42edac34c apply=1 keep_hours=48 alert_pct=90
[2026-06-19T09:40:02Z] BUY-48198 wc cleanup complete rc=0 workspace=all after_pct=82 free_gb=35.3 report=/paperclip/instances/default/workspaces/logs/buy53095_wc_cycle_cleanup_report.json
[2026-06-19T09:40:02Z] starting apply=1 root=/paperclip/instances/default/workspaces log_retention_days=2 run_retention_days=3 heartbeat_retention_min=360 disk_artifact_retention_days=2 alert_pct=90
[2026-06-19T09:40:02Z] skip-undeletable kind=pycache-dir kb=4 path=/paperclip/instances/default/workspaces/7fb55262-e658-45e2-88c0-b0e8ccc5ad6c/scripts/__pycache__
[2026-06-19T09:40:02Z] skip-undeletable kind=pycache-file kb=24 path=/paperclip/instances/default/workspaces/7fb55262-e658-45e2-88c0-b0e8ccc5ad6c/scripts/__pycache__/ingested_marker.cpython-312.pyc
[2026-06-19T09:40:02Z] skip-undeletable kind=pycache-file kb=37 path=/paperclip/instances/default/workspaces/7fb55262-e658-45e2-88c0-b0e8ccc5ad6c/scripts/__pycache__/ingest_buy30620_lanes.cpython-312.pyc
[2026-06-19T09:40:08Z] skip-undeletable kind=pycache-dir kb=4 path=/paperclip/instances/default/workspaces/3ec8f6dd-1735-4479-9825-a2c42edac34c/scripts/__pycache__
[2026-06-19T09:40:08Z] skip-undeletable kind=pycache-file kb=26 path=/paperclip/instances/default/workspaces/3ec8f6dd-1735-4479-9825-a2c42edac34c/scripts/__pycache__/ingest_buy30620_lanes.cpython-312.pyc
[2026-06-19T09:40:09Z] deleted kind=disk-monitor-dir kb=4 path=/paperclip/instances/default/workspaces/8ca957f8-0911-4e81-a963-e2cf54c97d44/data/buy-48198-disk-monitor-2026-06-16T094002Z
[2026-06-19T09:40:17Z] summary apply=1 scanned=14 removed=1 skipped_undeletable=5 failed=0 reclaimed_kb=4 report=/paperclip/instances/default/workspaces/logs/buy53114_worker_wc_cycle_cleanup_report.json
[2026-06-19T09:40:17Z] BUY-53114 worker cleanup complete rc=0 after_pct=82 free_gb=35.4 report=/paperclip/instances/default/workspaces/logs/buy53114_worker_wc_cycle_cleanup_report.json
{
  "generated_at": "2026-06-19T09:40:17.741Z",
  "status": "PASS",
  "blocked_reason": null,
  "filesystem": "/dev/vda1",
  "mount_path": "/",
  "free_bytes": 38054400000,
  "total_bytes": 206900281344,
  "warn_bytes": 21474836480,
  "critical_bytes": 5368709120,
  "consecutive_critical": 0,
  "consecutive_required": 1,
  "cooldown_ms": 14400000,
  "last_incident_id": null,
  "last_incident_identifier": null,
  "last_incident_at": null,
  "incident": null,
  "snapshot_dir": "/paperclip/instances/default/workspaces/476c8023-3635-45bb-9f71-db6f4f5700e1/buywhere-api/data/buy-48198-disk-monitor-2026-06-19T094017Z",
  "source_identifier": "BUY-48198",
  "execution_identifier": "BUY-48198",
  "alert_issue_identifier": "BUY-30808",
  "notes": [
    "free=35.4 GB (38054400000 B) warn<20.0 GB critical<5.0 GB"
  ]
}
[2026-06-19T09:40:17Z] BUY-48198 watchdog complete rc=0
[2026-06-19T09:45:01Z] BUY-48198 watchdog start before_pct=84 free_gb=31.9
[2026-06-19T09:45:01Z] starting workspace=/paperclip/instances/default/workspaces/476c8023-3635-45bb-9f71-db6f4f5700e1/buywhere-api apply=1 keep_hours=48 alert_pct=90
[2026-06-19T09:45:01Z] starting workspace=/paperclip/instances/default/workspaces/3ec8f6dd-1735-4479-9825-a2c42edac34c apply=1 keep_hours=48 alert_pct=90
[2026-06-19T09:45:01Z] BUY-48198 wc cleanup complete rc=0 workspace=all after_pct=84 free_gb=31.9 report=/paperclip/instances/default/workspaces/logs/buy53095_wc_cycle_cleanup_report.json
[2026-06-19T09:45:01Z] starting apply=1 root=/paperclip/instances/default/workspaces log_retention_days=2 run_retention_days=3 heartbeat_retention_min=360 disk_artifact_retention_days=2 alert_pct=90
[2026-06-19T09:45:01Z] skip-undeletable kind=pycache-dir kb=4 path=/paperclip/instances/default/workspaces/7fb55262-e658-45e2-88c0-b0e8ccc5ad6c/scripts/__pycache__
[2026-06-19T09:45:01Z] skip-undeletable kind=pycache-file kb=24 path=/paperclip/instances/default/workspaces/7fb55262-e658-45e2-88c0-b0e8ccc5ad6c/scripts/__pycache__/ingested_marker.cpython-312.pyc
[2026-06-19T09:45:01Z] skip-undeletable kind=pycache-file kb=37 path=/paperclip/instances/default/workspaces/7fb55262-e658-45e2-88c0-b0e8ccc5ad6c/scripts/__pycache__/ingest_buy30620_lanes.cpython-312.pyc
[2026-06-19T09:45:07Z] skip-undeletable kind=pycache-dir kb=4 path=/paperclip/instances/default/workspaces/3ec8f6dd-1735-4479-9825-a2c42edac34c/scripts/__pycache__
[2026-06-19T09:45:07Z] skip-undeletable kind=pycache-file kb=26 path=/paperclip/instances/default/workspaces/3ec8f6dd-1735-4479-9825-a2c42edac34c/scripts/__pycache__/ingest_buy30620_lanes.cpython-312.pyc
[2026-06-19T09:45:07Z] deleted kind=cycle-log kb=1 path=/paperclip/instances/default/workspaces/3ec8f6dd-1735-4479-9825-a2c42edac34c/logs/buy31015-deep-supervisor-20260616T094002Z.log
[2026-06-19T09:45:08Z] deleted kind=disk-monitor-dir kb=4 path=/paperclip/instances/default/workspaces/8ca957f8-0911-4e81-a963-e2cf54c97d44/data/buy-48198-disk-monitor-2026-06-16T094501Z
[2026-06-19T09:45:16Z] summary apply=1 scanned=15 removed=2 skipped_undeletable=5 failed=0 reclaimed_kb=5 report=/paperclip/instances/default/workspaces/logs/buy53114_worker_wc_cycle_cleanup_report.json
[2026-06-19T09:45:16Z] BUY-53114 worker cleanup complete rc=0 after_pct=84 free_gb=31.9 report=/paperclip/instances/default/workspaces/logs/buy53114_worker_wc_cycle_cleanup_report.json
{
  "generated_at": "2026-06-19T09:45:16.297Z",
  "status": "PASS",
  "blocked_reason": null,
  "filesystem": "/dev/vda1",
  "mount_path": "/",
  "free_bytes": 34214400000,
  "total_bytes": 206900281344,
  "warn_bytes": 21474836480,
  "critical_bytes": 5368709120,
  "consecutive_critical": 0,
  "consecutive_required": 1,
  "cooldown_ms": 14400000,
  "last_incident_id": null,
  "last_incident_identifier": null,
  "last_incident_at": null,
  "incident": null,
  "snapshot_dir": "/paperclip/instances/default/workspaces/476c8023-3635-45bb-9f71-db6f4f5700e1/buywhere-api/data/buy-48198-disk-monitor-2026-06-19T094516Z",
  "source_identifier": "BUY-48198",
  "execution_identifier": "BUY-48198",
  "alert_issue_identifier": "BUY-30808",
  "notes": [
    "free=31.9 GB (34214400000 B) warn<20.0 GB critical<5.0 GB"
  ]
}
[2026-06-19T09:45:16Z] BUY-48198 watchdog complete rc=0
[2026-06-19T09:50:01Z] BUY-48198 watchdog start before_pct=84 free_gb=31.9
[2026-06-19T09:50:01Z] starting workspace=/paperclip/instances/default/workspaces/476c8023-3635-45bb-9f71-db6f4f5700e1/buywhere-api apply=1 keep_hours=48 alert_pct=90
[2026-06-19T09:50:01Z] starting workspace=/paperclip/instances/default/workspaces/3ec8f6dd-1735-4479-9825-a2c42edac34c apply=1 keep_hours=48 alert_pct=90
[2026-06-19T09:50:02Z] BUY-48198 wc cleanup complete rc=0 workspace=all after_pct=84 free_gb=31.8 report=/paperclip/instances/default/workspaces/logs/buy53095_wc_cycle_cleanup_report.json
[2026-06-19T09:50:02Z] starting apply=1 root=/paperclip/instances/default/workspaces log_retention_days=2 run_retention_days=3 heartbeat_retention_min=360 disk_artifact_retention_days=2 alert_pct=90
[2026-06-19T09:50:02Z] skip-undeletable kind=pycache-dir kb=4 path=/paperclip/instances/default/workspaces/7fb55262-e658-45e2-88c0-b0e8ccc5ad6c/scripts/__pycache__
[2026-06-19T09:50:02Z] skip-undeletable kind=pycache-file kb=24 path=/paperclip/instances/default/workspaces/7fb55262-e658-45e2-88c0-b0e8ccc5ad6c/scripts/__pycache__/ingested_marker.cpython-312.pyc
[2026-06-19T09:50:02Z] skip-undeletable kind=pycache-file kb=37 path=/paperclip/instances/default/workspaces/7fb55262-e658-45e2-88c0-b0e8ccc5ad6c/scripts/__pycache__/ingest_buy30620_lanes.cpython-312.pyc
[2026-06-19T09:50:05Z] deleted kind=stale-pid kb=1 path=/paperclip/instances/default/workspaces/476c8023-3635-45bb-9f71-db6f4f5700e1/buywhere-api/data/.buy31015-deep-page.pid
[2026-06-19T09:50:08Z] skip-undeletable kind=pycache-dir kb=4 path=/paperclip/instances/default/workspaces/3ec8f6dd-1735-4479-9825-a2c42edac34c/scripts/__pycache__
[2026-06-19T09:50:08Z] skip-undeletable kind=pycache-file kb=26 path=/paperclip/instances/default/workspaces/3ec8f6dd-1735-4479-9825-a2c42edac34c/scripts/__pycache__/ingest_buy30620_lanes.cpython-312.pyc
[2026-06-19T09:50:09Z] deleted kind=disk-monitor-dir kb=4 path=/paperclip/instances/default/workspaces/8ca957f8-0911-4e81-a963-e2cf54c97d44/data/buy-48198-disk-monitor-2026-06-16T095001Z
[2026-06-19T09:50:17Z] summary apply=1 scanned=15 removed=2 skipped_undeletable=5 failed=0 reclaimed_kb=5 report=/paperclip/instances/default/workspaces/logs/buy53114_worker_wc_cycle_cleanup_report.json
[2026-06-19T09:50:17Z] BUY-53114 worker cleanup complete rc=0 after_pct=84 free_gb=31.8 report=/paperclip/instances/default/workspaces/logs/buy53114_worker_wc_cycle_cleanup_report.json
{
  "generated_at": "2026-06-19T09:50:17.434Z",
  "status": "PASS",
  "blocked_reason": null,
  "filesystem": "/dev/vda1",
  "mount_path": "/",
  "free_bytes": 34141364224,
  "total_bytes": 206900281344,
  "warn_bytes": 21474836480,
  "critical_bytes": 5368709120,
  "consecutive_critical": 0,
  "consecutive_required": 1,
  "cooldown_ms": 14400000,
  "last_incident_id": null,
  "last_incident_identifier": null,
  "last_incident_at": null,
  "incident": null,
  "snapshot_dir": "/paperclip/instances/default/workspaces/476c8023-3635-45bb-9f71-db6f4f5700e1/buywhere-api/data/buy-48198-disk-monitor-2026-06-19T095017Z",
  "source_identifier": "BUY-48198",
  "execution_identifier": "BUY-48198",
  "alert_issue_identifier": "BUY-30808",
  "notes": [
    "free=31.8 GB (34141364224 B) warn<20.0 GB critical<5.0 GB"
  ]
}
[2026-06-19T09:50:17Z] BUY-48198 watchdog complete rc=0
[2026-06-19T09:55:01Z] BUY-48198 watchdog start before_pct=84 free_gb=31.8
[2026-06-19T09:55:01Z] starting workspace=/paperclip/instances/default/workspaces/476c8023-3635-45bb-9f71-db6f4f5700e1/buywhere-api apply=1 keep_hours=48 alert_pct=90
[2026-06-19T09:55:01Z] starting workspace=/paperclip/instances/default/workspaces/3ec8f6dd-1735-4479-9825-a2c42edac34c apply=1 keep_hours=48 alert_pct=90
[2026-06-19T09:55:02Z] BUY-48198 wc cleanup complete rc=0 workspace=all after_pct=84 free_gb=31.8 report=/paperclip/instances/default/workspaces/logs/buy53095_wc_cycle_cleanup_report.json
[2026-06-19T09:55:02Z] starting apply=1 root=/paperclip/instances/default/workspaces log_retention_days=2 run_retention_days=3 heartbeat_retention_min=360 disk_artifact_retention_days=2 alert_pct=90
[2026-06-19T09:55:02Z] skip-undeletable kind=pycache-dir kb=4 path=/paperclip/instances/default/workspaces/7fb55262-e658-45e2-88c0-b0e8ccc5ad6c/scripts/__pycache__
[2026-06-19T09:55:02Z] skip-undeletable kind=pycache-file kb=24 path=/paperclip/instances/default/workspaces/7fb55262-e658-45e2-88c0-b0e8ccc5ad6c/scripts/__pycache__/ingested_marker.cpython-312.pyc
[2026-06-19T09:55:02Z] skip-undeletable kind=pycache-file kb=37 path=/paperclip/instances/default/workspaces/7fb55262-e658-45e2-88c0-b0e8ccc5ad6c/scripts/__pycache__/ingest_buy30620_lanes.cpython-312.pyc
[2026-06-19T09:55:08Z] skip-undeletable kind=pycache-dir kb=4 path=/paperclip/instances/default/workspaces/3ec8f6dd-1735-4479-9825-a2c42edac34c/scripts/__pycache__
[2026-06-19T09:55:08Z] skip-undeletable kind=pycache-file kb=26 path=/paperclip/instances/default/workspaces/3ec8f6dd-1735-4479-9825-a2c42edac34c/scripts/__pycache__/ingest_buy30620_lanes.cpython-312.pyc
[2026-06-19T09:55:09Z] deleted kind=disk-monitor-dir kb=4 path=/paperclip/instances/default/workspaces/8ca957f8-0911-4e81-a963-e2cf54c97d44/data/buy-48198-disk-monitor-2026-06-16T095501Z
[2026-06-19T09:55:16Z] summary apply=1 scanned=14 removed=1 skipped_undeletable=5 failed=0 reclaimed_kb=4 report=/paperclip/instances/default/workspaces/logs/buy53114_worker_wc_cycle_cleanup_report.json
[2026-06-19T09:55:16Z] BUY-53114 worker cleanup complete rc=0 after_pct=84 free_gb=31.8 report=/paperclip/instances/default/workspaces/logs/buy53114_worker_wc_cycle_cleanup_report.json
{
  "generated_at": "2026-06-19T09:55:16.884Z",
  "status": "PASS",
  "blocked_reason": null,
  "filesystem": "/dev/vda1",
  "mount_path": "/",
  "free_bytes": 34171420672,
  "total_bytes": 206900281344,
  "warn_bytes": 21474836480,
  "critical_bytes": 5368709120,
  "consecutive_critical": 0,
  "consecutive_required": 1,
  "cooldown_ms": 14400000,
  "last_incident_id": null,
  "last_incident_identifier": null,
  "last_incident_at": null,
  "incident": null,
  "snapshot_dir": "/paperclip/instances/default/workspaces/476c8023-3635-45bb-9f71-db6f4f5700e1/buywhere-api/data/buy-48198-disk-monitor-2026-06-19T095516Z",
  "source_identifier": "BUY-48198",
  "execution_identifier": "BUY-48198",
  "alert_issue_identifier": "BUY-30808",
  "notes": [
    "free=31.8 GB (34171420672 B) warn<20.0 GB critical<5.0 GB"
  ]
}
[2026-06-19T09:55:16Z] BUY-48198 watchdog complete rc=0
[2026-06-19T10:00:01Z] BUY-48198 watchdog start before_pct=84 free_gb=31.8
[2026-06-19T10:00:01Z] starting workspace=/paperclip/instances/default/workspaces/476c8023-3635-45bb-9f71-db6f4f5700e1/buywhere-api apply=1 keep_hours=48 alert_pct=90
[2026-06-19T10:00:01Z] starting workspace=/paperclip/instances/default/workspaces/3ec8f6dd-1735-4479-9825-a2c42edac34c apply=1 keep_hours=48 alert_pct=90
[2026-06-19T10:00:02Z] BUY-48198 wc cleanup complete rc=0 workspace=all after_pct=84 free_gb=31.8 report=/paperclip/instances/default/workspaces/logs/buy53095_wc_cycle_cleanup_report.json
[2026-06-19T10:00:02Z] starting apply=1 root=/paperclip/instances/default/workspaces log_retention_days=2 run_retention_days=3 heartbeat_retention_min=360 disk_artifact_retention_days=2 alert_pct=90
[2026-06-19T10:00:02Z] skip-undeletable kind=pycache-dir kb=4 path=/paperclip/instances/default/workspaces/7fb55262-e658-45e2-88c0-b0e8ccc5ad6c/scripts/__pycache__
[2026-06-19T10:00:02Z] skip-undeletable kind=pycache-file kb=24 path=/paperclip/instances/default/workspaces/7fb55262-e658-45e2-88c0-b0e8ccc5ad6c/scripts/__pycache__/ingested_marker.cpython-312.pyc
[2026-06-19T10:00:02Z] skip-undeletable kind=pycache-file kb=37 path=/paperclip/instances/default/workspaces/7fb55262-e658-45e2-88c0-b0e8ccc5ad6c/scripts/__pycache__/ingest_buy30620_lanes.cpython-312.pyc
[2026-06-19T10:00:08Z] skip-undeletable kind=pycache-dir kb=4 path=/paperclip/instances/default/workspaces/3ec8f6dd-1735-4479-9825-a2c42edac34c/scripts/__pycache__
[2026-06-19T10:00:08Z] skip-undeletable kind=pycache-file kb=26 path=/paperclip/instances/default/workspaces/3ec8f6dd-1735-4479-9825-a2c42edac34c/scripts/__pycache__/ingest_buy30620_lanes.cpython-312.pyc
[2026-06-19T10:00:08Z] deleted kind=cycle-log kb=1 path=/paperclip/instances/default/workspaces/3ec8f6dd-1735-4479-9825-a2c42edac34c/logs/buy31015-deep-supervisor-20260616T095601Z.log
[2026-06-19T10:00:09Z] deleted kind=disk-monitor-dir kb=4 path=/paperclip/instances/default/workspaces/8ca957f8-0911-4e81-a963-e2cf54c97d44/data/buy-48198-disk-monitor-2026-06-16T100001Z
[2026-06-19T10:00:17Z] summary apply=1 scanned=15 removed=2 skipped_undeletable=5 failed=0 reclaimed_kb=5 report=/paperclip/instances/default/workspaces/logs/buy53114_worker_wc_cycle_cleanup_report.json
[2026-06-19T10:00:17Z] BUY-53114 worker cleanup complete rc=0 after_pct=84 free_gb=31.8 report=/paperclip/instances/default/workspaces/logs/buy53114_worker_wc_cycle_cleanup_report.json
{
  "generated_at": "2026-06-19T10:00:17.306Z",
  "status": "PASS",
  "blocked_reason": null,
  "filesystem": "/dev/vda1",
  "mount_path": "/",
  "free_bytes": 34123993088,
  "total_bytes": 206900281344,
  "warn_bytes": 21474836480,
  "critical_bytes": 5368709120,
  "consecutive_critical": 0,
  "consecutive_required": 1,
  "cooldown_ms": 14400000,
  "last_incident_id": null,
  "last_incident_identifier": null,
  "last_incident_at": null,
  "incident": null,
  "snapshot_dir": "/paperclip/instances/default/workspaces/476c8023-3635-45bb-9f71-db6f4f5700e1/buywhere-api/data/buy-48198-disk-monitor-2026-06-19T100017Z",
  "source_identifier": "BUY-48198",
  "execution_identifier": "BUY-48198",
  "alert_issue_identifier": "BUY-30808",
  "notes": [
    "free=31.8 GB (34123993088 B) warn<20.0 GB critical<5.0 GB"
  ]
}
[2026-06-19T10:00:17Z] BUY-48198 watchdog complete rc=0
[2026-06-19T10:05:01Z] BUY-48198 watchdog start before_pct=84 free_gb=31.7
[2026-06-19T10:05:01Z] starting workspace=/paperclip/instances/default/workspaces/476c8023-3635-45bb-9f71-db6f4f5700e1/buywhere-api apply=1 keep_hours=48 alert_pct=90
[2026-06-19T10:05:01Z] starting workspace=/paperclip/instances/default/workspaces/3ec8f6dd-1735-4479-9825-a2c42edac34c apply=1 keep_hours=48 alert_pct=90
[2026-06-19T10:05:02Z] BUY-48198 wc cleanup complete rc=0 workspace=all after_pct=84 free_gb=31.7 report=/paperclip/instances/default/workspaces/logs/buy53095_wc_cycle_cleanup_report.json
[2026-06-19T10:05:02Z] starting apply=1 root=/paperclip/instances/default/workspaces log_retention_days=2 run_retention_days=3 heartbeat_retention_min=360 disk_artifact_retention_days=2 alert_pct=90
[2026-06-19T10:05:02Z] skip-undeletable kind=pycache-dir kb=4 path=/paperclip/instances/default/workspaces/7fb55262-e658-45e2-88c0-b0e8ccc5ad6c/scripts/__pycache__
[2026-06-19T10:05:02Z] skip-undeletable kind=pycache-file kb=24 path=/paperclip/instances/default/workspaces/7fb55262-e658-45e2-88c0-b0e8ccc5ad6c/scripts/__pycache__/ingested_marker.cpython-312.pyc
[2026-06-19T10:05:02Z] skip-undeletable kind=pycache-file kb=37 path=/paperclip/instances/default/workspaces/7fb55262-e658-45e2-88c0-b0e8ccc5ad6c/scripts/__pycache__/ingest_buy30620_lanes.cpython-312.pyc
[2026-06-19T10:05:04Z] deleted kind=stale-pid kb=1 path=/paperclip/instances/default/workspaces/476c8023-3635-45bb-9f71-db6f4f5700e1/buywhere-api/data/.buy31015-deep-page.pid
[2026-06-19T10:05:07Z] skip-undeletable kind=pycache-dir kb=4 path=/paperclip/instances/default/workspaces/3ec8f6dd-1735-4479-9825-a2c42edac34c/scripts/__pycache__
[2026-06-19T10:05:07Z] skip-undeletable kind=pycache-file kb=26 path=/paperclip/instances/default/workspaces/3ec8f6dd-1735-4479-9825-a2c42edac34c/scripts/__pycache__/ingest_buy30620_lanes.cpython-312.pyc
[2026-06-19T10:05:07Z] deleted kind=disk-monitor-dir kb=4 path=/paperclip/instances/default/workspaces/8ca957f8-0911-4e81-a963-e2cf54c97d44/data/buy-48198-disk-monitor-2026-06-16T100501Z
[2026-06-19T10:05:15Z] summary apply=1 scanned=15 removed=2 skipped_undeletable=5 failed=0 reclaimed_kb=5 report=/paperclip/instances/default/workspaces/logs/buy53114_worker_wc_cycle_cleanup_report.json
[2026-06-19T10:05:15Z] BUY-53114 worker cleanup complete rc=0 after_pct=84 free_gb=31.7 report=/paperclip/instances/default/workspaces/logs/buy53114_worker_wc_cycle_cleanup_report.json
{
  "generated_at": "2026-06-19T10:05:15.960Z",
  "status": "PASS",
  "blocked_reason": null,
  "filesystem": "/dev/vda1",
  "mount_path": "/",
  "free_bytes": 34035748864,
  "total_bytes": 206900281344,
  "warn_bytes": 21474836480,
  "critical_bytes": 5368709120,
  "consecutive_critical": 0,
  "consecutive_required": 1,
  "cooldown_ms": 14400000,
  "last_incident_id": null,
  "last_incident_identifier": null,
  "last_incident_at": null,
  "incident": null,
  "snapshot_dir": "/paperclip/instances/default/workspaces/476c8023-3635-45bb-9f71-db6f4f5700e1/buywhere-api/data/buy-48198-disk-monitor-2026-06-19T100515Z",
  "source_identifier": "BUY-48198",
  "execution_identifier": "BUY-48198",
  "alert_issue_identifier": "BUY-30808",
  "notes": [
    "free=31.7 GB (34035748864 B) warn<20.0 GB critical<5.0 GB"
  ]
}
[2026-06-19T10:05:15Z] BUY-48198 watchdog complete rc=0
[2026-06-19T10:10:01Z] BUY-48198 watchdog start before_pct=84 free_gb=31.6
[2026-06-19T10:10:01Z] starting workspace=/paperclip/instances/default/workspaces/476c8023-3635-45bb-9f71-db6f4f5700e1/buywhere-api apply=1 keep_hours=48 alert_pct=90
[2026-06-19T10:10:01Z] starting workspace=/paperclip/instances/default/workspaces/3ec8f6dd-1735-4479-9825-a2c42edac34c apply=1 keep_hours=48 alert_pct=90
[2026-06-19T10:10:02Z] BUY-48198 wc cleanup complete rc=0 workspace=all after_pct=84 free_gb=31.6 report=/paperclip/instances/default/workspaces/logs/buy53095_wc_cycle_cleanup_report.json
[2026-06-19T10:10:02Z] starting apply=1 root=/paperclip/instances/default/workspaces log_retention_days=2 run_retention_days=3 heartbeat_retention_min=360 disk_artifact_retention_days=2 alert_pct=90
[2026-06-19T10:10:02Z] skip-undeletable kind=pycache-dir kb=4 path=/paperclip/instances/default/workspaces/7fb55262-e658-45e2-88c0-b0e8ccc5ad6c/scripts/__pycache__
[2026-06-19T10:10:02Z] skip-undeletable kind=pycache-file kb=24 path=/paperclip/instances/default/workspaces/7fb55262-e658-45e2-88c0-b0e8ccc5ad6c/scripts/__pycache__/ingested_marker.cpython-312.pyc
[2026-06-19T10:10:02Z] skip-undeletable kind=pycache-file kb=37 path=/paperclip/instances/default/workspaces/7fb55262-e658-45e2-88c0-b0e8ccc5ad6c/scripts/__pycache__/ingest_buy30620_lanes.cpython-312.pyc
[2026-06-19T10:10:08Z] skip-undeletable kind=pycache-dir kb=4 path=/paperclip/instances/default/workspaces/3ec8f6dd-1735-4479-9825-a2c42edac34c/scripts/__pycache__
[2026-06-19T10:10:08Z] skip-undeletable kind=pycache-file kb=26 path=/paperclip/instances/default/workspaces/3ec8f6dd-1735-4479-9825-a2c42edac34c/scripts/__pycache__/ingest_buy30620_lanes.cpython-312.pyc
[2026-06-19T10:10:08Z] deleted kind=cycle-log kb=1 path=/paperclip/instances/default/workspaces/3ec8f6dd-1735-4479-9825-a2c42edac34c/logs/buy31015-deep-supervisor-20260616T100802Z.log
[2026-06-19T10:10:09Z] deleted kind=disk-monitor-dir kb=4 path=/paperclip/instances/default/workspaces/8ca957f8-0911-4e81-a963-e2cf54c97d44/data/buy-48198-disk-monitor-2026-06-16T101001Z
[2026-06-19T10:10:15Z] summary apply=1 scanned=15 removed=2 skipped_undeletable=5 failed=0 reclaimed_kb=5 report=/paperclip/instances/default/workspaces/logs/buy53114_worker_wc_cycle_cleanup_report.json
[2026-06-19T10:10:15Z] BUY-53114 worker cleanup complete rc=0 after_pct=84 free_gb=31.6 report=/paperclip/instances/default/workspaces/logs/buy53114_worker_wc_cycle_cleanup_report.json
{
  "generated_at": "2026-06-19T10:10:15.988Z",
  "status": "PASS",
  "blocked_reason": null,
  "filesystem": "/dev/vda1",
  "mount_path": "/",
  "free_bytes": 33954557952,
  "total_bytes": 206900281344,
  "warn_bytes": 21474836480,
  "critical_bytes": 5368709120,
  "consecutive_critical": 0,
  "consecutive_required": 1,
  "cooldown_ms": 14400000,
  "last_incident_id": null,
  "last_incident_identifier": null,
  "last_incident_at": null,
  "incident": null,
  "snapshot_dir": "/paperclip/instances/default/workspaces/476c8023-3635-45bb-9f71-db6f4f5700e1/buywhere-api/data/buy-48198-disk-monitor-2026-06-19T101015Z",
  "source_identifier": "BUY-48198",
  "execution_identifier": "BUY-48198",
  "alert_issue_identifier": "BUY-30808",
  "notes": [
    "free=31.6 GB (33954557952 B) warn<20.0 GB critical<5.0 GB"
  ]
}
[2026-06-19T10:10:16Z] BUY-48198 watchdog complete rc=0
[2026-06-19T10:15:01Z] BUY-48198 watchdog start before_pct=84 free_gb=31.5
[2026-06-19T10:15:01Z] starting workspace=/paperclip/instances/default/workspaces/476c8023-3635-45bb-9f71-db6f4f5700e1/buywhere-api apply=1 keep_hours=48 alert_pct=90
[2026-06-19T10:15:01Z] starting workspace=/paperclip/instances/default/workspaces/3ec8f6dd-1735-4479-9825-a2c42edac34c apply=1 keep_hours=48 alert_pct=90
[2026-06-19T10:15:02Z] BUY-48198 wc cleanup complete rc=0 workspace=all after_pct=84 free_gb=31.5 report=/paperclip/instances/default/workspaces/logs/buy53095_wc_cycle_cleanup_report.json
[2026-06-19T10:15:02Z] starting apply=1 root=/paperclip/instances/default/workspaces log_retention_days=2 run_retention_days=3 heartbeat_retention_min=360 disk_artifact_retention_days=2 alert_pct=90
[2026-06-19T10:15:02Z] skip-undeletable kind=pycache-dir kb=4 path=/paperclip/instances/default/workspaces/7fb55262-e658-45e2-88c0-b0e8ccc5ad6c/scripts/__pycache__
[2026-06-19T10:15:02Z] skip-undeletable kind=pycache-file kb=24 path=/paperclip/instances/default/workspaces/7fb55262-e658-45e2-88c0-b0e8ccc5ad6c/scripts/__pycache__/ingested_marker.cpython-312.pyc
[2026-06-19T10:15:02Z] skip-undeletable kind=pycache-file kb=37 path=/paperclip/instances/default/workspaces/7fb55262-e658-45e2-88c0-b0e8ccc5ad6c/scripts/__pycache__/ingest_buy30620_lanes.cpython-312.pyc
[2026-06-19T10:15:07Z] skip-undeletable kind=pycache-dir kb=4 path=/paperclip/instances/default/workspaces/3ec8f6dd-1735-4479-9825-a2c42edac34c/scripts/__pycache__
[2026-06-19T10:15:08Z] skip-undeletable kind=pycache-file kb=26 path=/paperclip/instances/default/workspaces/3ec8f6dd-1735-4479-9825-a2c42edac34c/scripts/__pycache__/ingest_buy30620_lanes.cpython-312.pyc
[2026-06-19T10:15:08Z] deleted kind=disk-monitor-dir kb=4 path=/paperclip/instances/default/workspaces/8ca957f8-0911-4e81-a963-e2cf54c97d44/data/buy-48198-disk-monitor-2026-06-16T101501Z
[2026-06-19T10:15:10Z] deleted kind=pycache-dir kb=4 path=/paperclip/instances/default/workspaces/69c8da36-58c5-418c-8e0d-329089c80ff1/wt-os1092-waitlist-delete/backend/app/routers/__pycache__
[2026-06-19T10:15:10Z] deleted kind=pycache-dir kb=4 path=/paperclip/instances/default/workspaces/69c8da36-58c5-418c-8e0d-329089c80ff1/wt-os1092-waitlist-delete/backend/app/__pycache__
[2026-06-19T10:15:10Z] deleted kind=pycache-dir kb=4 path=/paperclip/instances/default/workspaces/69c8da36-58c5-418c-8e0d-329089c80ff1/wt-os1176-resend-wire/backend/app/__pycache__
[2026-06-19T10:15:10Z] deleted kind=pycache-dir kb=4 path=/paperclip/instances/default/workspaces/69c8da36-58c5-418c-8e0d-329089c80ff1/wt-os1176-resend-wire/backend/tests/__pycache__
[2026-06-19T10:15:10Z] deleted kind=pycache-dir kb=4 path=/paperclip/instances/default/workspaces/69c8da36-58c5-418c-8e0d-329089c80ff1/wt-os1211-reconcile/backend/app/__pycache__
[2026-06-19T10:15:15Z] summary apply=1 scanned=19 removed=6 skipped_undeletable=5 failed=0 reclaimed_kb=24 report=/paperclip/instances/default/workspaces/logs/buy53114_worker_wc_cycle_cleanup_report.json
[2026-06-19T10:15:15Z] BUY-53114 worker cleanup complete rc=0 after_pct=84 free_gb=31.5 report=/paperclip/instances/default/workspaces/logs/buy53114_worker_wc_cycle_cleanup_report.json
{
  "generated_at": "2026-06-19T10:15:15.757Z",
  "status": "PASS",
  "blocked_reason": null,
  "filesystem": "/dev/vda1",
  "mount_path": "/",
  "free_bytes": 33871814656,
  "total_bytes": 206900281344,
  "warn_bytes": 21474836480,
  "critical_bytes": 5368709120,
  "consecutive_critical": 0,
  "consecutive_required": 1,
  "cooldown_ms": 14400000,
  "last_incident_id": null,
  "last_incident_identifier": null,
  "last_incident_at": null,
  "incident": null,
  "snapshot_dir": "/paperclip/instances/default/workspaces/476c8023-3635-45bb-9f71-db6f4f5700e1/buywhere-api/data/buy-48198-disk-monitor-2026-06-19T101515Z",
  "source_identifier": "BUY-48198",
  "execution_identifier": "BUY-48198",
  "alert_issue_identifier": "BUY-30808",
  "notes": [
    "free=31.5 GB (33871814656 B) warn<20.0 GB critical<5.0 GB"
  ]
}
[2026-06-19T10:15:15Z] BUY-48198 watchdog complete rc=0
[2026-06-19T10:20:01Z] BUY-48198 watchdog start before_pct=84 free_gb=31.6
[2026-06-19T10:20:01Z] starting workspace=/paperclip/instances/default/workspaces/476c8023-3635-45bb-9f71-db6f4f5700e1/buywhere-api apply=1 keep_hours=48 alert_pct=90
[2026-06-19T10:20:01Z] starting workspace=/paperclip/instances/default/workspaces/3ec8f6dd-1735-4479-9825-a2c42edac34c apply=1 keep_hours=48 alert_pct=90
[2026-06-19T10:20:01Z] BUY-48198 wc cleanup complete rc=0 workspace=all after_pct=84 free_gb=31.6 report=/paperclip/instances/default/workspaces/logs/buy53095_wc_cycle_cleanup_report.json
[2026-06-19T10:20:01Z] starting apply=1 root=/paperclip/instances/default/workspaces log_retention_days=2 run_retention_days=3 heartbeat_retention_min=360 disk_artifact_retention_days=2 alert_pct=90
[2026-06-19T10:20:01Z] skip-undeletable kind=pycache-dir kb=4 path=/paperclip/instances/default/workspaces/7fb55262-e658-45e2-88c0-b0e8ccc5ad6c/scripts/__pycache__
[2026-06-19T10:20:01Z] skip-undeletable kind=pycache-file kb=24 path=/paperclip/instances/default/workspaces/7fb55262-e658-45e2-88c0-b0e8ccc5ad6c/scripts/__pycache__/ingested_marker.cpython-312.pyc
[2026-06-19T10:20:01Z] skip-undeletable kind=pycache-file kb=37 path=/paperclip/instances/default/workspaces/7fb55262-e658-45e2-88c0-b0e8ccc5ad6c/scripts/__pycache__/ingest_buy30620_lanes.cpython-312.pyc
[2026-06-19T10:20:08Z] skip-undeletable kind=pycache-dir kb=4 path=/paperclip/instances/default/workspaces/3ec8f6dd-1735-4479-9825-a2c42edac34c/scripts/__pycache__
[2026-06-19T10:20:08Z] skip-undeletable kind=pycache-file kb=26 path=/paperclip/instances/default/workspaces/3ec8f6dd-1735-4479-9825-a2c42edac34c/scripts/__pycache__/ingest_buy30620_lanes.cpython-312.pyc
[2026-06-19T10:20:08Z] deleted kind=cycle-log kb=1 path=/paperclip/instances/default/workspaces/3ec8f6dd-1735-4479-9825-a2c42edac34c/logs/buy31015-deep-supervisor-20260616T101602Z.log
[2026-06-19T10:20:09Z] deleted kind=disk-monitor-dir kb=4 path=/paperclip/instances/default/workspaces/8ca957f8-0911-4e81-a963-e2cf54c97d44/data/buy-48198-disk-monitor-2026-06-16T102001Z
[2026-06-19T10:20:16Z] summary apply=1 scanned=15 removed=2 skipped_undeletable=5 failed=0 reclaimed_kb=5 report=/paperclip/instances/default/workspaces/logs/buy53114_worker_wc_cycle_cleanup_report.json
[2026-06-19T10:20:16Z] BUY-53114 worker cleanup complete rc=0 after_pct=84 free_gb=31.6 report=/paperclip/instances/default/workspaces/logs/buy53114_worker_wc_cycle_cleanup_report.json
{
  "generated_at": "2026-06-19T10:20:16.667Z",
  "status": "PASS",
  "blocked_reason": null,
  "filesystem": "/dev/vda1",
  "mount_path": "/",
  "free_bytes": 33950113792,
  "total_bytes": 206900281344,
  "warn_bytes": 21474836480,
  "critical_bytes": 5368709120,
  "consecutive_critical": 0,
  "consecutive_required": 1,
  "cooldown_ms": 14400000,
  "last_incident_id": null,
  "last_incident_identifier": null,
  "last_incident_at": null,
  "incident": null,
  "snapshot_dir": "/paperclip/instances/default/workspaces/476c8023-3635-45bb-9f71-db6f4f5700e1/buywhere-api/data/buy-48198-disk-monitor-2026-06-19T102016Z",
  "source_identifier": "BUY-48198",
  "execution_identifier": "BUY-48198",
  "alert_issue_identifier": "BUY-30808",
  "notes": [
    "free=31.6 GB (33950113792 B) warn<20.0 GB critical<5.0 GB"
  ]
}
[2026-06-19T10:20:16Z] BUY-48198 watchdog complete rc=0
[2026-06-19T10:25:01Z] BUY-48198 watchdog start before_pct=84 free_gb=31.5
[2026-06-19T10:25:01Z] starting workspace=/paperclip/instances/default/workspaces/476c8023-3635-45bb-9f71-db6f4f5700e1/buywhere-api apply=1 keep_hours=48 alert_pct=90
[2026-06-19T10:25:01Z] starting workspace=/paperclip/instances/default/workspaces/3ec8f6dd-1735-4479-9825-a2c42edac34c apply=1 keep_hours=48 alert_pct=90
[2026-06-19T10:25:02Z] BUY-48198 wc cleanup complete rc=0 workspace=all after_pct=84 free_gb=31.5 report=/paperclip/instances/default/workspaces/logs/buy53095_wc_cycle_cleanup_report.json
[2026-06-19T10:25:02Z] starting apply=1 root=/paperclip/instances/default/workspaces log_retention_days=2 run_retention_days=3 heartbeat_retention_min=360 disk_artifact_retention_days=2 alert_pct=90
[2026-06-19T10:25:02Z] skip-undeletable kind=pycache-dir kb=4 path=/paperclip/instances/default/workspaces/7fb55262-e658-45e2-88c0-b0e8ccc5ad6c/scripts/__pycache__
[2026-06-19T10:25:02Z] skip-undeletable kind=pycache-file kb=24 path=/paperclip/instances/default/workspaces/7fb55262-e658-45e2-88c0-b0e8ccc5ad6c/scripts/__pycache__/ingested_marker.cpython-312.pyc
[2026-06-19T10:25:02Z] skip-undeletable kind=pycache-file kb=37 path=/paperclip/instances/default/workspaces/7fb55262-e658-45e2-88c0-b0e8ccc5ad6c/scripts/__pycache__/ingest_buy30620_lanes.cpython-312.pyc
[2026-06-19T10:25:05Z] deleted kind=stale-pid kb=1 path=/paperclip/instances/default/workspaces/476c8023-3635-45bb-9f71-db6f4f5700e1/buywhere-api/data/.buy31015-deep-page.pid
[2026-06-19T10:25:08Z] skip-undeletable kind=pycache-dir kb=4 path=/paperclip/instances/default/workspaces/3ec8f6dd-1735-4479-9825-a2c42edac34c/scripts/__pycache__
[2026-06-19T10:25:08Z] skip-undeletable kind=pycache-file kb=26 path=/paperclip/instances/default/workspaces/3ec8f6dd-1735-4479-9825-a2c42edac34c/scripts/__pycache__/ingest_buy30620_lanes.cpython-312.pyc
[2026-06-19T10:25:08Z] deleted kind=cycle-log kb=1 path=/paperclip/instances/default/workspaces/3ec8f6dd-1735-4479-9825-a2c42edac34c/logs/buy31015-deep-supervisor-20260616T102401Z.log
[2026-06-19T10:25:09Z] deleted kind=disk-monitor-dir kb=4 path=/paperclip/instances/default/workspaces/8ca957f8-0911-4e81-a963-e2cf54c97d44/data/buy-48198-disk-monitor-2026-06-16T102502Z
[2026-06-19T10:25:10Z] deleted kind=pycache-file kb=21 path=/paperclip/instances/default/workspaces/69c8da36-58c5-418c-8e0d-329089c80ff1/wt-os1176-resend-wire-on-orch/backend/tests/__pycache__/test_telegram_webhook.cpython-312-pytest-9.0.3.pyc
[2026-06-19T10:25:10Z] deleted kind=pycache-file kb=17 path=/paperclip/instances/default/workspaces/69c8da36-58c5-418c-8e0d-329089c80ff1/wt-os1176-resend-wire-on-orch/backend/tests/__pycache__/test_live_integration.cpython-312-pytest-9.0.3.pyc
[2026-06-19T10:25:16Z] summary apply=1 scanned=18 removed=5 skipped_undeletable=5 failed=0 reclaimed_kb=44 report=/paperclip/instances/default/workspaces/logs/buy53114_worker_wc_cycle_cleanup_report.json
[2026-06-19T10:25:16Z] BUY-53114 worker cleanup complete rc=0 after_pct=84 free_gb=31.5 report=/paperclip/instances/default/workspaces/logs/buy53114_worker_wc_cycle_cleanup_report.json
{
  "generated_at": "2026-06-19T10:25:16.896Z",
  "status": "PASS",
  "blocked_reason": null,
  "filesystem": "/dev/vda1",
  "mount_path": "/",
  "free_bytes": 33854251008,
  "total_bytes": 206900281344,
  "warn_bytes": 21474836480,
  "critical_bytes": 5368709120,
  "consecutive_critical": 0,
  "consecutive_required": 1,
  "cooldown_ms": 14400000,
  "last_incident_id": null,
  "last_incident_identifier": null,
  "last_incident_at": null,
  "incident": null,
  "snapshot_dir": "/paperclip/instances/default/workspaces/476c8023-3635-45bb-9f71-db6f4f5700e1/buywhere-api/data/buy-48198-disk-monitor-2026-06-19T102516Z",
  "source_identifier": "BUY-48198",
  "execution_identifier": "BUY-48198",
  "alert_issue_identifier": "BUY-30808",
  "notes": [
    "free=31.5 GB (33854251008 B) warn<20.0 GB critical<5.0 GB"
  ]
}
[2026-06-19T10:25:16Z] BUY-48198 watchdog complete rc=0
[2026-06-19T10:30:01Z] BUY-48198 watchdog start before_pct=84 free_gb=31.3
[2026-06-19T10:30:01Z] starting workspace=/paperclip/instances/default/workspaces/476c8023-3635-45bb-9f71-db6f4f5700e1/buywhere-api apply=1 keep_hours=48 alert_pct=90
[2026-06-19T10:30:01Z] starting workspace=/paperclip/instances/default/workspaces/3ec8f6dd-1735-4479-9825-a2c42edac34c apply=1 keep_hours=48 alert_pct=90
[2026-06-19T10:30:02Z] BUY-48198 wc cleanup complete rc=0 workspace=all after_pct=84 free_gb=31.3 report=/paperclip/instances/default/workspaces/logs/buy53095_wc_cycle_cleanup_report.json
[2026-06-19T10:30:02Z] starting apply=1 root=/paperclip/instances/default/workspaces log_retention_days=2 run_retention_days=3 heartbeat_retention_min=360 disk_artifact_retention_days=2 alert_pct=90
[2026-06-19T10:30:02Z] skip-undeletable kind=pycache-dir kb=4 path=/paperclip/instances/default/workspaces/7fb55262-e658-45e2-88c0-b0e8ccc5ad6c/scripts/__pycache__
[2026-06-19T10:30:02Z] skip-undeletable kind=pycache-file kb=24 path=/paperclip/instances/default/workspaces/7fb55262-e658-45e2-88c0-b0e8ccc5ad6c/scripts/__pycache__/ingested_marker.cpython-312.pyc
[2026-06-19T10:30:02Z] skip-undeletable kind=pycache-file kb=37 path=/paperclip/instances/default/workspaces/7fb55262-e658-45e2-88c0-b0e8ccc5ad6c/scripts/__pycache__/ingest_buy30620_lanes.cpython-312.pyc
[2026-06-19T10:30:08Z] skip-undeletable kind=pycache-dir kb=4 path=/paperclip/instances/default/workspaces/3ec8f6dd-1735-4479-9825-a2c42edac34c/scripts/__pycache__
[2026-06-19T10:30:08Z] skip-undeletable kind=pycache-file kb=26 path=/paperclip/instances/default/workspaces/3ec8f6dd-1735-4479-9825-a2c42edac34c/scripts/__pycache__/ingest_buy30620_lanes.cpython-312.pyc
[2026-06-19T10:30:09Z] deleted kind=disk-monitor-dir kb=4 path=/paperclip/instances/default/workspaces/8ca957f8-0911-4e81-a963-e2cf54c97d44/data/buy-48198-disk-monitor-2026-06-16T103001Z
[2026-06-19T10:30:14Z] deleted kind=pycache-dir kb=4 path=/paperclip/instances/default/workspaces/19dcd635-1d2b-4e41-9950-5865876e12b2/scripts/__pycache__
[2026-06-19T10:30:16Z] summary apply=1 scanned=15 removed=2 skipped_undeletable=5 failed=0 reclaimed_kb=8 report=/paperclip/instances/default/workspaces/logs/buy53114_worker_wc_cycle_cleanup_report.json
[2026-06-19T10:30:16Z] BUY-53114 worker cleanup complete rc=0 after_pct=84 free_gb=31.2 report=/paperclip/instances/default/workspaces/logs/buy53114_worker_wc_cycle_cleanup_report.json
{
  "generated_at": "2026-06-19T10:30:16.890Z",
  "status": "PASS",
  "blocked_reason": null,
  "filesystem": "/dev/vda1",
  "mount_path": "/",
  "free_bytes": 33549627392,
  "total_bytes": 206900281344,
  "warn_bytes": 21474836480,
  "critical_bytes": 5368709120,
  "consecutive_critical": 0,
  "consecutive_required": 1,
  "cooldown_ms": 14400000,
  "last_incident_id": null,
  "last_incident_identifier": null,
  "last_incident_at": null,
  "incident": null,
  "snapshot_dir": "/paperclip/instances/default/workspaces/476c8023-3635-45bb-9f71-db6f4f5700e1/buywhere-api/data/buy-48198-disk-monitor-2026-06-19T103016Z",
  "source_identifier": "BUY-48198",
  "execution_identifier": "BUY-48198",
  "alert_issue_identifier": "BUY-30808",
  "notes": [
    "free=31.2 GB (33549627392 B) warn<20.0 GB critical<5.0 GB"
  ]
}
[2026-06-19T10:30:16Z] BUY-48198 watchdog complete rc=0
[2026-06-19T10:35:01Z] BUY-48198 watchdog start before_pct=85 free_gb=30.2
[2026-06-19T10:35:01Z] starting workspace=/paperclip/instances/default/workspaces/476c8023-3635-45bb-9f71-db6f4f5700e1/buywhere-api apply=1 keep_hours=48 alert_pct=90
[2026-06-19T10:35:01Z] starting workspace=/paperclip/instances/default/workspaces/3ec8f6dd-1735-4479-9825-a2c42edac34c apply=1 keep_hours=48 alert_pct=90
[2026-06-19T10:35:01Z] BUY-48198 wc cleanup complete rc=0 workspace=all after_pct=85 free_gb=30.2 report=/paperclip/instances/default/workspaces/logs/buy53095_wc_cycle_cleanup_report.json
[2026-06-19T10:35:01Z] starting apply=1 root=/paperclip/instances/default/workspaces log_retention_days=2 run_retention_days=3 heartbeat_retention_min=360 disk_artifact_retention_days=2 alert_pct=90
[2026-06-19T10:35:01Z] skip-undeletable kind=pycache-dir kb=4 path=/paperclip/instances/default/workspaces/7fb55262-e658-45e2-88c0-b0e8ccc5ad6c/scripts/__pycache__
[2026-06-19T10:35:01Z] skip-undeletable kind=pycache-file kb=24 path=/paperclip/instances/default/workspaces/7fb55262-e658-45e2-88c0-b0e8ccc5ad6c/scripts/__pycache__/ingested_marker.cpython-312.pyc
[2026-06-19T10:35:01Z] skip-undeletable kind=pycache-file kb=37 path=/paperclip/instances/default/workspaces/7fb55262-e658-45e2-88c0-b0e8ccc5ad6c/scripts/__pycache__/ingest_buy30620_lanes.cpython-312.pyc
[2026-06-19T10:35:07Z] skip-undeletable kind=pycache-dir kb=4 path=/paperclip/instances/default/workspaces/3ec8f6dd-1735-4479-9825-a2c42edac34c/scripts/__pycache__
[2026-06-19T10:35:07Z] skip-undeletable kind=pycache-file kb=26 path=/paperclip/instances/default/workspaces/3ec8f6dd-1735-4479-9825-a2c42edac34c/scripts/__pycache__/ingest_buy30620_lanes.cpython-312.pyc
[2026-06-19T10:35:07Z] deleted kind=cycle-log kb=1 path=/paperclip/instances/default/workspaces/3ec8f6dd-1735-4479-9825-a2c42edac34c/logs/buy31015-deep-supervisor-20260616T103202Z.log
[2026-06-19T10:35:08Z] deleted kind=disk-monitor-dir kb=4 path=/paperclip/instances/default/workspaces/8ca957f8-0911-4e81-a963-e2cf54c97d44/data/buy-48198-disk-monitor-2026-06-16T103501Z
[2026-06-19T10:35:15Z] summary apply=1 scanned=15 removed=2 skipped_undeletable=5 failed=0 reclaimed_kb=5 report=/paperclip/instances/default/workspaces/logs/buy53114_worker_wc_cycle_cleanup_report.json
[2026-06-19T10:35:15Z] BUY-53114 worker cleanup complete rc=0 after_pct=85 free_gb=30.1 report=/paperclip/instances/default/workspaces/logs/buy53114_worker_wc_cycle_cleanup_report.json
{
  "generated_at": "2026-06-19T10:35:15.611Z",
  "status": "PASS",
  "blocked_reason": null,
  "filesystem": "/dev/vda1",
  "mount_path": "/",
  "free_bytes": 32352358400,
  "total_bytes": 206900281344,
  "warn_bytes": 21474836480,
  "critical_bytes": 5368709120,
  "consecutive_critical": 0,
  "consecutive_required": 1,
  "cooldown_ms": 14400000,
  "last_incident_id": null,
  "last_incident_identifier": null,
  "last_incident_at": null,
  "incident": null,
  "snapshot_dir": "/paperclip/instances/default/workspaces/476c8023-3635-45bb-9f71-db6f4f5700e1/buywhere-api/data/buy-48198-disk-monitor-2026-06-19T103515Z",
  "source_identifier": "BUY-48198",
  "execution_identifier": "BUY-48198",
  "alert_issue_identifier": "BUY-30808",
  "notes": [
    "free=30.1 GB (32352358400 B) warn<20.0 GB critical<5.0 GB"
  ]
}
[2026-06-19T10:35:15Z] BUY-48198 watchdog complete rc=0
[2026-06-19T10:40:01Z] BUY-48198 watchdog start before_pct=85 free_gb=29.1
[2026-06-19T10:40:01Z] starting workspace=/paperclip/instances/default/workspaces/476c8023-3635-45bb-9f71-db6f4f5700e1/buywhere-api apply=1 keep_hours=48 alert_pct=90
[2026-06-19T10:40:02Z] starting workspace=/paperclip/instances/default/workspaces/3ec8f6dd-1735-4479-9825-a2c42edac34c apply=1 keep_hours=48 alert_pct=90
[2026-06-19T10:40:02Z] BUY-48198 wc cleanup complete rc=0 workspace=all after_pct=85 free_gb=29.1 report=/paperclip/instances/default/workspaces/logs/buy53095_wc_cycle_cleanup_report.json
[2026-06-19T10:40:02Z] starting apply=1 root=/paperclip/instances/default/workspaces log_retention_days=2 run_retention_days=3 heartbeat_retention_min=360 disk_artifact_retention_days=2 alert_pct=90
[2026-06-19T10:40:02Z] skip-undeletable kind=pycache-dir kb=4 path=/paperclip/instances/default/workspaces/7fb55262-e658-45e2-88c0-b0e8ccc5ad6c/scripts/__pycache__
[2026-06-19T10:40:02Z] skip-undeletable kind=pycache-file kb=24 path=/paperclip/instances/default/workspaces/7fb55262-e658-45e2-88c0-b0e8ccc5ad6c/scripts/__pycache__/ingested_marker.cpython-312.pyc
[2026-06-19T10:40:02Z] skip-undeletable kind=pycache-file kb=37 path=/paperclip/instances/default/workspaces/7fb55262-e658-45e2-88c0-b0e8ccc5ad6c/scripts/__pycache__/ingest_buy30620_lanes.cpython-312.pyc
[2026-06-19T10:40:04Z] deleted kind=pycache-dir kb=4 path=/paperclip/instances/default/workspaces/e08031a9-ed65-4e6f-8965-e6ef556757c7/orchestrator/app/routers/__pycache__
[2026-06-19T10:40:05Z] deleted kind=pycache-file kb=12 path=/paperclip/instances/default/workspaces/e08031a9-ed65-4e6f-8965-e6ef556757c7/orchestrator/app/__pycache__/services.cpython-312.pyc
[2026-06-19T10:40:05Z] deleted kind=pycache-file kb=2 path=/paperclip/instances/default/workspaces/e08031a9-ed65-4e6f-8965-e6ef556757c7/orchestrator/app/__pycache__/database.cpython-312.pyc
[2026-06-19T10:40:05Z] deleted kind=pycache-file kb=3 path=/paperclip/instances/default/workspaces/e08031a9-ed65-4e6f-8965-e6ef556757c7/orchestrator/app/__pycache__/email.cpython-312.pyc
[2026-06-19T10:40:05Z] deleted kind=pycache-file kb=18 path=/paperclip/instances/default/workspaces/e08031a9-ed65-4e6f-8965-e6ef556757c7/orchestrator/app/__pycache__/archetype_engine.cpython-312.pyc
[2026-06-19T10:40:05Z] deleted kind=pycache-file kb=5 path=/paperclip/instances/default/workspaces/e08031a9-ed65-4e6f-8965-e6ef556757c7/orchestrator/app/__pycache__/schemas.cpython-312.pyc
[2026-06-19T10:40:05Z] deleted kind=pycache-file kb=2 path=/paperclip/instances/default/workspaces/e08031a9-ed65-4e6f-8965-e6ef556757c7/orchestrator/app/__pycache__/logging_config.cpython-312.pyc
[2026-06-19T10:40:05Z] deleted kind=pycache-file kb=6 path=/paperclip/instances/default/workspaces/e08031a9-ed65-4e6f-8965-e6ef556757c7/orchestrator/app/__pycache__/config.cpython-312.pyc
[2026-06-19T10:40:05Z] deleted kind=pycache-file kb=28 path=/paperclip/instances/default/workspaces/e08031a9-ed65-4e6f-8965-e6ef556757c7/orchestrator/app/__pycache__/main.cpython-312.pyc
[2026-06-19T10:40:05Z] deleted kind=pycache-file kb=4 path=/paperclip/instances/default/workspaces/e08031a9-ed65-4e6f-8965-e6ef556757c7/orchestrator/app/__pycache__/dependencies.cpython-312.pyc
[2026-06-19T10:40:05Z] deleted kind=pycache-file kb=4 path=/paperclip/instances/default/workspaces/e08031a9-ed65-4e6f-8965-e6ef556757c7/orchestrator/app/__pycache__/models.cpython-312.pyc
[2026-06-19T10:40:05Z] deleted kind=pycache-file kb=3 path=/paperclip/instances/default/workspaces/e08031a9-ed65-4e6f-8965-e6ef556757c7/orchestrator/app/__pycache__/security.cpython-312.pyc
[2026-06-19T10:40:06Z] deleted kind=stale-pid kb=1 path=/paperclip/instances/default/workspaces/476c8023-3635-45bb-9f71-db6f4f5700e1/buywhere-api/data/.buy31015-deep-page.pid
[2026-06-19T10:40:09Z] skip-undeletable kind=pycache-dir kb=4 path=/paperclip/instances/default/workspaces/3ec8f6dd-1735-4479-9825-a2c42edac34c/scripts/__pycache__
[2026-06-19T10:40:09Z] skip-undeletable kind=pycache-file kb=26 path=/paperclip/instances/default/workspaces/3ec8f6dd-1735-4479-9825-a2c42edac34c/scripts/__pycache__/ingest_buy30620_lanes.cpython-312.pyc
[2026-06-19T10:40:10Z] deleted kind=disk-monitor-dir kb=4 path=/paperclip/instances/default/workspaces/8ca957f8-0911-4e81-a963-e2cf54c97d44/data/buy-48198-disk-monitor-2026-06-16T104001Z
[2026-06-19T10:40:17Z] summary apply=1 scanned=27 removed=14 skipped_undeletable=5 failed=0 reclaimed_kb=96 report=/paperclip/instances/default/workspaces/logs/buy53114_worker_wc_cycle_cleanup_report.json
[2026-06-19T10:40:17Z] BUY-53114 worker cleanup complete rc=0 after_pct=85 free_gb=29.0 report=/paperclip/instances/default/workspaces/logs/buy53114_worker_wc_cycle_cleanup_report.json
{
  "generated_at": "2026-06-19T10:40:17.574Z",
  "status": "PASS",
  "blocked_reason": null,
  "filesystem": "/dev/vda1",
  "mount_path": "/",
  "free_bytes": 31173115904,
  "total_bytes": 206900281344,
  "warn_bytes": 21474836480,
  "critical_bytes": 5368709120,
  "consecutive_critical": 0,
  "consecutive_required": 1,
  "cooldown_ms": 14400000,
  "last_incident_id": null,
  "last_incident_identifier": null,
  "last_incident_at": null,
  "incident": null,
  "snapshot_dir": "/paperclip/instances/default/workspaces/476c8023-3635-45bb-9f71-db6f4f5700e1/buywhere-api/data/buy-48198-disk-monitor-2026-06-19T104017Z",
  "source_identifier": "BUY-48198",
  "execution_identifier": "BUY-48198",
  "alert_issue_identifier": "BUY-30808",
  "notes": [
    "free=29.0 GB (31173115904 B) warn<20.0 GB critical<5.0 GB"
  ]
}
[2026-06-19T10:40:17Z] BUY-48198 watchdog complete rc=0
[2026-06-19T10:44:18Z] BUY-48198 watchdog start before_pct=86 free_gb=28.0
[2026-06-19T10:44:18Z] starting workspace=/paperclip/instances/default/workspaces/476c8023-3635-45bb-9f71-db6f4f5700e1/buywhere-api apply=1 keep_hours=48 alert_pct=90
[2026-06-19T10:44:18Z] starting workspace=/paperclip/instances/default/workspaces/3ec8f6dd-1735-4479-9825-a2c42edac34c apply=1 keep_hours=48 alert_pct=90
[2026-06-19T10:44:18Z] BUY-48198 wc cleanup complete rc=0 workspace=all after_pct=86 free_gb=28.0 report=/paperclip/instances/default/workspaces/logs/buy53095_wc_cycle_cleanup_report.json
[2026-06-19T10:44:18Z] starting apply=1 root=/paperclip/instances/default/workspaces log_retention_days=2 run_retention_days=3 heartbeat_retention_min=360 disk_artifact_retention_days=2 alert_pct=90
[2026-06-19T10:44:18Z] skip-undeletable kind=pycache-dir kb=4 path=/paperclip/instances/default/workspaces/7fb55262-e658-45e2-88c0-b0e8ccc5ad6c/scripts/__pycache__
[2026-06-19T10:44:18Z] skip-undeletable kind=pycache-file kb=24 path=/paperclip/instances/default/workspaces/7fb55262-e658-45e2-88c0-b0e8ccc5ad6c/scripts/__pycache__/ingested_marker.cpython-312.pyc
[2026-06-19T10:44:18Z] skip-undeletable kind=pycache-file kb=37 path=/paperclip/instances/default/workspaces/7fb55262-e658-45e2-88c0-b0e8ccc5ad6c/scripts/__pycache__/ingest_buy30620_lanes.cpython-312.pyc
[2026-06-19T10:44:21Z] deleted kind=stale-pid kb=1 path=/paperclip/instances/default/workspaces/476c8023-3635-45bb-9f71-db6f4f5700e1/buywhere-api/data/.buy31015-deep-page.pid
[2026-06-19T10:44:24Z] skip-undeletable kind=pycache-dir kb=4 path=/paperclip/instances/default/workspaces/3ec8f6dd-1735-4479-9825-a2c42edac34c/scripts/__pycache__
[2026-06-19T10:44:24Z] skip-undeletable kind=pycache-file kb=26 path=/paperclip/instances/default/workspaces/3ec8f6dd-1735-4479-9825-a2c42edac34c/scripts/__pycache__/ingest_buy30620_lanes.cpython-312.pyc
[2026-06-19T10:44:24Z] deleted kind=cycle-log kb=1 path=/paperclip/instances/default/workspaces/3ec8f6dd-1735-4479-9825-a2c42edac34c/logs/buy31015-deep-supervisor-20260616T104001Z.log
[2026-06-19T10:44:26Z] deleted kind=pycache-file kb=12 path=/paperclip/instances/default/workspaces/69c8da36-58c5-418c-8e0d-329089c80ff1/wt-os1176-resend-wire-on-orch/backend/app/__pycache__/services.cpython-312.pyc
[2026-06-19T10:44:26Z] deleted kind=pycache-file kb=5 path=/paperclip/instances/default/workspaces/69c8da36-58c5-418c-8e0d-329089c80ff1/wt-os1176-resend-wire-on-orch/backend/app/__pycache__/schemas.cpython-312.pyc
[2026-06-19T10:44:26Z] deleted kind=pycache-file kb=31 path=/paperclip/instances/default/workspaces/69c8da36-58c5-418c-8e0d-329089c80ff1/wt-os1176-resend-wire-on-orch/backend/app/__pycache__/main.cpython-312.pyc
[2026-06-19T10:44:32Z] summary apply=1 scanned=18 removed=5 skipped_undeletable=5 failed=0 reclaimed_kb=50 report=/paperclip/instances/default/workspaces/logs/buy53114_worker_wc_cycle_cleanup_report.json
[2026-06-19T10:44:32Z] BUY-53114 worker cleanup complete rc=0 after_pct=86 free_gb=28.0 report=/paperclip/instances/default/workspaces/logs/buy53114_worker_wc_cycle_cleanup_report.json
{
  "generated_at": "2026-06-19T10:44:32.749Z",
  "status": "PASS",
  "blocked_reason": null,
  "filesystem": "/dev/vda1",
  "mount_path": "/",
  "free_bytes": 30065672192,
  "total_bytes": 206900281344,
  "warn_bytes": 21474836480,
  "critical_bytes": 5368709120,
  "consecutive_critical": 0,
  "consecutive_required": 1,
  "cooldown_ms": 14400000,
  "last_incident_id": null,
  "last_incident_identifier": null,
  "last_incident_at": null,
  "incident": null,
  "snapshot_dir": "/paperclip/instances/default/workspaces/476c8023-3635-45bb-9f71-db6f4f5700e1/buywhere-api/data/buy-53519-disk-monitor-2026-06-19T104418Z",
  "source_identifier": "BUY-48198",
  "execution_identifier": "BUY-53519",
  "alert_issue_identifier": "BUY-30808",
  "notes": [
    "free=28.0 GB (30065672192 B) warn<20.0 GB critical<5.0 GB"
  ]
}
[2026-06-19T10:44:32Z] BUY-48198 watchdog complete rc=0
[2026-06-19T10:45:01Z] BUY-48198 watchdog start before_pct=86 free_gb=27.8
[2026-06-19T10:45:01Z] starting workspace=/paperclip/instances/default/workspaces/476c8023-3635-45bb-9f71-db6f4f5700e1/buywhere-api apply=1 keep_hours=48 alert_pct=90
[2026-06-19T10:45:01Z] starting workspace=/paperclip/instances/default/workspaces/3ec8f6dd-1735-4479-9825-a2c42edac34c apply=1 keep_hours=48 alert_pct=90
[2026-06-19T10:45:01Z] BUY-48198 wc cleanup complete rc=0 workspace=all after_pct=86 free_gb=27.8 report=/paperclip/instances/default/workspaces/logs/buy53095_wc_cycle_cleanup_report.json
[2026-06-19T10:45:01Z] starting apply=1 root=/paperclip/instances/default/workspaces log_retention_days=2 run_retention_days=3 heartbeat_retention_min=360 disk_artifact_retention_days=2 alert_pct=90
[2026-06-19T10:45:01Z] skip-undeletable kind=pycache-dir kb=4 path=/paperclip/instances/default/workspaces/7fb55262-e658-45e2-88c0-b0e8ccc5ad6c/scripts/__pycache__
[2026-06-19T10:45:01Z] skip-undeletable kind=pycache-file kb=24 path=/paperclip/instances/default/workspaces/7fb55262-e658-45e2-88c0-b0e8ccc5ad6c/scripts/__pycache__/ingested_marker.cpython-312.pyc
[2026-06-19T10:45:01Z] skip-undeletable kind=pycache-file kb=37 path=/paperclip/instances/default/workspaces/7fb55262-e658-45e2-88c0-b0e8ccc5ad6c/scripts/__pycache__/ingest_buy30620_lanes.cpython-312.pyc
[2026-06-19T10:45:07Z] skip-undeletable kind=pycache-dir kb=4 path=/paperclip/instances/default/workspaces/3ec8f6dd-1735-4479-9825-a2c42edac34c/scripts/__pycache__
[2026-06-19T10:45:07Z] skip-undeletable kind=pycache-file kb=26 path=/paperclip/instances/default/workspaces/3ec8f6dd-1735-4479-9825-a2c42edac34c/scripts/__pycache__/ingest_buy30620_lanes.cpython-312.pyc
[2026-06-19T10:45:08Z] deleted kind=disk-monitor-dir kb=4 path=/paperclip/instances/default/workspaces/8ca957f8-0911-4e81-a963-e2cf54c97d44/data/buy-48198-disk-monitor-2026-06-16T104501Z
[2026-06-19T10:45:16Z] summary apply=1 scanned=14 removed=1 skipped_undeletable=5 failed=0 reclaimed_kb=4 report=/paperclip/instances/default/workspaces/logs/buy53114_worker_wc_cycle_cleanup_report.json
[2026-06-19T10:45:16Z] BUY-53114 worker cleanup complete rc=0 after_pct=86 free_gb=27.8 report=/paperclip/instances/default/workspaces/logs/buy53114_worker_wc_cycle_cleanup_report.json
{
  "generated_at": "2026-06-19T10:45:16.082Z",
  "status": "PASS",
  "blocked_reason": null,
  "filesystem": "/dev/vda1",
  "mount_path": "/",
  "free_bytes": 29865517056,
  "total_bytes": 206900281344,
  "warn_bytes": 21474836480,
  "critical_bytes": 5368709120,
  "consecutive_critical": 0,
  "consecutive_required": 1,
  "cooldown_ms": 14400000,
  "last_incident_id": null,
  "last_incident_identifier": null,
  "last_incident_at": null,
  "incident": null,
  "snapshot_dir": "/paperclip/instances/default/workspaces/476c8023-3635-45bb-9f71-db6f4f5700e1/buywhere-api/data/buy-48198-disk-monitor-2026-06-19T104516Z",
  "source_identifier": "BUY-48198",
  "execution_identifier": "BUY-48198",
  "alert_issue_identifier": "BUY-30808",
  "notes": [
    "free=27.8 GB (29865517056 B) warn<20.0 GB critical<5.0 GB"
  ]
}
[2026-06-19T10:45:16Z] BUY-48198 watchdog complete rc=0
[2026-06-19T10:50:01Z] BUY-48198 watchdog start before_pct=87 free_gb=26.7
[2026-06-19T10:50:01Z] starting workspace=/paperclip/instances/default/workspaces/476c8023-3635-45bb-9f71-db6f4f5700e1/buywhere-api apply=1 keep_hours=48 alert_pct=90
[2026-06-19T10:50:01Z] starting workspace=/paperclip/instances/default/workspaces/3ec8f6dd-1735-4479-9825-a2c42edac34c apply=1 keep_hours=48 alert_pct=90
[2026-06-19T10:50:01Z] BUY-48198 wc cleanup complete rc=0 workspace=all after_pct=87 free_gb=26.7 report=/paperclip/instances/default/workspaces/logs/buy53095_wc_cycle_cleanup_report.json
[2026-06-19T10:50:01Z] starting apply=1 root=/paperclip/instances/default/workspaces log_retention_days=2 run_retention_days=3 heartbeat_retention_min=360 disk_artifact_retention_days=2 alert_pct=90
[2026-06-19T10:50:01Z] skip-undeletable kind=pycache-dir kb=4 path=/paperclip/instances/default/workspaces/7fb55262-e658-45e2-88c0-b0e8ccc5ad6c/scripts/__pycache__
[2026-06-19T10:50:01Z] skip-undeletable kind=pycache-file kb=24 path=/paperclip/instances/default/workspaces/7fb55262-e658-45e2-88c0-b0e8ccc5ad6c/scripts/__pycache__/ingested_marker.cpython-312.pyc
[2026-06-19T10:50:01Z] skip-undeletable kind=pycache-file kb=37 path=/paperclip/instances/default/workspaces/7fb55262-e658-45e2-88c0-b0e8ccc5ad6c/scripts/__pycache__/ingest_buy30620_lanes.cpython-312.pyc
[2026-06-19T10:50:04Z] deleted kind=stale-pid kb=1 path=/paperclip/instances/default/workspaces/476c8023-3635-45bb-9f71-db6f4f5700e1/buywhere-api/data/.buy31015-deep-page.pid
[2026-06-19T10:50:07Z] skip-undeletable kind=pycache-dir kb=4 path=/paperclip/instances/default/workspaces/3ec8f6dd-1735-4479-9825-a2c42edac34c/scripts/__pycache__
[2026-06-19T10:50:07Z] skip-undeletable kind=pycache-file kb=26 path=/paperclip/instances/default/workspaces/3ec8f6dd-1735-4479-9825-a2c42edac34c/scripts/__pycache__/ingest_buy30620_lanes.cpython-312.pyc
[2026-06-19T10:50:07Z] deleted kind=cycle-log kb=1 path=/paperclip/instances/default/workspaces/3ec8f6dd-1735-4479-9825-a2c42edac34c/logs/buy31015-deep-supervisor-20260616T104802Z.log
[2026-06-19T10:50:08Z] deleted kind=disk-monitor-dir kb=4 path=/paperclip/instances/default/workspaces/8ca957f8-0911-4e81-a963-e2cf54c97d44/data/buy-48198-disk-monitor-2026-06-16T105001Z
[2026-06-19T10:50:10Z] deleted kind=pycache-file kb=15 path=/paperclip/instances/default/workspaces/69c8da36-58c5-418c-8e0d-329089c80ff1/wt-os1176-resend-wire-on-orch/backend/tests/__pycache__/test_waitlist_entry_delete.cpython-312-pytest-9.0.3.pyc
[2026-06-19T10:50:15Z] summary apply=1 scanned=17 removed=4 skipped_undeletable=5 failed=0 reclaimed_kb=21 report=/paperclip/instances/default/workspaces/logs/buy53114_worker_wc_cycle_cleanup_report.json
[2026-06-19T10:50:15Z] BUY-53114 worker cleanup complete rc=0 after_pct=87 free_gb=26.7 report=/paperclip/instances/default/workspaces/logs/buy53114_worker_wc_cycle_cleanup_report.json
{
  "generated_at": "2026-06-19T10:50:15.586Z",
  "status": "PASS",
  "blocked_reason": null,
  "filesystem": "/dev/vda1",
  "mount_path": "/",
  "free_bytes": 28697554944,
  "total_bytes": 206900281344,
  "warn_bytes": 21474836480,
  "critical_bytes": 5368709120,
  "consecutive_critical": 0,
  "consecutive_required": 1,
  "cooldown_ms": 14400000,
  "last_incident_id": null,
  "last_incident_identifier": null,
  "last_incident_at": null,
  "incident": null,
  "snapshot_dir": "/paperclip/instances/default/workspaces/476c8023-3635-45bb-9f71-db6f4f5700e1/buywhere-api/data/buy-48198-disk-monitor-2026-06-19T105015Z",
  "source_identifier": "BUY-48198",
  "execution_identifier": "BUY-48198",
  "alert_issue_identifier": "BUY-30808",
  "notes": [
    "free=26.7 GB (28697554944 B) warn<20.0 GB critical<5.0 GB"
  ]
}
[2026-06-19T10:50:15Z] BUY-48198 watchdog complete rc=0
[2026-06-19T10:55:01Z] BUY-48198 watchdog start before_pct=87 free_gb=25.9
[2026-06-19T10:55:02Z] starting workspace=/paperclip/instances/default/workspaces/476c8023-3635-45bb-9f71-db6f4f5700e1/buywhere-api apply=1 keep_hours=48 alert_pct=90
[2026-06-19T10:55:02Z] starting workspace=/paperclip/instances/default/workspaces/3ec8f6dd-1735-4479-9825-a2c42edac34c apply=1 keep_hours=48 alert_pct=90
[2026-06-19T10:55:02Z] BUY-48198 wc cleanup complete rc=0 workspace=all after_pct=87 free_gb=25.9 report=/paperclip/instances/default/workspaces/logs/buy53095_wc_cycle_cleanup_report.json
[2026-06-19T10:55:02Z] starting apply=1 root=/paperclip/instances/default/workspaces log_retention_days=2 run_retention_days=3 heartbeat_retention_min=360 disk_artifact_retention_days=2 alert_pct=90
[2026-06-19T10:55:02Z] skip-undeletable kind=pycache-dir kb=4 path=/paperclip/instances/default/workspaces/7fb55262-e658-45e2-88c0-b0e8ccc5ad6c/scripts/__pycache__
[2026-06-19T10:55:02Z] skip-undeletable kind=pycache-file kb=24 path=/paperclip/instances/default/workspaces/7fb55262-e658-45e2-88c0-b0e8ccc5ad6c/scripts/__pycache__/ingested_marker.cpython-312.pyc
[2026-06-19T10:55:02Z] skip-undeletable kind=pycache-file kb=37 path=/paperclip/instances/default/workspaces/7fb55262-e658-45e2-88c0-b0e8ccc5ad6c/scripts/__pycache__/ingest_buy30620_lanes.cpython-312.pyc
[2026-06-19T10:55:04Z] deleted kind=stale-pid kb=1 path=/paperclip/instances/default/workspaces/476c8023-3635-45bb-9f71-db6f4f5700e1/buywhere-api/data/.buy31015-deep-page.pid
[2026-06-19T10:55:08Z] skip-undeletable kind=pycache-dir kb=4 path=/paperclip/instances/default/workspaces/3ec8f6dd-1735-4479-9825-a2c42edac34c/scripts/__pycache__
[2026-06-19T10:55:08Z] skip-undeletable kind=pycache-file kb=26 path=/paperclip/instances/default/workspaces/3ec8f6dd-1735-4479-9825-a2c42edac34c/scripts/__pycache__/ingest_buy30620_lanes.cpython-312.pyc
[2026-06-19T10:55:08Z] deleted kind=disk-monitor-dir kb=4 path=/paperclip/instances/default/workspaces/8ca957f8-0911-4e81-a963-e2cf54c97d44/data/buy-48198-disk-monitor-2026-06-16T105502Z
[2026-06-19T10:55:15Z] summary apply=1 scanned=15 removed=2 skipped_undeletable=5 failed=0 reclaimed_kb=5 report=/paperclip/instances/default/workspaces/logs/buy53114_worker_wc_cycle_cleanup_report.json
[2026-06-19T10:55:15Z] BUY-53114 worker cleanup complete rc=0 after_pct=87 free_gb=25.9 report=/paperclip/instances/default/workspaces/logs/buy53114_worker_wc_cycle_cleanup_report.json
{
  "generated_at": "2026-06-19T10:55:15.684Z",
  "status": "PASS",
  "blocked_reason": null,
  "filesystem": "/dev/vda1",
  "mount_path": "/",
  "free_bytes": 27772661760,
  "total_bytes": 206900281344,
  "warn_bytes": 21474836480,
  "critical_bytes": 5368709120,
  "consecutive_critical": 0,
  "consecutive_required": 1,
  "cooldown_ms": 14400000,
  "last_incident_id": null,
  "last_incident_identifier": null,
  "last_incident_at": null,
  "incident": null,
  "snapshot_dir": "/paperclip/instances/default/workspaces/476c8023-3635-45bb-9f71-db6f4f5700e1/buywhere-api/data/buy-48198-disk-monitor-2026-06-19T105515Z",
  "source_identifier": "BUY-48198",
  "execution_identifier": "BUY-48198",
  "alert_issue_identifier": "BUY-30808",
  "notes": [
    "free=25.9 GB (27772661760 B) warn<20.0 GB critical<5.0 GB"
  ]
}
[2026-06-19T10:55:15Z] BUY-48198 watchdog complete rc=0
[2026-06-19T11:00:01Z] BUY-48198 watchdog start before_pct=88 free_gb=24.9
[2026-06-19T11:00:01Z] starting workspace=/paperclip/instances/default/workspaces/476c8023-3635-45bb-9f71-db6f4f5700e1/buywhere-api apply=1 keep_hours=48 alert_pct=90
[2026-06-19T11:00:01Z] starting workspace=/paperclip/instances/default/workspaces/3ec8f6dd-1735-4479-9825-a2c42edac34c apply=1 keep_hours=48 alert_pct=90
[2026-06-19T11:00:02Z] BUY-48198 wc cleanup complete rc=0 workspace=all after_pct=88 free_gb=24.9 report=/paperclip/instances/default/workspaces/logs/buy53095_wc_cycle_cleanup_report.json
[2026-06-19T11:00:02Z] starting apply=1 root=/paperclip/instances/default/workspaces log_retention_days=2 run_retention_days=3 heartbeat_retention_min=360 disk_artifact_retention_days=2 alert_pct=90
[2026-06-19T11:00:02Z] skip-undeletable kind=pycache-dir kb=4 path=/paperclip/instances/default/workspaces/7fb55262-e658-45e2-88c0-b0e8ccc5ad6c/scripts/__pycache__
[2026-06-19T11:00:02Z] skip-undeletable kind=pycache-file kb=24 path=/paperclip/instances/default/workspaces/7fb55262-e658-45e2-88c0-b0e8ccc5ad6c/scripts/__pycache__/ingested_marker.cpython-312.pyc
[2026-06-19T11:00:02Z] skip-undeletable kind=pycache-file kb=37 path=/paperclip/instances/default/workspaces/7fb55262-e658-45e2-88c0-b0e8ccc5ad6c/scripts/__pycache__/ingest_buy30620_lanes.cpython-312.pyc
[2026-06-19T11:00:05Z] deleted kind=stale-pid kb=1 path=/paperclip/instances/default/workspaces/476c8023-3635-45bb-9f71-db6f4f5700e1/buywhere-api/data/.buy31015-deep-page.pid
[2026-06-19T11:00:08Z] skip-undeletable kind=pycache-dir kb=4 path=/paperclip/instances/default/workspaces/3ec8f6dd-1735-4479-9825-a2c42edac34c/scripts/__pycache__
[2026-06-19T11:00:08Z] skip-undeletable kind=pycache-file kb=26 path=/paperclip/instances/default/workspaces/3ec8f6dd-1735-4479-9825-a2c42edac34c/scripts/__pycache__/ingest_buy30620_lanes.cpython-312.pyc
[2026-06-19T11:00:08Z] deleted kind=cycle-log kb=1 path=/paperclip/instances/default/workspaces/3ec8f6dd-1735-4479-9825-a2c42edac34c/logs/buy31015-deep-supervisor-20260616T105601Z.log
[2026-06-19T11:00:09Z] deleted kind=disk-monitor-dir kb=4 path=/paperclip/instances/default/workspaces/8ca957f8-0911-4e81-a963-e2cf54c97d44/data/buy-48198-disk-monitor-2026-06-16T110001Z
[2026-06-19T11:00:16Z] summary apply=1 scanned=16 removed=3 skipped_undeletable=5 failed=0 reclaimed_kb=6 report=/paperclip/instances/default/workspaces/logs/buy53114_worker_wc_cycle_cleanup_report.json
[2026-06-19T11:00:16Z] BUY-53114 worker cleanup complete rc=0 after_pct=88 free_gb=24.8 report=/paperclip/instances/default/workspaces/logs/buy53114_worker_wc_cycle_cleanup_report.json
{
  "generated_at": "2026-06-19T11:00:16.575Z",
  "status": "PASS",
  "blocked_reason": null,
  "filesystem": "/dev/vda1",
  "mount_path": "/",
  "free_bytes": 26657509376,
  "total_bytes": 206900281344,
  "warn_bytes": 21474836480,
  "critical_bytes": 5368709120,
  "consecutive_critical": 0,
  "consecutive_required": 1,
  "cooldown_ms": 14400000,
  "last_incident_id": null,
  "last_incident_identifier": null,
  "last_incident_at": null,
  "incident": null,
  "snapshot_dir": "/paperclip/instances/default/workspaces/476c8023-3635-45bb-9f71-db6f4f5700e1/buywhere-api/data/buy-48198-disk-monitor-2026-06-19T110016Z",
  "source_identifier": "BUY-48198",
  "execution_identifier": "BUY-48198",
  "alert_issue_identifier": "BUY-30808",
  "notes": [
    "free=24.8 GB (26657509376 B) warn<20.0 GB critical<5.0 GB"
  ]
}
[2026-06-19T11:00:16Z] BUY-48198 watchdog complete rc=0
[2026-06-19T11:05:01Z] BUY-48198 watchdog start before_pct=88 free_gb=24.5
[2026-06-19T11:05:01Z] starting workspace=/paperclip/instances/default/workspaces/476c8023-3635-45bb-9f71-db6f4f5700e1/buywhere-api apply=1 keep_hours=48 alert_pct=90
[2026-06-19T11:05:01Z] starting workspace=/paperclip/instances/default/workspaces/3ec8f6dd-1735-4479-9825-a2c42edac34c apply=1 keep_hours=48 alert_pct=90
[2026-06-19T11:05:02Z] BUY-48198 wc cleanup complete rc=0 workspace=all after_pct=88 free_gb=24.5 report=/paperclip/instances/default/workspaces/logs/buy53095_wc_cycle_cleanup_report.json
[2026-06-19T11:05:02Z] starting apply=1 root=/paperclip/instances/default/workspaces log_retention_days=2 run_retention_days=3 heartbeat_retention_min=360 disk_artifact_retention_days=2 alert_pct=90
[2026-06-19T11:05:02Z] skip-undeletable kind=pycache-dir kb=4 path=/paperclip/instances/default/workspaces/7fb55262-e658-45e2-88c0-b0e8ccc5ad6c/scripts/__pycache__
[2026-06-19T11:05:02Z] skip-undeletable kind=pycache-file kb=24 path=/paperclip/instances/default/workspaces/7fb55262-e658-45e2-88c0-b0e8ccc5ad6c/scripts/__pycache__/ingested_marker.cpython-312.pyc
[2026-06-19T11:05:02Z] skip-undeletable kind=pycache-file kb=37 path=/paperclip/instances/default/workspaces/7fb55262-e658-45e2-88c0-b0e8ccc5ad6c/scripts/__pycache__/ingest_buy30620_lanes.cpython-312.pyc
[2026-06-19T11:05:05Z] deleted kind=stale-pid kb=1 path=/paperclip/instances/default/workspaces/476c8023-3635-45bb-9f71-db6f4f5700e1/buywhere-api/data/.buy31015-deep-page.pid
[2026-06-19T11:05:08Z] skip-undeletable kind=pycache-dir kb=4 path=/paperclip/instances/default/workspaces/3ec8f6dd-1735-4479-9825-a2c42edac34c/scripts/__pycache__
[2026-06-19T11:05:08Z] skip-undeletable kind=pycache-file kb=26 path=/paperclip/instances/default/workspaces/3ec8f6dd-1735-4479-9825-a2c42edac34c/scripts/__pycache__/ingest_buy30620_lanes.cpython-312.pyc
[2026-06-19T11:05:09Z] deleted kind=disk-monitor-dir kb=4 path=/paperclip/instances/default/workspaces/8ca957f8-0911-4e81-a963-e2cf54c97d44/data/buy-48198-disk-monitor-2026-06-16T110501Z
[2026-06-19T11:05:16Z] summary apply=1 scanned=15 removed=2 skipped_undeletable=5 failed=0 reclaimed_kb=5 report=/paperclip/instances/default/workspaces/logs/buy53114_worker_wc_cycle_cleanup_report.json
[2026-06-19T11:05:16Z] BUY-53114 worker cleanup complete rc=0 after_pct=88 free_gb=24.5 report=/paperclip/instances/default/workspaces/logs/buy53114_worker_wc_cycle_cleanup_report.json
{
  "generated_at": "2026-06-19T11:05:16.245Z",
  "status": "PASS",
  "blocked_reason": null,
  "filesystem": "/dev/vda1",
  "mount_path": "/",
  "free_bytes": 26268434432,
  "total_bytes": 206900281344,
  "warn_bytes": 21474836480,
  "critical_bytes": 5368709120,
  "consecutive_critical": 0,
  "consecutive_required": 1,
  "cooldown_ms": 14400000,
  "last_incident_id": null,
  "last_incident_identifier": null,
  "last_incident_at": null,
  "incident": null,
  "snapshot_dir": "/paperclip/instances/default/workspaces/476c8023-3635-45bb-9f71-db6f4f5700e1/buywhere-api/data/buy-48198-disk-monitor-2026-06-19T110516Z",
  "source_identifier": "BUY-48198",
  "execution_identifier": "BUY-48198",
  "alert_issue_identifier": "BUY-30808",
  "notes": [
    "free=24.5 GB (26268434432 B) warn<20.0 GB critical<5.0 GB"
  ]
}
[2026-06-19T11:05:16Z] BUY-48198 watchdog complete rc=0
[2026-06-19T11:10:01Z] BUY-48198 watchdog start before_pct=82 free_gb=35.4
[2026-06-19T11:10:01Z] starting workspace=/paperclip/instances/default/workspaces/476c8023-3635-45bb-9f71-db6f4f5700e1/buywhere-api apply=1 keep_hours=48 alert_pct=90
[2026-06-19T11:10:01Z] starting workspace=/paperclip/instances/default/workspaces/3ec8f6dd-1735-4479-9825-a2c42edac34c apply=1 keep_hours=48 alert_pct=90
[2026-06-19T11:10:02Z] BUY-48198 wc cleanup complete rc=0 workspace=all after_pct=82 free_gb=35.4 report=/paperclip/instances/default/workspaces/logs/buy53095_wc_cycle_cleanup_report.json
[2026-06-19T11:10:02Z] starting apply=1 root=/paperclip/instances/default/workspaces log_retention_days=2 run_retention_days=3 heartbeat_retention_min=360 disk_artifact_retention_days=2 alert_pct=90
[2026-06-19T11:10:02Z] skip-undeletable kind=pycache-dir kb=4 path=/paperclip/instances/default/workspaces/7fb55262-e658-45e2-88c0-b0e8ccc5ad6c/scripts/__pycache__
[2026-06-19T11:10:02Z] skip-undeletable kind=pycache-file kb=24 path=/paperclip/instances/default/workspaces/7fb55262-e658-45e2-88c0-b0e8ccc5ad6c/scripts/__pycache__/ingested_marker.cpython-312.pyc
[2026-06-19T11:10:02Z] skip-undeletable kind=pycache-file kb=37 path=/paperclip/instances/default/workspaces/7fb55262-e658-45e2-88c0-b0e8ccc5ad6c/scripts/__pycache__/ingest_buy30620_lanes.cpython-312.pyc
[2026-06-19T11:10:04Z] deleted kind=stale-pid kb=1 path=/paperclip/instances/default/workspaces/476c8023-3635-45bb-9f71-db6f4f5700e1/buywhere-api/data/.buy31015-deep-page.pid
[2026-06-19T11:10:07Z] skip-undeletable kind=pycache-dir kb=4 path=/paperclip/instances/default/workspaces/3ec8f6dd-1735-4479-9825-a2c42edac34c/scripts/__pycache__
[2026-06-19T11:10:07Z] skip-undeletable kind=pycache-file kb=26 path=/paperclip/instances/default/workspaces/3ec8f6dd-1735-4479-9825-a2c42edac34c/scripts/__pycache__/ingest_buy30620_lanes.cpython-312.pyc
[2026-06-19T11:10:07Z] deleted kind=cycle-log kb=1 path=/paperclip/instances/default/workspaces/3ec8f6dd-1735-4479-9825-a2c42edac34c/logs/buy31015-deep-supervisor-20260616T110802Z.log
[2026-06-19T11:10:08Z] deleted kind=disk-monitor-dir kb=4 path=/paperclip/instances/default/workspaces/8ca957f8-0911-4e81-a963-e2cf54c97d44/data/buy-48198-disk-monitor-2026-06-16T111001Z
[2026-06-19T11:10:11Z] deleted kind=stale-pid kb=1 path=/paperclip/instances/default/workspaces/708a8ce4-96dd-409d-94e7-a91d5032e4e0/data/homedepot_scraper_w2.pid
[2026-06-19T11:10:11Z] deleted kind=stale-pid kb=1 path=/paperclip/instances/default/workspaces/708a8ce4-96dd-409d-94e7-a91d5032e4e0/data/homedepot_scraper_w0.pid
[2026-06-19T11:10:11Z] deleted kind=stale-pid kb=1 path=/paperclip/instances/default/workspaces/708a8ce4-96dd-409d-94e7-a91d5032e4e0/data/homedepot_scraper_w1.pid
[2026-06-19T11:10:11Z] deleted kind=stale-pid kb=1 path=/paperclip/instances/default/workspaces/708a8ce4-96dd-409d-94e7-a91d5032e4e0/data/homedepot_scraper_w3.pid
[2026-06-19T11:10:13Z] deleted kind=stale-pid kb=1 path=/paperclip/instances/default/workspaces/6e32b337-dd25-4057-9b0e-e49be451575b/run-loop.pid
[2026-06-19T11:10:14Z] summary apply=1 scanned=16 removed=8 skipped_undeletable=5 failed=0 reclaimed_kb=11 report=/paperclip/instances/default/workspaces/logs/buy53114_worker_wc_cycle_cleanup_report.json
/paperclip/instances/default/workspaces/476c8023-3635-45bb-9f71-db6f4f5700e1/buywhere-api/scripts/buy-53114-worker-node-artifact-cleanup.sh: line 349: unexpected EOF while looking for matching `"'
[2026-06-19T11:10:14Z] BUY-53114 worker cleanup complete rc=2 after_pct=82 free_gb=35.3 report=/paperclip/instances/default/workspaces/logs/buy53114_worker_wc_cycle_cleanup_report.json
[2026-06-19T11:15:01Z] BUY-48198 watchdog start before_pct=82 free_gb=35.2
[2026-06-19T11:15:01Z] starting workspace=/paperclip/instances/default/workspaces/476c8023-3635-45bb-9f71-db6f4f5700e1/buywhere-api apply=1 keep_hours=48 alert_pct=90
[2026-06-19T11:15:01Z] starting workspace=/paperclip/instances/default/workspaces/3ec8f6dd-1735-4479-9825-a2c42edac34c apply=1 keep_hours=48 alert_pct=90
[2026-06-19T11:15:01Z] BUY-48198 wc cleanup complete rc=0 workspace=all after_pct=82 free_gb=35.2 report=/paperclip/instances/default/workspaces/logs/buy53095_wc_cycle_cleanup_report.json
[2026-06-19T11:15:01Z] starting apply=1 root=/paperclip/instances/default/workspaces log_retention_days=2 run_retention_days=3 heartbeat_retention_min=360 disk_artifact_retention_days=2 trash_archive_minutes=360 trash_archive_min_kb=262144 trash_archive_dirname=_trash_archives alert_pct=90
[2026-06-19T11:15:01Z] skip-undeletable kind=pycache-dir kb=4 path=/paperclip/instances/default/workspaces/7fb55262-e658-45e2-88c0-b0e8ccc5ad6c/scripts/__pycache__
[2026-06-19T11:15:01Z] skip-undeletable kind=pycache-file kb=24 path=/paperclip/instances/default/workspaces/7fb55262-e658-45e2-88c0-b0e8ccc5ad6c/scripts/__pycache__/ingested_marker.cpython-312.pyc
[2026-06-19T11:15:01Z] skip-undeletable kind=pycache-file kb=37 path=/paperclip/instances/default/workspaces/7fb55262-e658-45e2-88c0-b0e8ccc5ad6c/scripts/__pycache__/ingest_buy30620_lanes.cpython-312.pyc
[2026-06-19T11:15:04Z] deleted kind=stale-pid kb=1 path=/paperclip/instances/default/workspaces/476c8023-3635-45bb-9f71-db6f4f5700e1/buywhere-api/data/.buy31015-deep-page.pid
[2026-06-19T11:15:07Z] skip-undeletable kind=pycache-dir kb=4 path=/paperclip/instances/default/workspaces/3ec8f6dd-1735-4479-9825-a2c42edac34c/scripts/__pycache__
[2026-06-19T11:15:07Z] skip-undeletable kind=pycache-file kb=26 path=/paperclip/instances/default/workspaces/3ec8f6dd-1735-4479-9825-a2c42edac34c/scripts/__pycache__/ingest_buy30620_lanes.cpython-312.pyc
[2026-06-19T11:15:08Z] deleted kind=disk-monitor-dir kb=4 path=/paperclip/instances/default/workspaces/8ca957f8-0911-4e81-a963-e2cf54c97d44/data/buy-48198-disk-monitor-2026-06-16T111501Z
[2026-06-19T11:15:15Z] summary apply=1 scanned=15 removed=2 skipped_undeletable=5 failed=0 reclaimed_kb=5 report=/paperclip/instances/default/workspaces/logs/buy53114_worker_wc_cycle_cleanup_report.json
[2026-06-19T11:15:15Z] BUY-53114 worker cleanup complete rc=0 after_pct=82 free_gb=35.2 report=/paperclip/instances/default/workspaces/logs/buy53114_worker_wc_cycle_cleanup_report.json
{
  "generated_at": "2026-06-19T11:15:15.199Z",
  "status": "PASS",
  "blocked_reason": null,
  "filesystem": "/dev/vda1",
  "mount_path": "/",
  "free_bytes": 37836410880,
  "total_bytes": 206900281344,
  "warn_bytes": 21474836480,
  "critical_bytes": 5368709120,
  "consecutive_critical": 0,
  "consecutive_required": 1,
  "cooldown_ms": 14400000,
  "last_incident_id": null,
  "last_incident_identifier": null,
  "last_incident_at": null,
  "incident": null,
  "snapshot_dir": "/paperclip/instances/default/workspaces/476c8023-3635-45bb-9f71-db6f4f5700e1/buywhere-api/data/buy-48198-disk-monitor-2026-06-19T111515Z",
  "source_identifier": "BUY-48198",
  "execution_identifier": "BUY-48198",
  "alert_issue_identifier": "BUY-30808",
  "notes": [
    "free=35.2 GB (37836410880 B) warn<20.0 GB critical<5.0 GB"
  ]
}
[2026-06-19T11:15:15Z] BUY-48198 watchdog complete rc=0
[2026-06-19T11:20:01Z] BUY-48198 watchdog start before_pct=82 free_gb=35.2
[2026-06-19T11:20:01Z] starting workspace=/paperclip/instances/default/workspaces/476c8023-3635-45bb-9f71-db6f4f5700e1/buywhere-api apply=1 keep_hours=48 alert_pct=90
[2026-06-19T11:20:01Z] starting workspace=/paperclip/instances/default/workspaces/3ec8f6dd-1735-4479-9825-a2c42edac34c apply=1 keep_hours=48 alert_pct=90
[2026-06-19T11:20:01Z] BUY-48198 wc cleanup complete rc=0 workspace=all after_pct=82 free_gb=35.2 report=/paperclip/instances/default/workspaces/logs/buy53095_wc_cycle_cleanup_report.json
[2026-06-19T11:20:01Z] starting apply=1 root=/paperclip/instances/default/workspaces log_retention_days=2 run_retention_days=3 heartbeat_retention_min=360 disk_artifact_retention_days=2 trash_archive_minutes=360 trash_archive_min_kb=262144 trash_archive_dirname=_trash_archives alert_pct=90
[2026-06-19T11:20:01Z] skip-undeletable kind=pycache-dir kb=4 path=/paperclip/instances/default/workspaces/7fb55262-e658-45e2-88c0-b0e8ccc5ad6c/scripts/__pycache__
[2026-06-19T11:20:01Z] deleted kind=pycache-file kb=49 path=/paperclip/instances/default/workspaces/7fb55262-e658-45e2-88c0-b0e8ccc5ad6c/scrapers/__pycache__/watsons_sg.cpython-312.pyc
[2026-06-19T11:20:01Z] skip-undeletable kind=pycache-file kb=24 path=/paperclip/instances/default/workspaces/7fb55262-e658-45e2-88c0-b0e8ccc5ad6c/scripts/__pycache__/ingested_marker.cpython-312.pyc
[2026-06-19T11:20:01Z] skip-undeletable kind=pycache-file kb=37 path=/paperclip/instances/default/workspaces/7fb55262-e658-45e2-88c0-b0e8ccc5ad6c/scripts/__pycache__/ingest_buy30620_lanes.cpython-312.pyc
[2026-06-19T11:20:05Z] deleted kind=stale-pid kb=1 path=/paperclip/instances/default/workspaces/476c8023-3635-45bb-9f71-db6f4f5700e1/buywhere-api/data/.buy31015-deep-page.pid
[2026-06-19T11:20:08Z] skip-undeletable kind=pycache-dir kb=4 path=/paperclip/instances/default/workspaces/3ec8f6dd-1735-4479-9825-a2c42edac34c/scripts/__pycache__
[2026-06-19T11:20:08Z] skip-undeletable kind=pycache-file kb=26 path=/paperclip/instances/default/workspaces/3ec8f6dd-1735-4479-9825-a2c42edac34c/scripts/__pycache__/ingest_buy30620_lanes.cpython-312.pyc
[2026-06-19T11:20:08Z] deleted kind=cycle-log kb=1 path=/paperclip/instances/default/workspaces/3ec8f6dd-1735-4479-9825-a2c42edac34c/logs/buy31015-deep-supervisor-20260616T111601Z.log
[2026-06-19T11:20:09Z] deleted kind=disk-monitor-dir kb=4 path=/paperclip/instances/default/workspaces/8ca957f8-0911-4e81-a963-e2cf54c97d44/data/buy-48198-disk-monitor-2026-06-16T112001Z
[2026-06-19T11:20:16Z] summary apply=1 scanned=17 removed=4 skipped_undeletable=5 failed=0 reclaimed_kb=55 report=/paperclip/instances/default/workspaces/logs/buy53114_worker_wc_cycle_cleanup_report.json
[2026-06-19T11:20:16Z] BUY-53114 worker cleanup complete rc=0 after_pct=82 free_gb=35.2 report=/paperclip/instances/default/workspaces/logs/buy53114_worker_wc_cycle_cleanup_report.json
{
  "generated_at": "2026-06-19T11:20:16.731Z",
  "status": "PASS",
  "blocked_reason": null,
  "filesystem": "/dev/vda1",
  "mount_path": "/",
  "free_bytes": 37803175936,
  "total_bytes": 206900281344,
  "warn_bytes": 21474836480,
  "critical_bytes": 5368709120,
  "consecutive_critical": 0,
  "consecutive_required": 1,
  "cooldown_ms": 14400000,
  "last_incident_id": null,
  "last_incident_identifier": null,
  "last_incident_at": null,
  "incident": null,
  "snapshot_dir": "/paperclip/instances/default/workspaces/476c8023-3635-45bb-9f71-db6f4f5700e1/buywhere-api/data/buy-48198-disk-monitor-2026-06-19T112016Z",
  "source_identifier": "BUY-48198",
  "execution_identifier": "BUY-48198",
  "alert_issue_identifier": "BUY-30808",
  "notes": [
    "free=35.2 GB (37803175936 B) warn<20.0 GB critical<5.0 GB"
  ]
}
[2026-06-19T11:20:16Z] BUY-48198 watchdog complete rc=0
[2026-06-19T11:25:01Z] BUY-48198 watchdog start before_pct=82 free_gb=35.1
[2026-06-19T11:25:01Z] starting workspace=/paperclip/instances/default/workspaces/476c8023-3635-45bb-9f71-db6f4f5700e1/buywhere-api apply=1 keep_hours=48 alert_pct=90
[2026-06-19T11:25:01Z] starting workspace=/paperclip/instances/default/workspaces/3ec8f6dd-1735-4479-9825-a2c42edac34c apply=1 keep_hours=48 alert_pct=90
[2026-06-19T11:25:01Z] BUY-48198 wc cleanup complete rc=0 workspace=all after_pct=82 free_gb=35.1 report=/paperclip/instances/default/workspaces/logs/buy53095_wc_cycle_cleanup_report.json
[2026-06-19T11:25:01Z] starting apply=1 root=/paperclip/instances/default/workspaces log_retention_days=2 run_retention_days=3 heartbeat_retention_min=360 disk_artifact_retention_days=2 trash_archive_minutes=360 trash_archive_min_kb=262144 trash_archive_dirname=_trash_archives alert_pct=90
[2026-06-19T11:25:01Z] skip-undeletable kind=pycache-dir kb=4 path=/paperclip/instances/default/workspaces/7fb55262-e658-45e2-88c0-b0e8ccc5ad6c/scripts/__pycache__
[2026-06-19T11:25:01Z] skip-undeletable kind=pycache-file kb=24 path=/paperclip/instances/default/workspaces/7fb55262-e658-45e2-88c0-b0e8ccc5ad6c/scripts/__pycache__/ingested_marker.cpython-312.pyc
[2026-06-19T11:25:01Z] skip-undeletable kind=pycache-file kb=37 path=/paperclip/instances/default/workspaces/7fb55262-e658-45e2-88c0-b0e8ccc5ad6c/scripts/__pycache__/ingest_buy30620_lanes.cpython-312.pyc
[2026-06-19T11:25:04Z] deleted kind=stale-pid kb=1 path=/paperclip/instances/default/workspaces/476c8023-3635-45bb-9f71-db6f4f5700e1/buywhere-api/data/.buy31015-deep-page.pid
[2026-06-19T11:25:07Z] skip-undeletable kind=pycache-dir kb=4 path=/paperclip/instances/default/workspaces/3ec8f6dd-1735-4479-9825-a2c42edac34c/scripts/__pycache__
[2026-06-19T11:25:07Z] skip-undeletable kind=pycache-file kb=26 path=/paperclip/instances/default/workspaces/3ec8f6dd-1735-4479-9825-a2c42edac34c/scripts/__pycache__/ingest_buy30620_lanes.cpython-312.pyc
[2026-06-19T11:25:07Z] deleted kind=cycle-log kb=1 path=/paperclip/instances/default/workspaces/3ec8f6dd-1735-4479-9825-a2c42edac34c/logs/buy31015-deep-supervisor-20260616T112401Z.log
[2026-06-19T11:25:08Z] deleted kind=disk-monitor-dir kb=4 path=/paperclip/instances/default/workspaces/8ca957f8-0911-4e81-a963-e2cf54c97d44/data/buy-48198-disk-monitor-2026-06-16T112501Z
[2026-06-19T11:25:15Z] summary apply=1 scanned=16 removed=3 skipped_undeletable=5 failed=0 reclaimed_kb=6 report=/paperclip/instances/default/workspaces/logs/buy53114_worker_wc_cycle_cleanup_report.json
[2026-06-19T11:25:15Z] BUY-53114 worker cleanup complete rc=0 after_pct=82 free_gb=35.1 report=/paperclip/instances/default/workspaces/logs/buy53114_worker_wc_cycle_cleanup_report.json
{
  "generated_at": "2026-06-19T11:25:15.598Z",
  "status": "PASS",
  "blocked_reason": null,
  "filesystem": "/dev/vda1",
  "mount_path": "/",
  "free_bytes": 37710061568,
  "total_bytes": 206900281344,
  "warn_bytes": 21474836480,
  "critical_bytes": 5368709120,
  "consecutive_critical": 0,
  "consecutive_required": 1,
  "cooldown_ms": 14400000,
  "last_incident_id": null,
  "last_incident_identifier": null,
  "last_incident_at": null,
  "incident": null,
  "snapshot_dir": "/paperclip/instances/default/workspaces/476c8023-3635-45bb-9f71-db6f4f5700e1/buywhere-api/data/buy-48198-disk-monitor-2026-06-19T112515Z",
  "source_identifier": "BUY-48198",
  "execution_identifier": "BUY-48198",
  "alert_issue_identifier": "BUY-30808",
  "notes": [
    "free=35.1 GB (37710061568 B) warn<20.0 GB critical<5.0 GB"
  ]
}
[2026-06-19T11:25:15Z] BUY-48198 watchdog complete rc=0
[2026-06-19T11:30:01Z] BUY-48198 watchdog start before_pct=82 free_gb=35.1
[2026-06-19T11:30:01Z] starting workspace=/paperclip/instances/default/workspaces/476c8023-3635-45bb-9f71-db6f4f5700e1/buywhere-api apply=1 keep_hours=48 alert_pct=90
[2026-06-19T11:30:01Z] starting workspace=/paperclip/instances/default/workspaces/3ec8f6dd-1735-4479-9825-a2c42edac34c apply=1 keep_hours=48 alert_pct=90
[2026-06-19T11:30:02Z] BUY-48198 wc cleanup complete rc=0 workspace=all after_pct=82 free_gb=35.1 report=/paperclip/instances/default/workspaces/logs/buy53095_wc_cycle_cleanup_report.json
[2026-06-19T11:30:02Z] starting apply=1 root=/paperclip/instances/default/workspaces log_retention_days=2 run_retention_days=3 heartbeat_retention_min=360 disk_artifact_retention_days=2 trash_archive_minutes=360 trash_archive_min_kb=262144 trash_archive_dirname=_trash_archives alert_pct=90
[2026-06-19T11:30:02Z] skip-undeletable kind=pycache-dir kb=4 path=/paperclip/instances/default/workspaces/7fb55262-e658-45e2-88c0-b0e8ccc5ad6c/scripts/__pycache__
[2026-06-19T11:30:02Z] skip-undeletable kind=pycache-file kb=24 path=/paperclip/instances/default/workspaces/7fb55262-e658-45e2-88c0-b0e8ccc5ad6c/scripts/__pycache__/ingested_marker.cpython-312.pyc
[2026-06-19T11:30:02Z] skip-undeletable kind=pycache-file kb=37 path=/paperclip/instances/default/workspaces/7fb55262-e658-45e2-88c0-b0e8ccc5ad6c/scripts/__pycache__/ingest_buy30620_lanes.cpython-312.pyc
[2026-06-19T11:30:05Z] deleted kind=stale-pid kb=1 path=/paperclip/instances/default/workspaces/476c8023-3635-45bb-9f71-db6f4f5700e1/buywhere-api/data/.buy31015-deep-page.pid
[2026-06-19T11:30:08Z] skip-undeletable kind=pycache-dir kb=4 path=/paperclip/instances/default/workspaces/3ec8f6dd-1735-4479-9825-a2c42edac34c/scripts/__pycache__
[2026-06-19T11:30:08Z] skip-undeletable kind=pycache-file kb=26 path=/paperclip/instances/default/workspaces/3ec8f6dd-1735-4479-9825-a2c42edac34c/scripts/__pycache__/ingest_buy30620_lanes.cpython-312.pyc
[2026-06-19T11:30:08Z] deleted kind=disk-monitor-dir kb=4 path=/paperclip/instances/default/workspaces/8ca957f8-0911-4e81-a963-e2cf54c97d44/data/buy-48198-disk-monitor-2026-06-16T113001Z
[2026-06-19T11:30:15Z] summary apply=1 scanned=15 removed=2 skipped_undeletable=5 failed=0 reclaimed_kb=5 report=/paperclip/instances/default/workspaces/logs/buy53114_worker_wc_cycle_cleanup_report.json
[2026-06-19T11:30:15Z] BUY-53114 worker cleanup complete rc=0 after_pct=82 free_gb=35.1 report=/paperclip/instances/default/workspaces/logs/buy53114_worker_wc_cycle_cleanup_report.json
{
  "generated_at": "2026-06-19T11:30:15.822Z",
  "status": "PASS",
  "blocked_reason": null,
  "filesystem": "/dev/vda1",
  "mount_path": "/",
  "free_bytes": 37668220928,
  "total_bytes": 206900281344,
  "warn_bytes": 21474836480,
  "critical_bytes": 5368709120,
  "consecutive_critical": 0,
  "consecutive_required": 1,
  "cooldown_ms": 14400000,
  "last_incident_id": null,
  "last_incident_identifier": null,
  "last_incident_at": null,
  "incident": null,
  "snapshot_dir": "/paperclip/instances/default/workspaces/476c8023-3635-45bb-9f71-db6f4f5700e1/buywhere-api/data/buy-48198-disk-monitor-2026-06-19T113015Z",
  "source_identifier": "BUY-48198",
  "execution_identifier": "BUY-48198",
  "alert_issue_identifier": "BUY-30808",
  "notes": [
    "free=35.1 GB (37668220928 B) warn<20.0 GB critical<5.0 GB"
  ]
}
[2026-06-19T11:30:15Z] BUY-48198 watchdog complete rc=0
[2026-06-19T11:35:01Z] BUY-48198 watchdog start before_pct=82 free_gb=35.0
[2026-06-19T11:35:01Z] starting workspace=/paperclip/instances/default/workspaces/476c8023-3635-45bb-9f71-db6f4f5700e1/buywhere-api apply=1 keep_hours=48 alert_pct=90
[2026-06-19T11:35:01Z] starting workspace=/paperclip/instances/default/workspaces/3ec8f6dd-1735-4479-9825-a2c42edac34c apply=1 keep_hours=48 alert_pct=90
[2026-06-19T11:35:01Z] BUY-48198 wc cleanup complete rc=0 workspace=all after_pct=82 free_gb=35.0 report=/paperclip/instances/default/workspaces/logs/buy53095_wc_cycle_cleanup_report.json
[2026-06-19T11:35:01Z] starting apply=1 root=/paperclip/instances/default/workspaces log_retention_days=2 run_retention_days=3 heartbeat_retention_min=360 disk_artifact_retention_days=2 trash_archive_minutes=360 trash_archive_min_kb=262144 trash_archive_dirname=_trash_archives alert_pct=90
[2026-06-19T11:35:01Z] skip-undeletable kind=pycache-dir kb=4 path=/paperclip/instances/default/workspaces/7fb55262-e658-45e2-88c0-b0e8ccc5ad6c/scripts/__pycache__
[2026-06-19T11:35:01Z] skip-undeletable kind=pycache-file kb=24 path=/paperclip/instances/default/workspaces/7fb55262-e658-45e2-88c0-b0e8ccc5ad6c/scripts/__pycache__/ingested_marker.cpython-312.pyc
[2026-06-19T11:35:01Z] skip-undeletable kind=pycache-file kb=37 path=/paperclip/instances/default/workspaces/7fb55262-e658-45e2-88c0-b0e8ccc5ad6c/scripts/__pycache__/ingest_buy30620_lanes.cpython-312.pyc
[2026-06-19T11:35:04Z] deleted kind=stale-pid kb=1 path=/paperclip/instances/default/workspaces/476c8023-3635-45bb-9f71-db6f4f5700e1/buywhere-api/data/.buy31015-deep-page.pid
[2026-06-19T11:35:06Z] skip-undeletable kind=pycache-dir kb=4 path=/paperclip/instances/default/workspaces/3ec8f6dd-1735-4479-9825-a2c42edac34c/scripts/__pycache__
[2026-06-19T11:35:06Z] skip-undeletable kind=pycache-file kb=26 path=/paperclip/instances/default/workspaces/3ec8f6dd-1735-4479-9825-a2c42edac34c/scripts/__pycache__/ingest_buy30620_lanes.cpython-312.pyc
[2026-06-19T11:35:07Z] deleted kind=disk-monitor-dir kb=4 path=/paperclip/instances/default/workspaces/8ca957f8-0911-4e81-a963-e2cf54c97d44/data/buy-48198-disk-monitor-2026-06-16T113501Z
[2026-06-19T11:35:14Z] summary apply=1 scanned=15 removed=2 skipped_undeletable=5 failed=0 reclaimed_kb=5 report=/paperclip/instances/default/workspaces/logs/buy53114_worker_wc_cycle_cleanup_report.json
[2026-06-19T11:35:14Z] BUY-53114 worker cleanup complete rc=0 after_pct=82 free_gb=35.0 report=/paperclip/instances/default/workspaces/logs/buy53114_worker_wc_cycle_cleanup_report.json
{
  "generated_at": "2026-06-19T11:35:14.572Z",
  "status": "PASS",
  "blocked_reason": null,
  "filesystem": "/dev/vda1",
  "mount_path": "/",
  "free_bytes": 37558398976,
  "total_bytes": 206900281344,
  "warn_bytes": 21474836480,
  "critical_bytes": 5368709120,
  "consecutive_critical": 0,
  "consecutive_required": 1,
  "cooldown_ms": 14400000,
  "last_incident_id": null,
  "last_incident_identifier": null,
  "last_incident_at": null,
  "incident": null,
  "snapshot_dir": "/paperclip/instances/default/workspaces/476c8023-3635-45bb-9f71-db6f4f5700e1/buywhere-api/data/buy-48198-disk-monitor-2026-06-19T113514Z",
  "source_identifier": "BUY-48198",
  "execution_identifier": "BUY-48198",
  "alert_issue_identifier": "BUY-30808",
  "notes": [
    "free=35.0 GB (37558398976 B) warn<20.0 GB critical<5.0 GB"
  ]
}
[2026-06-19T11:35:14Z] BUY-48198 watchdog complete rc=0
[2026-06-19T11:40:01Z] BUY-48198 watchdog start before_pct=82 free_gb=35.0
[2026-06-19T11:40:01Z] starting workspace=/paperclip/instances/default/workspaces/476c8023-3635-45bb-9f71-db6f4f5700e1/buywhere-api apply=1 keep_hours=48 alert_pct=90
[2026-06-19T11:40:01Z] starting workspace=/paperclip/instances/default/workspaces/3ec8f6dd-1735-4479-9825-a2c42edac34c apply=1 keep_hours=48 alert_pct=90
[2026-06-19T11:40:01Z] BUY-48198 wc cleanup complete rc=0 workspace=all after_pct=82 free_gb=35.0 report=/paperclip/instances/default/workspaces/logs/buy53095_wc_cycle_cleanup_report.json
[2026-06-19T11:40:01Z] starting apply=1 root=/paperclip/instances/default/workspaces log_retention_days=2 run_retention_days=3 heartbeat_retention_min=360 disk_artifact_retention_days=2 trash_archive_minutes=360 trash_archive_min_kb=262144 trash_archive_dirname=_trash_archives alert_pct=90
[2026-06-19T11:40:01Z] skip-undeletable kind=pycache-dir kb=4 path=/paperclip/instances/default/workspaces/7fb55262-e658-45e2-88c0-b0e8ccc5ad6c/scripts/__pycache__
[2026-06-19T11:40:01Z] skip-undeletable kind=pycache-file kb=24 path=/paperclip/instances/default/workspaces/7fb55262-e658-45e2-88c0-b0e8ccc5ad6c/scripts/__pycache__/ingested_marker.cpython-312.pyc
[2026-06-19T11:40:01Z] skip-undeletable kind=pycache-file kb=37 path=/paperclip/instances/default/workspaces/7fb55262-e658-45e2-88c0-b0e8ccc5ad6c/scripts/__pycache__/ingest_buy30620_lanes.cpython-312.pyc
[2026-06-19T11:40:05Z] deleted kind=stale-pid kb=1 path=/paperclip/instances/default/workspaces/476c8023-3635-45bb-9f71-db6f4f5700e1/buywhere-api/data/.buy31015-deep-page.pid
[2026-06-19T11:40:08Z] skip-undeletable kind=pycache-dir kb=4 path=/paperclip/instances/default/workspaces/3ec8f6dd-1735-4479-9825-a2c42edac34c/scripts/__pycache__
[2026-06-19T11:40:08Z] skip-undeletable kind=pycache-file kb=26 path=/paperclip/instances/default/workspaces/3ec8f6dd-1735-4479-9825-a2c42edac34c/scripts/__pycache__/ingest_buy30620_lanes.cpython-312.pyc
[2026-06-19T11:40:08Z] deleted kind=cycle-log kb=1 path=/paperclip/instances/default/workspaces/3ec8f6dd-1735-4479-9825-a2c42edac34c/logs/buy31015-deep-supervisor-20260616T113201Z.log
[2026-06-19T11:40:08Z] deleted kind=disk-monitor-dir kb=4 path=/paperclip/instances/default/workspaces/8ca957f8-0911-4e81-a963-e2cf54c97d44/data/buy-48198-disk-monitor-2026-06-16T114001Z
[2026-06-19T11:40:15Z] summary apply=1 scanned=16 removed=3 skipped_undeletable=5 failed=0 reclaimed_kb=6 report=/paperclip/instances/default/workspaces/logs/buy53114_worker_wc_cycle_cleanup_report.json
[2026-06-19T11:40:15Z] BUY-53114 worker cleanup complete rc=0 after_pct=82 free_gb=35.0 report=/paperclip/instances/default/workspaces/logs/buy53114_worker_wc_cycle_cleanup_report.json
{
  "generated_at": "2026-06-19T11:40:15.425Z",
  "status": "PASS",
  "blocked_reason": null,
  "filesystem": "/dev/vda1",
  "mount_path": "/",
  "free_bytes": 37542842368,
  "total_bytes": 206900281344,
  "warn_bytes": 21474836480,
  "critical_bytes": 5368709120,
  "consecutive_critical": 0,
  "consecutive_required": 1,
  "cooldown_ms": 14400000,
  "last_incident_id": null,
  "last_incident_identifier": null,
  "last_incident_at": null,
  "incident": null,
  "snapshot_dir": "/paperclip/instances/default/workspaces/476c8023-3635-45bb-9f71-db6f4f5700e1/buywhere-api/data/buy-48198-disk-monitor-2026-06-19T114015Z",
  "source_identifier": "BUY-48198",
  "execution_identifier": "BUY-48198",
  "alert_issue_identifier": "BUY-30808",
  "notes": [
    "free=35.0 GB (37542842368 B) warn<20.0 GB critical<5.0 GB"
  ]
}
[2026-06-19T11:40:15Z] BUY-48198 watchdog complete rc=0
[2026-06-19T11:45:01Z] BUY-48198 watchdog start before_pct=82 free_gb=34.9
[2026-06-19T11:45:01Z] starting workspace=/paperclip/instances/default/workspaces/476c8023-3635-45bb-9f71-db6f4f5700e1/buywhere-api apply=1 keep_hours=48 alert_pct=90
[2026-06-19T11:45:01Z] starting workspace=/paperclip/instances/default/workspaces/3ec8f6dd-1735-4479-9825-a2c42edac34c apply=1 keep_hours=48 alert_pct=90
[2026-06-19T11:45:01Z] BUY-48198 wc cleanup complete rc=0 workspace=all after_pct=82 free_gb=34.9 report=/paperclip/instances/default/workspaces/logs/buy53095_wc_cycle_cleanup_report.json
[2026-06-19T11:45:01Z] starting apply=1 root=/paperclip/instances/default/workspaces log_retention_days=2 run_retention_days=3 heartbeat_retention_min=360 disk_artifact_retention_days=2 trash_archive_minutes=360 trash_archive_min_kb=262144 trash_archive_dirname=_trash_archives alert_pct=90
[2026-06-19T11:45:01Z] skip-undeletable kind=pycache-dir kb=4 path=/paperclip/instances/default/workspaces/7fb55262-e658-45e2-88c0-b0e8ccc5ad6c/scripts/__pycache__
[2026-06-19T11:45:01Z] skip-undeletable kind=pycache-file kb=24 path=/paperclip/instances/default/workspaces/7fb55262-e658-45e2-88c0-b0e8ccc5ad6c/scripts/__pycache__/ingested_marker.cpython-312.pyc
[2026-06-19T11:45:01Z] skip-undeletable kind=pycache-file kb=37 path=/paperclip/instances/default/workspaces/7fb55262-e658-45e2-88c0-b0e8ccc5ad6c/scripts/__pycache__/ingest_buy30620_lanes.cpython-312.pyc
[2026-06-19T11:45:07Z] skip-undeletable kind=pycache-dir kb=4 path=/paperclip/instances/default/workspaces/3ec8f6dd-1735-4479-9825-a2c42edac34c/scripts/__pycache__
[2026-06-19T11:45:07Z] skip-undeletable kind=pycache-file kb=26 path=/paperclip/instances/default/workspaces/3ec8f6dd-1735-4479-9825-a2c42edac34c/scripts/__pycache__/ingest_buy30620_lanes.cpython-312.pyc
[2026-06-19T11:45:07Z] deleted kind=cycle-log kb=1 path=/paperclip/instances/default/workspaces/3ec8f6dd-1735-4479-9825-a2c42edac34c/logs/buy31015-deep-supervisor-20260616T114002Z.log
[2026-06-19T11:45:08Z] deleted kind=disk-monitor-dir kb=4 path=/paperclip/instances/default/workspaces/8ca957f8-0911-4e81-a963-e2cf54c97d44/data/buy-48198-disk-monitor-2026-06-16T114501Z
[2026-06-19T11:45:15Z] summary apply=1 scanned=15 removed=2 skipped_undeletable=5 failed=0 reclaimed_kb=5 report=/paperclip/instances/default/workspaces/logs/buy53114_worker_wc_cycle_cleanup_report.json
[2026-06-19T11:45:15Z] BUY-53114 worker cleanup complete rc=0 after_pct=82 free_gb=34.9 report=/paperclip/instances/default/workspaces/logs/buy53114_worker_wc_cycle_cleanup_report.json
{
  "generated_at": "2026-06-19T11:45:15.139Z",
  "status": "PASS",
  "blocked_reason": null,
  "filesystem": "/dev/vda1",
  "mount_path": "/",
  "free_bytes": 37429518336,
  "total_bytes": 206900281344,
  "warn_bytes": 21474836480,
  "critical_bytes": 5368709120,
  "consecutive_critical": 0,
  "consecutive_required": 1,
  "cooldown_ms": 14400000,
  "last_incident_id": null,
  "last_incident_identifier": null,
  "last_incident_at": null,
  "incident": null,
  "snapshot_dir": "/paperclip/instances/default/workspaces/476c8023-3635-45bb-9f71-db6f4f5700e1/buywhere-api/data/buy-48198-disk-monitor-2026-06-19T114515Z",
  "source_identifier": "BUY-48198",
  "execution_identifier": "BUY-48198",
  "alert_issue_identifier": "BUY-30808",
  "notes": [
    "free=34.9 GB (37429518336 B) warn<20.0 GB critical<5.0 GB"
  ]
}
[2026-06-19T11:45:15Z] BUY-48198 watchdog complete rc=0
[2026-06-19T11:50:01Z] BUY-48198 watchdog start before_pct=82 free_gb=34.8
[2026-06-19T11:50:01Z] starting workspace=/paperclip/instances/default/workspaces/476c8023-3635-45bb-9f71-db6f4f5700e1/buywhere-api apply=1 keep_hours=48 alert_pct=90
[2026-06-19T11:50:02Z] starting workspace=/paperclip/instances/default/workspaces/3ec8f6dd-1735-4479-9825-a2c42edac34c apply=1 keep_hours=48 alert_pct=90
[2026-06-19T11:50:02Z] BUY-48198 wc cleanup complete rc=0 workspace=all after_pct=82 free_gb=34.8 report=/paperclip/instances/default/workspaces/logs/buy53095_wc_cycle_cleanup_report.json
[2026-06-19T11:50:02Z] starting apply=1 root=/paperclip/instances/default/workspaces log_retention_days=2 run_retention_days=3 heartbeat_retention_min=360 disk_artifact_retention_days=2 trash_archive_minutes=360 trash_archive_min_kb=262144 trash_archive_dirname=_trash_archives alert_pct=90
[2026-06-19T11:50:02Z] skip-undeletable kind=pycache-dir kb=4 path=/paperclip/instances/default/workspaces/7fb55262-e658-45e2-88c0-b0e8ccc5ad6c/scripts/__pycache__
[2026-06-19T11:50:02Z] skip-undeletable kind=pycache-file kb=24 path=/paperclip/instances/default/workspaces/7fb55262-e658-45e2-88c0-b0e8ccc5ad6c/scripts/__pycache__/ingested_marker.cpython-312.pyc
[2026-06-19T11:50:02Z] skip-undeletable kind=pycache-file kb=37 path=/paperclip/instances/default/workspaces/7fb55262-e658-45e2-88c0-b0e8ccc5ad6c/scripts/__pycache__/ingest_buy30620_lanes.cpython-312.pyc
[2026-06-19T11:50:05Z] deleted kind=stale-pid kb=1 path=/paperclip/instances/default/workspaces/476c8023-3635-45bb-9f71-db6f4f5700e1/buywhere-api/data/.buy31015-deep-page.pid
[2026-06-19T11:50:08Z] skip-undeletable kind=pycache-dir kb=4 path=/paperclip/instances/default/workspaces/3ec8f6dd-1735-4479-9825-a2c42edac34c/scripts/__pycache__
[2026-06-19T11:50:08Z] skip-undeletable kind=pycache-file kb=26 path=/paperclip/instances/default/workspaces/3ec8f6dd-1735-4479-9825-a2c42edac34c/scripts/__pycache__/ingest_buy30620_lanes.cpython-312.pyc
[2026-06-19T11:50:08Z] deleted kind=cycle-log kb=1 path=/paperclip/instances/default/workspaces/3ec8f6dd-1735-4479-9825-a2c42edac34c/logs/buy31015-deep-supervisor-20260616T114802Z.log
[2026-06-19T11:50:09Z] deleted kind=disk-monitor-dir kb=4 path=/paperclip/instances/default/workspaces/8ca957f8-0911-4e81-a963-e2cf54c97d44/data/buy-48198-disk-monitor-2026-06-16T115001Z
[2026-06-19T11:50:16Z] summary apply=1 scanned=16 removed=3 skipped_undeletable=5 failed=0 reclaimed_kb=6 report=/paperclip/instances/default/workspaces/logs/buy53114_worker_wc_cycle_cleanup_report.json
[2026-06-19T11:50:16Z] BUY-53114 worker cleanup complete rc=0 after_pct=82 free_gb=34.8 report=/paperclip/instances/default/workspaces/logs/buy53114_worker_wc_cycle_cleanup_report.json
{
  "generated_at": "2026-06-19T11:50:16.735Z",
  "status": "PASS",
  "blocked_reason": null,
  "filesystem": "/dev/vda1",
  "mount_path": "/",
  "free_bytes": 37399506944,
  "total_bytes": 206900281344,
  "warn_bytes": 21474836480,
  "critical_bytes": 5368709120,
  "consecutive_critical": 0,
  "consecutive_required": 1,
  "cooldown_ms": 14400000,
  "last_incident_id": null,
  "last_incident_identifier": null,
  "last_incident_at": null,
  "incident": null,
  "snapshot_dir": "/paperclip/instances/default/workspaces/476c8023-3635-45bb-9f71-db6f4f5700e1/buywhere-api/data/buy-48198-disk-monitor-2026-06-19T115016Z",
  "source_identifier": "BUY-48198",
  "execution_identifier": "BUY-48198",
  "alert_issue_identifier": "BUY-30808",
  "notes": [
    "free=34.8 GB (37399506944 B) warn<20.0 GB critical<5.0 GB"
  ]
}
[2026-06-19T11:50:16Z] BUY-48198 watchdog complete rc=0
[2026-06-19T11:55:01Z] BUY-48198 watchdog start before_pct=82 free_gb=34.8
[2026-06-19T11:55:01Z] starting workspace=/paperclip/instances/default/workspaces/476c8023-3635-45bb-9f71-db6f4f5700e1/buywhere-api apply=1 keep_hours=48 alert_pct=90
[2026-06-19T11:55:01Z] starting workspace=/paperclip/instances/default/workspaces/3ec8f6dd-1735-4479-9825-a2c42edac34c apply=1 keep_hours=48 alert_pct=90
[2026-06-19T11:55:01Z] BUY-48198 wc cleanup complete rc=0 workspace=all after_pct=82 free_gb=34.8 report=/paperclip/instances/default/workspaces/logs/buy53095_wc_cycle_cleanup_report.json
[2026-06-19T11:55:01Z] starting apply=1 root=/paperclip/instances/default/workspaces log_retention_days=2 run_retention_days=3 heartbeat_retention_min=360 disk_artifact_retention_days=2 trash_archive_minutes=360 trash_archive_min_kb=262144 trash_archive_dirname=_trash_archives alert_pct=90
[2026-06-19T11:55:01Z] skip-undeletable kind=pycache-dir kb=4 path=/paperclip/instances/default/workspaces/7fb55262-e658-45e2-88c0-b0e8ccc5ad6c/scripts/__pycache__
[2026-06-19T11:55:01Z] skip-undeletable kind=pycache-file kb=24 path=/paperclip/instances/default/workspaces/7fb55262-e658-45e2-88c0-b0e8ccc5ad6c/scripts/__pycache__/ingested_marker.cpython-312.pyc
[2026-06-19T11:55:01Z] skip-undeletable kind=pycache-file kb=37 path=/paperclip/instances/default/workspaces/7fb55262-e658-45e2-88c0-b0e8ccc5ad6c/scripts/__pycache__/ingest_buy30620_lanes.cpython-312.pyc
[2026-06-19T11:55:04Z] deleted kind=stale-pid kb=1 path=/paperclip/instances/default/workspaces/476c8023-3635-45bb-9f71-db6f4f5700e1/buywhere-api/data/.buy31015-deep-page.pid
[2026-06-19T11:55:07Z] skip-undeletable kind=pycache-dir kb=4 path=/paperclip/instances/default/workspaces/3ec8f6dd-1735-4479-9825-a2c42edac34c/scripts/__pycache__
[2026-06-19T11:55:07Z] skip-undeletable kind=pycache-file kb=26 path=/paperclip/instances/default/workspaces/3ec8f6dd-1735-4479-9825-a2c42edac34c/scripts/__pycache__/ingest_buy30620_lanes.cpython-312.pyc
[2026-06-19T11:55:08Z] deleted kind=disk-monitor-dir kb=4 path=/paperclip/instances/default/workspaces/8ca957f8-0911-4e81-a963-e2cf54c97d44/data/buy-48198-disk-monitor-2026-06-16T115501Z
[2026-06-19T11:55:15Z] summary apply=1 scanned=15 removed=2 skipped_undeletable=5 failed=0 reclaimed_kb=5 report=/paperclip/instances/default/workspaces/logs/buy53114_worker_wc_cycle_cleanup_report.json
[2026-06-19T11:55:15Z] BUY-53114 worker cleanup complete rc=0 after_pct=82 free_gb=34.8 report=/paperclip/instances/default/workspaces/logs/buy53114_worker_wc_cycle_cleanup_report.json
{
  "generated_at": "2026-06-19T11:55:15.737Z",
  "status": "PASS",
  "blocked_reason": null,
  "filesystem": "/dev/vda1",
  "mount_path": "/",
  "free_bytes": 37320224768,
  "total_bytes": 206900281344,
  "warn_bytes": 21474836480,
  "critical_bytes": 5368709120,
  "consecutive_critical": 0,
  "consecutive_required": 1,
  "cooldown_ms": 14400000,
  "last_incident_id": null,
  "last_incident_identifier": null,
  "last_incident_at": null,
  "incident": null,
  "snapshot_dir": "/paperclip/instances/default/workspaces/476c8023-3635-45bb-9f71-db6f4f5700e1/buywhere-api/data/buy-48198-disk-monitor-2026-06-19T115515Z",
  "source_identifier": "BUY-48198",
  "execution_identifier": "BUY-48198",
  "alert_issue_identifier": "BUY-30808",
  "notes": [
    "free=34.8 GB (37320224768 B) warn<20.0 GB critical<5.0 GB"
  ]
}
[2026-06-19T11:55:15Z] BUY-48198 watchdog complete rc=0
[2026-06-19T12:00:02Z] BUY-48198 watchdog start before_pct=82 free_gb=34.7
[2026-06-19T12:00:02Z] starting workspace=/paperclip/instances/default/workspaces/476c8023-3635-45bb-9f71-db6f4f5700e1/buywhere-api apply=1 keep_hours=48 alert_pct=90
[2026-06-19T12:00:02Z] starting workspace=/paperclip/instances/default/workspaces/3ec8f6dd-1735-4479-9825-a2c42edac34c apply=1 keep_hours=48 alert_pct=90
[2026-06-19T12:00:02Z] BUY-48198 wc cleanup complete rc=0 workspace=all after_pct=82 free_gb=34.7 report=/paperclip/instances/default/workspaces/logs/buy53095_wc_cycle_cleanup_report.json
[2026-06-19T12:00:02Z] starting apply=1 root=/paperclip/instances/default/workspaces log_retention_days=2 run_retention_days=3 heartbeat_retention_min=360 disk_artifact_retention_days=2 trash_archive_minutes=360 trash_archive_min_kb=262144 trash_archive_dirname=_trash_archives alert_pct=90
[2026-06-19T12:00:02Z] skip-undeletable kind=pycache-dir kb=4 path=/paperclip/instances/default/workspaces/7fb55262-e658-45e2-88c0-b0e8ccc5ad6c/scripts/__pycache__
[2026-06-19T12:00:02Z] skip-undeletable kind=pycache-file kb=24 path=/paperclip/instances/default/workspaces/7fb55262-e658-45e2-88c0-b0e8ccc5ad6c/scripts/__pycache__/ingested_marker.cpython-312.pyc
[2026-06-19T12:00:02Z] skip-undeletable kind=pycache-file kb=37 path=/paperclip/instances/default/workspaces/7fb55262-e658-45e2-88c0-b0e8ccc5ad6c/scripts/__pycache__/ingest_buy30620_lanes.cpython-312.pyc
[2026-06-19T12:00:06Z] deleted kind=stale-pid kb=1 path=/paperclip/instances/default/workspaces/476c8023-3635-45bb-9f71-db6f4f5700e1/buywhere-api/data/.buy31015-deep-page.pid
[2026-06-19T12:00:09Z] skip-undeletable kind=pycache-dir kb=4 path=/paperclip/instances/default/workspaces/3ec8f6dd-1735-4479-9825-a2c42edac34c/scripts/__pycache__
[2026-06-19T12:00:10Z] skip-undeletable kind=pycache-file kb=26 path=/paperclip/instances/default/workspaces/3ec8f6dd-1735-4479-9825-a2c42edac34c/scripts/__pycache__/ingest_buy30620_lanes.cpython-312.pyc
[2026-06-19T12:00:10Z] deleted kind=cycle-log kb=1 path=/paperclip/instances/default/workspaces/3ec8f6dd-1735-4479-9825-a2c42edac34c/logs/buy31015-deep-supervisor-20260616T115602Z.log
[2026-06-19T12:00:10Z] deleted kind=disk-monitor-dir kb=4 path=/paperclip/instances/default/workspaces/8ca957f8-0911-4e81-a963-e2cf54c97d44/data/buy-48198-disk-monitor-2026-06-16T120001Z
[2026-06-19T12:00:17Z] summary apply=1 scanned=16 removed=3 skipped_undeletable=5 failed=0 reclaimed_kb=6 report=/paperclip/instances/default/workspaces/logs/buy53114_worker_wc_cycle_cleanup_report.json
[2026-06-19T12:00:17Z] BUY-53114 worker cleanup complete rc=0 after_pct=82 free_gb=34.7 report=/paperclip/instances/default/workspaces/logs/buy53114_worker_wc_cycle_cleanup_report.json
{
  "generated_at": "2026-06-19T12:00:18.038Z",
  "status": "PASS",
  "blocked_reason": null,
  "filesystem": "/dev/vda1",
  "mount_path": "/",
  "free_bytes": 37270376448,
  "total_bytes": 206900281344,
  "warn_bytes": 21474836480,
  "critical_bytes": 5368709120,
  "consecutive_critical": 0,
  "consecutive_required": 1,
  "cooldown_ms": 14400000,
  "last_incident_id": null,
  "last_incident_identifier": null,
  "last_incident_at": null,
  "incident": null,
  "snapshot_dir": "/paperclip/instances/default/workspaces/476c8023-3635-45bb-9f71-db6f4f5700e1/buywhere-api/data/buy-48198-disk-monitor-2026-06-19T120018Z",
  "source_identifier": "BUY-48198",
  "execution_identifier": "BUY-48198",
  "alert_issue_identifier": "BUY-30808",
  "notes": [
    "free=34.7 GB (37270376448 B) warn<20.0 GB critical<5.0 GB"
  ]
}
[2026-06-19T12:00:18Z] BUY-48198 watchdog complete rc=0
[2026-06-19T12:05:01Z] BUY-48198 watchdog start before_pct=83 free_gb=34.7
[2026-06-19T12:05:01Z] starting workspace=/paperclip/instances/default/workspaces/476c8023-3635-45bb-9f71-db6f4f5700e1/buywhere-api apply=1 keep_hours=48 alert_pct=90
[2026-06-19T12:05:01Z] starting workspace=/paperclip/instances/default/workspaces/3ec8f6dd-1735-4479-9825-a2c42edac34c apply=1 keep_hours=48 alert_pct=90
[2026-06-19T12:05:02Z] BUY-48198 wc cleanup complete rc=0 workspace=all after_pct=83 free_gb=34.7 report=/paperclip/instances/default/workspaces/logs/buy53095_wc_cycle_cleanup_report.json
[2026-06-19T12:05:02Z] starting apply=1 root=/paperclip/instances/default/workspaces log_retention_days=2 run_retention_days=3 heartbeat_retention_min=360 disk_artifact_retention_days=2 trash_archive_minutes=360 trash_archive_min_kb=262144 trash_archive_dirname=_trash_archives alert_pct=90
[2026-06-19T12:05:02Z] skip-undeletable kind=pycache-dir kb=4 path=/paperclip/instances/default/workspaces/7fb55262-e658-45e2-88c0-b0e8ccc5ad6c/scripts/__pycache__
[2026-06-19T12:05:02Z] skip-undeletable kind=pycache-file kb=24 path=/paperclip/instances/default/workspaces/7fb55262-e658-45e2-88c0-b0e8ccc5ad6c/scripts/__pycache__/ingested_marker.cpython-312.pyc
[2026-06-19T12:05:02Z] skip-undeletable kind=pycache-file kb=37 path=/paperclip/instances/default/workspaces/7fb55262-e658-45e2-88c0-b0e8ccc5ad6c/scripts/__pycache__/ingest_buy30620_lanes.cpython-312.pyc
[2026-06-19T12:05:05Z] deleted kind=stale-pid kb=1 path=/paperclip/instances/default/workspaces/476c8023-3635-45bb-9f71-db6f4f5700e1/buywhere-api/data/.buy31015-deep-page.pid
[2026-06-19T12:05:08Z] skip-undeletable kind=pycache-dir kb=4 path=/paperclip/instances/default/workspaces/3ec8f6dd-1735-4479-9825-a2c42edac34c/scripts/__pycache__
[2026-06-19T12:05:08Z] skip-undeletable kind=pycache-file kb=26 path=/paperclip/instances/default/workspaces/3ec8f6dd-1735-4479-9825-a2c42edac34c/scripts/__pycache__/ingest_buy30620_lanes.cpython-312.pyc
[2026-06-19T12:05:08Z] deleted kind=disk-monitor-dir kb=4 path=/paperclip/instances/default/workspaces/8ca957f8-0911-4e81-a963-e2cf54c97d44/data/buy-48198-disk-monitor-2026-06-16T120501Z
[2026-06-19T12:05:12Z] deleted kind=stale-pid kb=1 path=/paperclip/instances/default/workspaces/708a8ce4-96dd-409d-94e7-a91d5032e4e0/data/homedepot_scraper_w2.pid
[2026-06-19T12:05:12Z] deleted kind=stale-pid kb=1 path=/paperclip/instances/default/workspaces/708a8ce4-96dd-409d-94e7-a91d5032e4e0/data/homedepot_scraper_w0.pid
[2026-06-19T12:05:12Z] deleted kind=stale-pid kb=1 path=/paperclip/instances/default/workspaces/708a8ce4-96dd-409d-94e7-a91d5032e4e0/data/homedepot_scraper_w1.pid
[2026-06-19T12:05:12Z] deleted kind=stale-pid kb=1 path=/paperclip/instances/default/workspaces/708a8ce4-96dd-409d-94e7-a91d5032e4e0/data/homedepot_scraper_w3.pid
[2026-06-19T12:05:16Z] summary apply=1 scanned=15 removed=6 skipped_undeletable=5 failed=0 reclaimed_kb=9 report=/paperclip/instances/default/workspaces/logs/buy53114_worker_wc_cycle_cleanup_report.json
[2026-06-19T12:05:16Z] BUY-53114 worker cleanup complete rc=0 after_pct=83 free_gb=34.7 report=/paperclip/instances/default/workspaces/logs/buy53114_worker_wc_cycle_cleanup_report.json
{
  "generated_at": "2026-06-19T12:05:16.810Z",
  "status": "PASS",
  "blocked_reason": null,
  "filesystem": "/dev/vda1",
  "mount_path": "/",
  "free_bytes": 37214662656,
  "total_bytes": 206900281344,
  "warn_bytes": 21474836480,
  "critical_bytes": 5368709120,
  "consecutive_critical": 0,
  "consecutive_required": 1,
  "cooldown_ms": 14400000,
  "last_incident_id": null,
  "last_incident_identifier": null,
  "last_incident_at": null,
  "incident": null,
  "snapshot_dir": "/paperclip/instances/default/workspaces/476c8023-3635-45bb-9f71-db6f4f5700e1/buywhere-api/data/buy-48198-disk-monitor-2026-06-19T120516Z",
  "source_identifier": "BUY-48198",
  "execution_identifier": "BUY-48198",
  "alert_issue_identifier": "BUY-30808",
  "notes": [
    "free=34.7 GB (37214662656 B) warn<20.0 GB critical<5.0 GB"
  ]
}
[2026-06-19T12:05:16Z] BUY-48198 watchdog complete rc=0
[2026-06-19T12:10:01Z] BUY-48198 watchdog start before_pct=83 free_gb=34.6
[2026-06-19T12:10:01Z] starting workspace=/paperclip/instances/default/workspaces/476c8023-3635-45bb-9f71-db6f4f5700e1/buywhere-api apply=1 keep_hours=48 alert_pct=90
[2026-06-19T12:10:01Z] starting workspace=/paperclip/instances/default/workspaces/3ec8f6dd-1735-4479-9825-a2c42edac34c apply=1 keep_hours=48 alert_pct=90
[2026-06-19T12:10:02Z] BUY-48198 wc cleanup complete rc=0 workspace=all after_pct=83 free_gb=34.6 report=/paperclip/instances/default/workspaces/logs/buy53095_wc_cycle_cleanup_report.json
[2026-06-19T12:10:02Z] starting apply=1 root=/paperclip/instances/default/workspaces log_retention_days=2 run_retention_days=3 heartbeat_retention_min=360 disk_artifact_retention_days=2 trash_archive_minutes=360 trash_archive_min_kb=262144 trash_archive_dirname=_trash_archives alert_pct=90
[2026-06-19T12:10:02Z] skip-undeletable kind=pycache-dir kb=4 path=/paperclip/instances/default/workspaces/7fb55262-e658-45e2-88c0-b0e8ccc5ad6c/scripts/__pycache__
[2026-06-19T12:10:02Z] skip-undeletable kind=pycache-file kb=24 path=/paperclip/instances/default/workspaces/7fb55262-e658-45e2-88c0-b0e8ccc5ad6c/scripts/__pycache__/ingested_marker.cpython-312.pyc
[2026-06-19T12:10:02Z] skip-undeletable kind=pycache-file kb=37 path=/paperclip/instances/default/workspaces/7fb55262-e658-45e2-88c0-b0e8ccc5ad6c/scripts/__pycache__/ingest_buy30620_lanes.cpython-312.pyc
[2026-06-19T12:10:05Z] deleted kind=stale-pid kb=1 path=/paperclip/instances/default/workspaces/476c8023-3635-45bb-9f71-db6f4f5700e1/buywhere-api/data/.buy31015-deep-page.pid
[2026-06-19T12:10:08Z] skip-undeletable kind=pycache-dir kb=4 path=/paperclip/instances/default/workspaces/3ec8f6dd-1735-4479-9825-a2c42edac34c/scripts/__pycache__
[2026-06-19T12:10:08Z] skip-undeletable kind=pycache-file kb=26 path=/paperclip/instances/default/workspaces/3ec8f6dd-1735-4479-9825-a2c42edac34c/scripts/__pycache__/ingest_buy30620_lanes.cpython-312.pyc
[2026-06-19T12:10:08Z] deleted kind=cycle-log kb=1 path=/paperclip/instances/default/workspaces/3ec8f6dd-1735-4479-9825-a2c42edac34c/logs/buy31015-deep-supervisor-20260616T120802Z.log
[2026-06-19T12:10:09Z] deleted kind=disk-monitor-dir kb=4 path=/paperclip/instances/default/workspaces/8ca957f8-0911-4e81-a963-e2cf54c97d44/data/buy-48198-disk-monitor-2026-06-16T121001Z
[2026-06-19T12:10:16Z] summary apply=1 scanned=16 removed=3 skipped_undeletable=5 failed=0 reclaimed_kb=6 report=/paperclip/instances/default/workspaces/logs/buy53114_worker_wc_cycle_cleanup_report.json
[2026-06-19T12:10:16Z] BUY-53114 worker cleanup complete rc=0 after_pct=83 free_gb=34.6 report=/paperclip/instances/default/workspaces/logs/buy53114_worker_wc_cycle_cleanup_report.json
{
  "generated_at": "2026-06-19T12:10:16.259Z",
  "status": "PASS",
  "blocked_reason": null,
  "filesystem": "/dev/vda1",
  "mount_path": "/",
  "free_bytes": 37149437952,
  "total_bytes": 206900281344,
  "warn_bytes": 21474836480,
  "critical_bytes": 5368709120,
  "consecutive_critical": 0,
  "consecutive_required": 1,
  "cooldown_ms": 14400000,
  "last_incident_id": null,
  "last_incident_identifier": null,
  "last_incident_at": null,
  "incident": null,
  "snapshot_dir": "/paperclip/instances/default/workspaces/476c8023-3635-45bb-9f71-db6f4f5700e1/buywhere-api/data/buy-48198-disk-monitor-2026-06-19T121016Z",
  "source_identifier": "BUY-48198",
  "execution_identifier": "BUY-48198",
  "alert_issue_identifier": "BUY-30808",
  "notes": [
    "free=34.6 GB (37149437952 B) warn<20.0 GB critical<5.0 GB"
  ]
}
[2026-06-19T12:10:16Z] BUY-48198 watchdog complete rc=0
[2026-06-19T12:15:01Z] BUY-48198 watchdog start before_pct=83 free_gb=34.5
[2026-06-19T12:15:01Z] starting workspace=/paperclip/instances/default/workspaces/476c8023-3635-45bb-9f71-db6f4f5700e1/buywhere-api apply=1 keep_hours=48 alert_pct=90
[2026-06-19T12:15:01Z] starting workspace=/paperclip/instances/default/workspaces/3ec8f6dd-1735-4479-9825-a2c42edac34c apply=1 keep_hours=48 alert_pct=90
[2026-06-19T12:15:01Z] BUY-48198 wc cleanup complete rc=0 workspace=all after_pct=83 free_gb=34.5 report=/paperclip/instances/default/workspaces/logs/buy53095_wc_cycle_cleanup_report.json
[2026-06-19T12:15:01Z] starting apply=1 root=/paperclip/instances/default/workspaces log_retention_days=2 run_retention_days=3 heartbeat_retention_min=360 disk_artifact_retention_days=2 trash_archive_minutes=360 trash_archive_min_kb=262144 trash_archive_dirname=_trash_archives alert_pct=90
[2026-06-19T12:15:01Z] skip-undeletable kind=pycache-dir kb=4 path=/paperclip/instances/default/workspaces/7fb55262-e658-45e2-88c0-b0e8ccc5ad6c/scripts/__pycache__
[2026-06-19T12:15:01Z] skip-undeletable kind=pycache-file kb=24 path=/paperclip/instances/default/workspaces/7fb55262-e658-45e2-88c0-b0e8ccc5ad6c/scripts/__pycache__/ingested_marker.cpython-312.pyc
[2026-06-19T12:15:01Z] skip-undeletable kind=pycache-file kb=37 path=/paperclip/instances/default/workspaces/7fb55262-e658-45e2-88c0-b0e8ccc5ad6c/scripts/__pycache__/ingest_buy30620_lanes.cpython-312.pyc
[2026-06-19T12:15:04Z] deleted kind=stale-pid kb=1 path=/paperclip/instances/default/workspaces/476c8023-3635-45bb-9f71-db6f4f5700e1/buywhere-api/data/.buy31015-deep-page.pid
[2026-06-19T12:15:07Z] skip-undeletable kind=pycache-dir kb=4 path=/paperclip/instances/default/workspaces/3ec8f6dd-1735-4479-9825-a2c42edac34c/scripts/__pycache__
[2026-06-19T12:15:07Z] skip-undeletable kind=pycache-file kb=26 path=/paperclip/instances/default/workspaces/3ec8f6dd-1735-4479-9825-a2c42edac34c/scripts/__pycache__/ingest_buy30620_lanes.cpython-312.pyc
[2026-06-19T12:15:07Z] deleted kind=disk-monitor-dir kb=4 path=/paperclip/instances/default/workspaces/8ca957f8-0911-4e81-a963-e2cf54c97d44/data/buy-48198-disk-monitor-2026-06-16T121501Z
[2026-06-19T12:15:15Z] summary apply=1 scanned=15 removed=2 skipped_undeletable=5 failed=0 reclaimed_kb=5 report=/paperclip/instances/default/workspaces/logs/buy53114_worker_wc_cycle_cleanup_report.json
[2026-06-19T12:15:15Z] BUY-53114 worker cleanup complete rc=0 after_pct=83 free_gb=34.5 report=/paperclip/instances/default/workspaces/logs/buy53114_worker_wc_cycle_cleanup_report.json
{
  "generated_at": "2026-06-19T12:15:15.536Z",
  "status": "PASS",
  "blocked_reason": null,
  "filesystem": "/dev/vda1",
  "mount_path": "/",
  "free_bytes": 37030658048,
  "total_bytes": 206900281344,
  "warn_bytes": 21474836480,
  "critical_bytes": 5368709120,
  "consecutive_critical": 0,
  "consecutive_required": 1,
  "cooldown_ms": 14400000,
  "last_incident_id": null,
  "last_incident_identifier": null,
  "last_incident_at": null,
  "incident": null,
  "snapshot_dir": "/paperclip/instances/default/workspaces/476c8023-3635-45bb-9f71-db6f4f5700e1/buywhere-api/data/buy-48198-disk-monitor-2026-06-19T121515Z",
  "source_identifier": "BUY-48198",
  "execution_identifier": "BUY-48198",
  "alert_issue_identifier": "BUY-30808",
  "notes": [
    "free=34.5 GB (37030658048 B) warn<20.0 GB critical<5.0 GB"
  ]
}
[2026-06-19T12:15:15Z] BUY-48198 watchdog complete rc=0
[2026-06-19T12:20:02Z] BUY-48198 watchdog start before_pct=83 free_gb=34.5
[2026-06-19T12:20:02Z] starting workspace=/paperclip/instances/default/workspaces/476c8023-3635-45bb-9f71-db6f4f5700e1/buywhere-api apply=1 keep_hours=48 alert_pct=90
[2026-06-19T12:20:02Z] starting workspace=/paperclip/instances/default/workspaces/3ec8f6dd-1735-4479-9825-a2c42edac34c apply=1 keep_hours=48 alert_pct=90
[2026-06-19T12:20:02Z] BUY-48198 wc cleanup complete rc=0 workspace=all after_pct=83 free_gb=34.5 report=/paperclip/instances/default/workspaces/logs/buy53095_wc_cycle_cleanup_report.json
[2026-06-19T12:20:02Z] starting apply=1 root=/paperclip/instances/default/workspaces log_retention_days=2 run_retention_days=3 heartbeat_retention_min=360 disk_artifact_retention_days=2 trash_archive_minutes=360 trash_archive_min_kb=262144 trash_archive_dirname=_trash_archives alert_pct=90
[2026-06-19T12:20:03Z] skip-undeletable kind=pycache-dir kb=4 path=/paperclip/instances/default/workspaces/7fb55262-e658-45e2-88c0-b0e8ccc5ad6c/scripts/__pycache__
[2026-06-19T12:20:03Z] skip-undeletable kind=pycache-file kb=24 path=/paperclip/instances/default/workspaces/7fb55262-e658-45e2-88c0-b0e8ccc5ad6c/scripts/__pycache__/ingested_marker.cpython-312.pyc
[2026-06-19T12:20:03Z] skip-undeletable kind=pycache-file kb=37 path=/paperclip/instances/default/workspaces/7fb55262-e658-45e2-88c0-b0e8ccc5ad6c/scripts/__pycache__/ingest_buy30620_lanes.cpython-312.pyc
[2026-06-19T12:20:09Z] skip-undeletable kind=pycache-dir kb=4 path=/paperclip/instances/default/workspaces/3ec8f6dd-1735-4479-9825-a2c42edac34c/scripts/__pycache__
[2026-06-19T12:20:09Z] skip-undeletable kind=pycache-file kb=26 path=/paperclip/instances/default/workspaces/3ec8f6dd-1735-4479-9825-a2c42edac34c/scripts/__pycache__/ingest_buy30620_lanes.cpython-312.pyc
[2026-06-19T12:20:09Z] deleted kind=cycle-log kb=1 path=/paperclip/instances/default/workspaces/3ec8f6dd-1735-4479-9825-a2c42edac34c/logs/buy31015-deep-supervisor-20260616T121601Z.log
[2026-06-19T12:20:10Z] deleted kind=disk-monitor-dir kb=4 path=/paperclip/instances/default/workspaces/8ca957f8-0911-4e81-a963-e2cf54c97d44/data/buy-48198-disk-monitor-2026-06-16T122001Z
[2026-06-19T12:20:19Z] summary apply=1 scanned=15 removed=2 skipped_undeletable=5 failed=0 reclaimed_kb=5 report=/paperclip/instances/default/workspaces/logs/buy53114_worker_wc_cycle_cleanup_report.json
[2026-06-19T12:20:19Z] BUY-53114 worker cleanup complete rc=0 after_pct=83 free_gb=34.5 report=/paperclip/instances/default/workspaces/logs/buy53114_worker_wc_cycle_cleanup_report.json
{
  "generated_at": "2026-06-19T12:20:19.108Z",
  "status": "PASS",
  "blocked_reason": null,
  "filesystem": "/dev/vda1",
  "mount_path": "/",
  "free_bytes": 37035589632,
  "total_bytes": 206900281344,
  "warn_bytes": 21474836480,
  "critical_bytes": 5368709120,
  "consecutive_critical": 0,
  "consecutive_required": 1,
  "cooldown_ms": 14400000,
  "last_incident_id": null,
  "last_incident_identifier": null,
  "last_incident_at": null,
  "incident": null,
  "snapshot_dir": "/paperclip/instances/default/workspaces/476c8023-3635-45bb-9f71-db6f4f5700e1/buywhere-api/data/buy-48198-disk-monitor-2026-06-19T122019Z",
  "source_identifier": "BUY-48198",
  "execution_identifier": "BUY-48198",
  "alert_issue_identifier": "BUY-30808",
  "notes": [
    "free=34.5 GB (37035589632 B) warn<20.0 GB critical<5.0 GB"
  ]
}
[2026-06-19T12:20:19Z] BUY-48198 watchdog complete rc=0
[2026-06-19T12:25:01Z] BUY-48198 watchdog start before_pct=83 free_gb=34.4
[2026-06-19T12:25:02Z] starting workspace=/paperclip/instances/default/workspaces/476c8023-3635-45bb-9f71-db6f4f5700e1/buywhere-api apply=1 keep_hours=48 alert_pct=90
[2026-06-19T12:25:02Z] starting workspace=/paperclip/instances/default/workspaces/3ec8f6dd-1735-4479-9825-a2c42edac34c apply=1 keep_hours=48 alert_pct=90
[2026-06-19T12:25:02Z] BUY-48198 wc cleanup complete rc=0 workspace=all after_pct=83 free_gb=34.4 report=/paperclip/instances/default/workspaces/logs/buy53095_wc_cycle_cleanup_report.json
[2026-06-19T12:25:02Z] starting apply=1 root=/paperclip/instances/default/workspaces log_retention_days=2 run_retention_days=3 heartbeat_retention_min=360 disk_artifact_retention_days=2 trash_archive_minutes=360 trash_archive_min_kb=262144 trash_archive_dirname=_trash_archives alert_pct=90
[2026-06-19T12:25:02Z] skip-undeletable kind=pycache-dir kb=4 path=/paperclip/instances/default/workspaces/7fb55262-e658-45e2-88c0-b0e8ccc5ad6c/scripts/__pycache__
[2026-06-19T12:25:02Z] skip-undeletable kind=pycache-file kb=24 path=/paperclip/instances/default/workspaces/7fb55262-e658-45e2-88c0-b0e8ccc5ad6c/scripts/__pycache__/ingested_marker.cpython-312.pyc
[2026-06-19T12:25:02Z] skip-undeletable kind=pycache-file kb=37 path=/paperclip/instances/default/workspaces/7fb55262-e658-45e2-88c0-b0e8ccc5ad6c/scripts/__pycache__/ingest_buy30620_lanes.cpython-312.pyc
[2026-06-19T12:25:07Z] skip-undeletable kind=pycache-dir kb=4 path=/paperclip/instances/default/workspaces/3ec8f6dd-1735-4479-9825-a2c42edac34c/scripts/__pycache__
[2026-06-19T12:25:07Z] skip-undeletable kind=pycache-file kb=26 path=/paperclip/instances/default/workspaces/3ec8f6dd-1735-4479-9825-a2c42edac34c/scripts/__pycache__/ingest_buy30620_lanes.cpython-312.pyc
[2026-06-19T12:25:07Z] deleted kind=cycle-log kb=1 path=/paperclip/instances/default/workspaces/3ec8f6dd-1735-4479-9825-a2c42edac34c/logs/buy31015-deep-supervisor-20260616T122401Z.log
[2026-06-19T12:25:08Z] deleted kind=disk-monitor-dir kb=4 path=/paperclip/instances/default/workspaces/8ca957f8-0911-4e81-a963-e2cf54c97d44/data/buy-48198-disk-monitor-2026-06-16T122501Z
[2026-06-19T12:25:16Z] summary apply=1 scanned=15 removed=2 skipped_undeletable=5 failed=0 reclaimed_kb=5 report=/paperclip/instances/default/workspaces/logs/buy53114_worker_wc_cycle_cleanup_report.json
[2026-06-19T12:25:16Z] BUY-53114 worker cleanup complete rc=0 after_pct=83 free_gb=34.4 report=/paperclip/instances/default/workspaces/logs/buy53114_worker_wc_cycle_cleanup_report.json
{
  "generated_at": "2026-06-19T12:25:16.179Z",
  "status": "PASS",
  "blocked_reason": null,
  "filesystem": "/dev/vda1",
  "mount_path": "/",
  "free_bytes": 36912996352,
  "total_bytes": 206900281344,
  "warn_bytes": 21474836480,
  "critical_bytes": 5368709120,
  "consecutive_critical": 0,
  "consecutive_required": 1,
  "cooldown_ms": 14400000,
  "last_incident_id": null,
  "last_incident_identifier": null,
  "last_incident_at": null,
  "incident": null,
  "snapshot_dir": "/paperclip/instances/default/workspaces/476c8023-3635-45bb-9f71-db6f4f5700e1/buywhere-api/data/buy-48198-disk-monitor-2026-06-19T122516Z",
  "source_identifier": "BUY-48198",
  "execution_identifier": "BUY-48198",
  "alert_issue_identifier": "BUY-30808",
  "notes": [
    "free=34.4 GB (36912996352 B) warn<20.0 GB critical<5.0 GB"
  ]
}
[2026-06-19T12:25:16Z] BUY-48198 watchdog complete rc=0
[2026-06-19T12:30:01Z] BUY-48198 watchdog start before_pct=83 free_gb=34.3
[2026-06-19T12:30:01Z] starting workspace=/paperclip/instances/default/workspaces/476c8023-3635-45bb-9f71-db6f4f5700e1/buywhere-api apply=1 keep_hours=48 alert_pct=90
[2026-06-19T12:30:01Z] starting workspace=/paperclip/instances/default/workspaces/3ec8f6dd-1735-4479-9825-a2c42edac34c apply=1 keep_hours=48 alert_pct=90
[2026-06-19T12:30:02Z] BUY-48198 wc cleanup complete rc=0 workspace=all after_pct=83 free_gb=34.3 report=/paperclip/instances/default/workspaces/logs/buy53095_wc_cycle_cleanup_report.json
[2026-06-19T12:30:02Z] starting apply=1 root=/paperclip/instances/default/workspaces log_retention_days=2 run_retention_days=3 heartbeat_retention_min=360 disk_artifact_retention_days=2 trash_archive_minutes=360 trash_archive_min_kb=262144 trash_archive_dirname=_trash_archives alert_pct=90
[2026-06-19T12:30:02Z] skip-undeletable kind=pycache-dir kb=4 path=/paperclip/instances/default/workspaces/7fb55262-e658-45e2-88c0-b0e8ccc5ad6c/scripts/__pycache__
[2026-06-19T12:30:02Z] skip-undeletable kind=pycache-file kb=24 path=/paperclip/instances/default/workspaces/7fb55262-e658-45e2-88c0-b0e8ccc5ad6c/scripts/__pycache__/ingested_marker.cpython-312.pyc
[2026-06-19T12:30:02Z] skip-undeletable kind=pycache-file kb=37 path=/paperclip/instances/default/workspaces/7fb55262-e658-45e2-88c0-b0e8ccc5ad6c/scripts/__pycache__/ingest_buy30620_lanes.cpython-312.pyc
[2026-06-19T12:30:06Z] deleted kind=stale-pid kb=1 path=/paperclip/instances/default/workspaces/476c8023-3635-45bb-9f71-db6f4f5700e1/buywhere-api/data/.buy31015-deep-page.pid
[2026-06-19T12:30:09Z] skip-undeletable kind=pycache-dir kb=4 path=/paperclip/instances/default/workspaces/3ec8f6dd-1735-4479-9825-a2c42edac34c/scripts/__pycache__
[2026-06-19T12:30:09Z] skip-undeletable kind=pycache-file kb=26 path=/paperclip/instances/default/workspaces/3ec8f6dd-1735-4479-9825-a2c42edac34c/scripts/__pycache__/ingest_buy30620_lanes.cpython-312.pyc
[2026-06-19T12:30:10Z] deleted kind=disk-monitor-dir kb=4 path=/paperclip/instances/default/workspaces/8ca957f8-0911-4e81-a963-e2cf54c97d44/data/buy-48198-disk-monitor-2026-06-16T123001Z
[2026-06-19T12:30:19Z] summary apply=1 scanned=15 removed=2 skipped_undeletable=5 failed=0 reclaimed_kb=5 report=/paperclip/instances/default/workspaces/logs/buy53114_worker_wc_cycle_cleanup_report.json
[2026-06-19T12:30:19Z] BUY-53114 worker cleanup complete rc=0 after_pct=83 free_gb=34.3 report=/paperclip/instances/default/workspaces/logs/buy53114_worker_wc_cycle_cleanup_report.json
{
  "generated_at": "2026-06-19T12:30:19.402Z",
  "status": "PASS",
  "blocked_reason": null,
  "filesystem": "/dev/vda1",
  "mount_path": "/",
  "free_bytes": 36853260288,
  "total_bytes": 206900281344,
  "warn_bytes": 21474836480,
  "critical_bytes": 5368709120,
  "consecutive_critical": 0,
  "consecutive_required": 1,
  "cooldown_ms": 14400000,
  "last_incident_id": null,
  "last_incident_identifier": null,
  "last_incident_at": null,
  "incident": null,
  "snapshot_dir": "/paperclip/instances/default/workspaces/476c8023-3635-45bb-9f71-db6f4f5700e1/buywhere-api/data/buy-48198-disk-monitor-2026-06-19T123019Z",
  "source_identifier": "BUY-48198",
  "execution_identifier": "BUY-48198",
  "alert_issue_identifier": "BUY-30808",
  "notes": [
    "free=34.3 GB (36853260288 B) warn<20.0 GB critical<5.0 GB"
  ]
}
[2026-06-19T12:30:19Z] BUY-48198 watchdog complete rc=0
[2026-06-19T12:35:01Z] BUY-48198 watchdog start before_pct=83 free_gb=34.3
[2026-06-19T12:35:01Z] starting workspace=/paperclip/instances/default/workspaces/476c8023-3635-45bb-9f71-db6f4f5700e1/buywhere-api apply=1 keep_hours=48 alert_pct=90
[2026-06-19T12:35:01Z] starting workspace=/paperclip/instances/default/workspaces/3ec8f6dd-1735-4479-9825-a2c42edac34c apply=1 keep_hours=48 alert_pct=90
[2026-06-19T12:35:02Z] BUY-48198 wc cleanup complete rc=0 workspace=all after_pct=83 free_gb=34.3 report=/paperclip/instances/default/workspaces/logs/buy53095_wc_cycle_cleanup_report.json
[2026-06-19T12:35:02Z] starting apply=1 root=/paperclip/instances/default/workspaces log_retention_days=2 run_retention_days=3 heartbeat_retention_min=360 disk_artifact_retention_days=2 trash_archive_minutes=360 trash_archive_min_kb=262144 trash_archive_dirname=_trash_archives alert_pct=90
[2026-06-19T12:35:02Z] skip-undeletable kind=pycache-dir kb=4 path=/paperclip/instances/default/workspaces/7fb55262-e658-45e2-88c0-b0e8ccc5ad6c/scripts/__pycache__
[2026-06-19T12:35:02Z] skip-undeletable kind=pycache-file kb=24 path=/paperclip/instances/default/workspaces/7fb55262-e658-45e2-88c0-b0e8ccc5ad6c/scripts/__pycache__/ingested_marker.cpython-312.pyc
[2026-06-19T12:35:02Z] skip-undeletable kind=pycache-file kb=37 path=/paperclip/instances/default/workspaces/7fb55262-e658-45e2-88c0-b0e8ccc5ad6c/scripts/__pycache__/ingest_buy30620_lanes.cpython-312.pyc
[2026-06-19T12:35:05Z] deleted kind=stale-pid kb=1 path=/paperclip/instances/default/workspaces/476c8023-3635-45bb-9f71-db6f4f5700e1/buywhere-api/data/.buy31015-deep-page.pid
[2026-06-19T12:35:07Z] skip-undeletable kind=pycache-dir kb=4 path=/paperclip/instances/default/workspaces/3ec8f6dd-1735-4479-9825-a2c42edac34c/scripts/__pycache__
[2026-06-19T12:35:07Z] skip-undeletable kind=pycache-file kb=26 path=/paperclip/instances/default/workspaces/3ec8f6dd-1735-4479-9825-a2c42edac34c/scripts/__pycache__/ingest_buy30620_lanes.cpython-312.pyc
[2026-06-19T12:35:07Z] deleted kind=cycle-log kb=1 path=/paperclip/instances/default/workspaces/3ec8f6dd-1735-4479-9825-a2c42edac34c/logs/buy31015-deep-supervisor-20260616T123202Z.log
[2026-06-19T12:35:08Z] deleted kind=disk-monitor-dir kb=4 path=/paperclip/instances/default/workspaces/8ca957f8-0911-4e81-a963-e2cf54c97d44/data/buy-48198-disk-monitor-2026-06-16T123501Z
[2026-06-19T12:35:15Z] summary apply=1 scanned=16 removed=3 skipped_undeletable=5 failed=0 reclaimed_kb=6 report=/paperclip/instances/default/workspaces/logs/buy53114_worker_wc_cycle_cleanup_report.json
[2026-06-19T12:35:15Z] BUY-53114 worker cleanup complete rc=0 after_pct=83 free_gb=34.3 report=/paperclip/instances/default/workspaces/logs/buy53114_worker_wc_cycle_cleanup_report.json
{
  "generated_at": "2026-06-19T12:35:15.900Z",
  "status": "PASS",
  "blocked_reason": null,
  "filesystem": "/dev/vda1",
  "mount_path": "/",
  "free_bytes": 36795711488,
  "total_bytes": 206900281344,
  "warn_bytes": 21474836480,
  "critical_bytes": 5368709120,
  "consecutive_critical": 0,
  "consecutive_required": 1,
  "cooldown_ms": 14400000,
  "last_incident_id": null,
  "last_incident_identifier": null,
  "last_incident_at": null,
  "incident": null,
  "snapshot_dir": "/paperclip/instances/default/workspaces/476c8023-3635-45bb-9f71-db6f4f5700e1/buywhere-api/data/buy-48198-disk-monitor-2026-06-19T123515Z",
  "source_identifier": "BUY-48198",
  "execution_identifier": "BUY-48198",
  "alert_issue_identifier": "BUY-30808",
  "notes": [
    "free=34.3 GB (36795711488 B) warn<20.0 GB critical<5.0 GB"
  ]
}
[2026-06-19T12:35:15Z] BUY-48198 watchdog complete rc=0
[2026-06-19T12:50:01Z] BUY-48198 watchdog start
{
  "generated_at": "2026-06-19T12:50:01.572Z",
  "status": "PASS",
  "filesystem": "/dev/vda1",
  "mount_path": "/",
  "free_gb": 32.1,
  "size_bytes": 206900281344,
  "available_bytes": 34428514304,
  "warn_gb": 20,
  "critical_gb": 5,
  "incident_created": false,
  "notes": [
    "Filesystem /dev/vda1 mounted at /",
    "32.1 GB free (84% used)",
    "Disk space healthy"
  ]
}
[2026-06-19T12:50:01Z] BUY-48198 watchdog complete rc=0
[2026-06-19T12:55:01Z] BUY-48198 watchdog start
{
  "generated_at": "2026-06-19T12:55:01.974Z",
  "status": "PASS",
  "filesystem": "/dev/vda1",
  "mount_path": "/",
  "free_gb": 33.4,
  "size_bytes": 206900281344,
  "available_bytes": 35880525824,
  "warn_gb": 20,
  "critical_gb": 5,
  "incident_created": false,
  "notes": [
    "Filesystem /dev/vda1 mounted at /",
    "33.4 GB free (83% used)",
    "Disk space healthy"
  ]
}
[2026-06-19T12:55:01Z] BUY-48198 watchdog complete rc=0
[2026-06-19T13:00:01Z] BUY-48198 watchdog start
{
  "generated_at": "2026-06-19T13:00:01.702Z",
  "status": "PASS",
  "filesystem": "/dev/vda1",
  "mount_path": "/",
  "free_gb": 33.3,
  "size_bytes": 206900281344,
  "available_bytes": 35759239168,
  "warn_gb": 20,
  "critical_gb": 5,
  "incident_created": false,
  "notes": [
    "Filesystem /dev/vda1 mounted at /",
    "33.3 GB free (83% used)",
    "Disk space healthy"
  ]
}
[2026-06-19T13:00:01Z] BUY-48198 watchdog complete rc=0
[2026-06-19T13:05:01Z] BUY-48198 watchdog start
{
  "generated_at": "2026-06-19T13:05:01.902Z",
  "status": "PASS",
  "filesystem": "/dev/vda1",
  "mount_path": "/",
  "free_gb": 33.2,
  "size_bytes": 206900281344,
  "available_bytes": 35607764992,
  "warn_gb": 20,
  "critical_gb": 5,
  "incident_created": false,
  "notes": [
    "Filesystem /dev/vda1 mounted at /",
    "33.2 GB free (83% used)",
    "Disk space healthy"
  ]
}
[2026-06-19T13:05:01Z] BUY-48198 watchdog complete rc=0
[2026-06-19T13:10:01Z] BUY-48198 watchdog start
{
  "generated_at": "2026-06-19T13:10:01.167Z",
  "status": "PASS",
  "filesystem": "/dev/vda1",
  "mount_path": "/",
  "free_gb": 33.1,
  "size_bytes": 206900281344,
  "available_bytes": 35577712640,
  "warn_gb": 20,
  "critical_gb": 5,
  "incident_created": false,
  "notes": [
    "Filesystem /dev/vda1 mounted at /",
    "33.1 GB free (83% used)",
    "Disk space healthy"
  ]
}
[2026-06-19T13:10:01Z] BUY-48198 watchdog complete rc=0
[2026-06-19T13:15:01Z] BUY-48198 watchdog start
{
  "generated_at": "2026-06-19T13:15:01.931Z",
  "status": "PASS",
  "filesystem": "/dev/vda1",
  "mount_path": "/",
  "free_gb": 33,
  "size_bytes": 206900281344,
  "available_bytes": 35473567744,
  "warn_gb": 20,
  "critical_gb": 5,
  "incident_created": false,
  "notes": [
    "Filesystem /dev/vda1 mounted at /",
    "33 GB free (83% used)",
    "Disk space healthy"
  ]
}
[2026-06-19T13:15:01Z] BUY-48198 watchdog complete rc=0
[2026-06-19T13:20:01Z] BUY-48198 watchdog start
{
  "generated_at": "2026-06-19T13:20:01.519Z",
  "status": "PASS",
  "filesystem": "/dev/vda1",
  "mount_path": "/",
  "free_gb": 33,
  "size_bytes": 206900281344,
  "available_bytes": 35410739200,
  "warn_gb": 20,
  "critical_gb": 5,
  "incident_created": false,
  "notes": [
    "Filesystem /dev/vda1 mounted at /",
    "33 GB free (83% used)",
    "Disk space healthy"
  ]
}
[2026-06-19T13:20:01Z] BUY-48198 watchdog complete rc=0
[2026-06-19T13:25:01Z] BUY-48198 watchdog start
{
  "generated_at": "2026-06-19T13:25:01.247Z",
  "status": "PASS",
  "filesystem": "/dev/vda1",
  "mount_path": "/",
  "free_gb": 32.9,
  "size_bytes": 206900281344,
  "available_bytes": 35282079744,
  "warn_gb": 20,
  "critical_gb": 5,
  "incident_created": false,
  "notes": [
    "Filesystem /dev/vda1 mounted at /",
    "32.9 GB free (83% used)",
    "Disk space healthy"
  ]
}
[2026-06-19T13:25:01Z] BUY-48198 watchdog complete rc=0
[2026-06-19T13:30:01Z] BUY-48198 watchdog start
{
  "generated_at": "2026-06-19T13:30:01.332Z",
  "status": "PASS",
  "filesystem": "/dev/vda1",
  "mount_path": "/",
  "free_gb": 32.6,
  "size_bytes": 206900281344,
  "available_bytes": 34987483136,
  "warn_gb": 20,
  "critical_gb": 5,
  "incident_created": false,
  "notes": [
    "Filesystem /dev/vda1 mounted at /",
    "32.6 GB free (84% used)",
    "Disk space healthy"
  ]
}
[2026-06-19T13:30:01Z] BUY-48198 watchdog complete rc=0
[2026-06-19T13:35:01Z] BUY-48198 watchdog start
{
  "generated_at": "2026-06-19T13:35:01.230Z",
  "status": "PASS",
  "filesystem": "/dev/vda1",
  "mount_path": "/",
  "free_gb": 32.4,
  "size_bytes": 206900281344,
  "available_bytes": 34806894592,
  "warn_gb": 20,
  "critical_gb": 5,
  "incident_created": false,
  "notes": [
    "Filesystem /dev/vda1 mounted at /",
    "32.4 GB free (84% used)",
    "Disk space healthy"
  ]
}
[2026-06-19T13:35:01Z] BUY-48198 watchdog complete rc=0
[2026-06-19T13:40:01Z] BUY-48198 watchdog start
[2026-06-19T13:40:02Z] starting workspace=/paperclip/instances/default/workspaces/476c8023-3635-45bb-9f71-db6f4f5700e1/buywhere-api apply=1 keep_hours=48 alert_pct=90
[2026-06-19T13:40:02Z] starting workspace=/paperclip/instances/default/workspaces/3ec8f6dd-1735-4479-9825-a2c42edac34c apply=1 keep_hours=48 alert_pct=90
[2026-06-19T13:40:02Z] BUY-48198 wc cleanup completed rc=0
[2026-06-19T13:40:02Z] starting apply=1 root=/paperclip/instances/default/workspaces log_retention_days=2 run_retention_days=3 heartbeat_retention_min=360 disk_artifact_retention_days=2 trash_archive_minutes=360 trash_archive_min_kb=262144 trash_archive_dirname=_trash_archives alert_pct=90
[2026-06-19T13:40:02Z] skip-undeletable kind=pycache-dir kb=4 path=/paperclip/instances/default/workspaces/7fb55262-e658-45e2-88c0-b0e8ccc5ad6c/scripts/__pycache__
[2026-06-19T13:40:02Z] skip-undeletable kind=pycache-file kb=24 path=/paperclip/instances/default/workspaces/7fb55262-e658-45e2-88c0-b0e8ccc5ad6c/scripts/__pycache__/ingested_marker.cpython-312.pyc
[2026-06-19T13:40:02Z] skip-undeletable kind=pycache-file kb=37 path=/paperclip/instances/default/workspaces/7fb55262-e658-45e2-88c0-b0e8ccc5ad6c/scripts/__pycache__/ingest_buy30620_lanes.cpython-312.pyc
[2026-06-19T13:40:03Z] deleted kind=stale-heartbeat kb=1 path=/paperclip/instances/default/workspaces/a29ac9dc-cf0a-455b-964c-e75bd2f5fc47/data/buy31142-crew-wc-rest.heartbeat
[2026-06-19T13:40:03Z] deleted kind=runs-dir kb=4 path=/paperclip/instances/default/workspaces/85b280a3-a3e8-4681-83ce-dfd953888c33/buywhere-api/data/runs/BILL_14344_20260515_170201
[2026-06-19T13:40:05Z] deleted kind=stale-pid kb=1 path=/paperclip/instances/default/workspaces/476c8023-3635-45bb-9f71-db6f4f5700e1/buywhere-api/data/fairprice_scrape/scraper.pid
[2026-06-19T13:40:05Z] deleted kind=stale-pid kb=1 path=/paperclip/instances/default/workspaces/476c8023-3635-45bb-9f71-db6f4f5700e1/buywhere-api/data/.buy31015-deep-page.pid
[2026-06-19T13:40:05Z] deleted kind=stale-heartbeat kb=1 path=/paperclip/instances/default/workspaces/476c8023-3635-45bb-9f71-db6f4f5700e1/buywhere-api/data/.buy31015-deep-page.heartbeat
[2026-06-19T13:40:08Z] skip-undeletable kind=pycache-dir kb=4 path=/paperclip/instances/default/workspaces/3ec8f6dd-1735-4479-9825-a2c42edac34c/scripts/__pycache__
[2026-06-19T13:40:09Z] skip-undeletable kind=pycache-file kb=26 path=/paperclip/instances/default/workspaces/3ec8f6dd-1735-4479-9825-a2c42edac34c/scripts/__pycache__/ingest_buy30620_lanes.cpython-312.pyc
[2026-06-19T13:40:09Z] deleted kind=cycle-log kb=1 path=/paperclip/instances/default/workspaces/3ec8f6dd-1735-4479-9825-a2c42edac34c/logs/buy31015-deep-supervisor-20260616T124802Z.log
[2026-06-19T13:40:09Z] deleted kind=cycle-log kb=1 path=/paperclip/instances/default/workspaces/3ec8f6dd-1735-4479-9825-a2c42edac34c/logs/buy31015-deep-supervisor-20260616T132401Z.log
[2026-06-19T13:40:09Z] deleted kind=cycle-log kb=1 path=/paperclip/instances/default/workspaces/3ec8f6dd-1735-4479-9825-a2c42edac34c/logs/buy31015-deep-supervisor-20260616T133202Z.log
[2026-06-19T13:40:09Z] deleted kind=cycle-log kb=1 path=/paperclip/instances/default/workspaces/3ec8f6dd-1735-4479-9825-a2c42edac34c/logs/buy31015-deep-supervisor-20260616T130801Z.log
[2026-06-19T13:40:09Z] deleted kind=cycle-log kb=1 path=/paperclip/instances/default/workspaces/3ec8f6dd-1735-4479-9825-a2c42edac34c/logs/buy31015-deep-supervisor-20260616T125601Z.log
[2026-06-19T13:40:09Z] deleted kind=cycle-log kb=1 path=/paperclip/instances/default/workspaces/3ec8f6dd-1735-4479-9825-a2c42edac34c/logs/buy31015-deep-supervisor-20260616T124001Z.log
[2026-06-19T13:40:09Z] deleted kind=cycle-log kb=1 path=/paperclip/instances/default/workspaces/3ec8f6dd-1735-4479-9825-a2c42edac34c/logs/buy31015-deep-supervisor-20260616T131602Z.log
[2026-06-19T13:40:10Z] deleted kind=disk-monitor-dir kb=4 path=/paperclip/instances/default/workspaces/8ca957f8-0911-4e81-a963-e2cf54c97d44/data/buy-48198-disk-monitor-2026-06-16T130001Z
[2026-06-19T13:40:10Z] deleted kind=disk-monitor-dir kb=4 path=/paperclip/instances/default/workspaces/8ca957f8-0911-4e81-a963-e2cf54c97d44/data/buy-48198-disk-monitor-2026-06-16T124501Z
[2026-06-19T13:40:10Z] deleted kind=disk-monitor-dir kb=4 path=/paperclip/instances/default/workspaces/8ca957f8-0911-4e81-a963-e2cf54c97d44/data/buy-48198-disk-monitor-2026-06-16T131001Z
[2026-06-19T13:40:10Z] deleted kind=disk-monitor-dir kb=4 path=/paperclip/instances/default/workspaces/8ca957f8-0911-4e81-a963-e2cf54c97d44/data/buy-48198-disk-monitor-2026-06-16T133001Z
[2026-06-19T13:40:10Z] deleted kind=disk-monitor-dir kb=4 path=/paperclip/instances/default/workspaces/8ca957f8-0911-4e81-a963-e2cf54c97d44/data/buy-48198-disk-monitor-2026-06-16T125501Z
[2026-06-19T13:40:10Z] deleted kind=disk-monitor-dir kb=4 path=/paperclip/instances/default/workspaces/8ca957f8-0911-4e81-a963-e2cf54c97d44/data/buy-48198-disk-monitor-2026-06-16T133501Z
[2026-06-19T13:40:10Z] deleted kind=disk-monitor-dir kb=4 path=/paperclip/instances/default/workspaces/8ca957f8-0911-4e81-a963-e2cf54c97d44/data/buy-48198-disk-monitor-2026-06-16T125001Z
[2026-06-19T13:40:10Z] deleted kind=disk-monitor-dir kb=4 path=/paperclip/instances/default/workspaces/8ca957f8-0911-4e81-a963-e2cf54c97d44/data/buy-48198-disk-monitor-2026-06-16T134001Z
[2026-06-19T13:40:10Z] deleted kind=disk-monitor-dir kb=4 path=/paperclip/instances/default/workspaces/8ca957f8-0911-4e81-a963-e2cf54c97d44/data/buy-48198-disk-monitor-2026-06-16T132001Z
[2026-06-19T13:40:10Z] deleted kind=disk-monitor-dir kb=4 path=/paperclip/instances/default/workspaces/8ca957f8-0911-4e81-a963-e2cf54c97d44/data/buy-48198-disk-monitor-2026-06-16T132501Z
[2026-06-19T13:40:10Z] deleted kind=disk-monitor-dir kb=4 path=/paperclip/instances/default/workspaces/8ca957f8-0911-4e81-a963-e2cf54c97d44/data/buy-48198-disk-monitor-2026-06-16T130501Z
[2026-06-19T13:40:10Z] deleted kind=disk-monitor-dir kb=4 path=/paperclip/instances/default/workspaces/8ca957f8-0911-4e81-a963-e2cf54c97d44/data/buy-48198-disk-monitor-2026-06-16T131501Z
[2026-06-19T13:40:10Z] deleted kind=disk-monitor-dir kb=4 path=/paperclip/instances/default/workspaces/8ca957f8-0911-4e81-a963-e2cf54c97d44/data/buy-48198-disk-monitor-2026-06-16T124001Z
[2026-06-19T13:40:18Z] summary apply=1 scanned=37 removed=25 skipped_undeletable=5 failed=0 reclaimed_kb=67 report=/paperclip/instances/default/workspaces/logs/buy53114_worker_wc_cycle_cleanup_report.json
[2026-06-19T13:40:18Z] BUY-48198 worker artifact cleanup completed rc=0
{
  "generated_at": "2026-06-19T13:40:18.517Z",
  "status": "PASS",
  "filesystem": "/dev/vda1",
  "mount_path": "/",
  "free_gb": 32.3,
  "size_bytes": 206900281344,
  "available_bytes": 34710122496,
  "warn_gb": 20,
  "critical_gb": 5,
  "incident_created": false,
  "notes": [
    "Filesystem /dev/vda1 mounted at /",
    "32.3 GB free (84% used)",
    "Disk space healthy"
  ]
}
[2026-06-19T13:40:18Z] BUY-48198 watchdog complete rc=0
[2026-06-19T13:42:27Z] BUY-48198 watchdog start
[2026-06-19T13:42:27Z] starting workspace=/paperclip/instances/default/workspaces/476c8023-3635-45bb-9f71-db6f4f5700e1/buywhere-api apply=1 keep_hours=48 alert_pct=90
[2026-06-19T13:42:27Z] starting workspace=/paperclip/instances/default/workspaces/3ec8f6dd-1735-4479-9825-a2c42edac34c apply=1 keep_hours=48 alert_pct=90
[2026-06-19T13:42:28Z] BUY-48198 wc cleanup completed rc=0
[2026-06-19T13:42:28Z] starting apply=1 root=/paperclip/instances/default/workspaces log_retention_days=2 run_retention_days=3 heartbeat_retention_min=360 disk_artifact_retention_days=2 trash_archive_minutes=360 trash_archive_min_kb=262144 trash_archive_dirname=_trash_archives alert_pct=90
[2026-06-19T13:42:28Z] skip-undeletable kind=pycache-dir kb=4 path=/paperclip/instances/default/workspaces/7fb55262-e658-45e2-88c0-b0e8ccc5ad6c/scripts/__pycache__
[2026-06-19T13:42:28Z] skip-undeletable kind=pycache-file kb=24 path=/paperclip/instances/default/workspaces/7fb55262-e658-45e2-88c0-b0e8ccc5ad6c/scripts/__pycache__/ingested_marker.cpython-312.pyc
[2026-06-19T13:42:28Z] skip-undeletable kind=pycache-file kb=37 path=/paperclip/instances/default/workspaces/7fb55262-e658-45e2-88c0-b0e8ccc5ad6c/scripts/__pycache__/ingest_buy30620_lanes.cpython-312.pyc
[2026-06-19T13:42:31Z] deleted kind=stale-pid kb=1 path=/paperclip/instances/default/workspaces/476c8023-3635-45bb-9f71-db6f4f5700e1/buywhere-api/data/.buy31015-deep-page.pid
[2026-06-19T13:42:34Z] skip-undeletable kind=pycache-dir kb=4 path=/paperclip/instances/default/workspaces/3ec8f6dd-1735-4479-9825-a2c42edac34c/scripts/__pycache__
[2026-06-19T13:42:34Z] skip-undeletable kind=pycache-file kb=26 path=/paperclip/instances/default/workspaces/3ec8f6dd-1735-4479-9825-a2c42edac34c/scripts/__pycache__/ingest_buy30620_lanes.cpython-312.pyc
[2026-06-19T13:42:42Z] summary apply=1 scanned=13 removed=1 skipped_undeletable=5 failed=0 reclaimed_kb=1 report=/paperclip/instances/default/workspaces/logs/buy53114_worker_wc_cycle_cleanup_report.json
[2026-06-19T13:42:42Z] BUY-48198 worker artifact cleanup completed rc=0
{
  "generated_at": "2026-06-19T13:42:42.803Z",
  "status": "PASS",
  "filesystem": "/dev/vda1",
  "mount_path": "/",
  "free_gb": 32.3,
  "size_bytes": 206900281344,
  "available_bytes": 34646167552,
  "warn_gb": 20,
  "critical_gb": 5,
  "incident_created": false,
  "notes": [
    "Filesystem /dev/vda1 mounted at /",
    "32.3 GB free (84% used)",
    "Disk space healthy"
  ]
}
[2026-06-19T13:42:42Z] BUY-48198 watchdog complete rc=0
[2026-06-19T13:45:02Z] BUY-48198 watchdog start
[2026-06-19T13:45:02Z] starting workspace=/paperclip/instances/default/workspaces/476c8023-3635-45bb-9f71-db6f4f5700e1/buywhere-api apply=1 keep_hours=48 alert_pct=90
[2026-06-19T13:45:02Z] starting workspace=/paperclip/instances/default/workspaces/3ec8f6dd-1735-4479-9825-a2c42edac34c apply=1 keep_hours=48 alert_pct=90
[2026-06-19T13:45:02Z] BUY-48198 wc cleanup completed rc=0
[2026-06-19T13:45:02Z] starting apply=1 root=/paperclip/instances/default/workspaces log_retention_days=2 run_retention_days=3 heartbeat_retention_min=360 disk_artifact_retention_days=2 trash_archive_minutes=360 trash_archive_min_kb=262144 trash_archive_dirname=_trash_archives alert_pct=90
[2026-06-19T13:45:02Z] skip-undeletable kind=pycache-dir kb=4 path=/paperclip/instances/default/workspaces/7fb55262-e658-45e2-88c0-b0e8ccc5ad6c/scripts/__pycache__
[2026-06-19T13:45:02Z] skip-undeletable kind=pycache-file kb=24 path=/paperclip/instances/default/workspaces/7fb55262-e658-45e2-88c0-b0e8ccc5ad6c/scripts/__pycache__/ingested_marker.cpython-312.pyc
[2026-06-19T13:45:02Z] skip-undeletable kind=pycache-file kb=37 path=/paperclip/instances/default/workspaces/7fb55262-e658-45e2-88c0-b0e8ccc5ad6c/scripts/__pycache__/ingest_buy30620_lanes.cpython-312.pyc
[2026-06-19T13:45:09Z] skip-undeletable kind=pycache-dir kb=4 path=/paperclip/instances/default/workspaces/3ec8f6dd-1735-4479-9825-a2c42edac34c/scripts/__pycache__
[2026-06-19T13:45:09Z] skip-undeletable kind=pycache-file kb=26 path=/paperclip/instances/default/workspaces/3ec8f6dd-1735-4479-9825-a2c42edac34c/scripts/__pycache__/ingest_buy30620_lanes.cpython-312.pyc
[2026-06-19T13:45:09Z] deleted kind=cycle-log kb=1 path=/paperclip/instances/default/workspaces/3ec8f6dd-1735-4479-9825-a2c42edac34c/logs/buy31015-deep-supervisor-20260616T134002Z.log
[2026-06-19T13:45:10Z] deleted kind=disk-monitor-dir kb=4 path=/paperclip/instances/default/workspaces/8ca957f8-0911-4e81-a963-e2cf54c97d44/data/buy-48198-disk-monitor-2026-06-16T134501Z
[2026-06-19T13:45:18Z] summary apply=1 scanned=14 removed=2 skipped_undeletable=5 failed=0 reclaimed_kb=5 report=/paperclip/instances/default/workspaces/logs/buy53114_worker_wc_cycle_cleanup_report.json
[2026-06-19T13:45:18Z] BUY-48198 worker artifact cleanup completed rc=0
{
  "generated_at": "2026-06-19T13:45:18.328Z",
  "status": "PASS",
  "filesystem": "/dev/vda1",
  "mount_path": "/",
  "free_gb": 32.2,
  "size_bytes": 206900281344,
  "available_bytes": 34609029120,
  "warn_gb": 20,
  "critical_gb": 5,
  "incident_created": false,
  "notes": [
    "Filesystem /dev/vda1 mounted at /",
    "32.2 GB free (84% used)",
    "Disk space healthy"
  ]
}
[2026-06-19T13:45:18Z] BUY-48198 watchdog complete rc=0
[2026-06-19T13:50:02Z] BUY-48198 watchdog start
[2026-06-19T13:50:02Z] starting workspace=/paperclip/instances/default/workspaces/476c8023-3635-45bb-9f71-db6f4f5700e1/buywhere-api apply=1 keep_hours=48 alert_pct=90
[2026-06-19T13:50:02Z] starting workspace=/paperclip/instances/default/workspaces/3ec8f6dd-1735-4479-9825-a2c42edac34c apply=1 keep_hours=48 alert_pct=90
[2026-06-19T13:50:02Z] BUY-48198 wc cleanup completed rc=0
[2026-06-19T13:50:02Z] starting apply=1 root=/paperclip/instances/default/workspaces log_retention_days=2 run_retention_days=3 heartbeat_retention_min=360 disk_artifact_retention_days=2 trash_archive_minutes=360 trash_archive_min_kb=262144 trash_archive_dirname=_trash_archives alert_pct=90
[2026-06-19T13:50:02Z] skip-undeletable kind=pycache-dir kb=4 path=/paperclip/instances/default/workspaces/7fb55262-e658-45e2-88c0-b0e8ccc5ad6c/scripts/__pycache__
[2026-06-19T13:50:02Z] skip-undeletable kind=pycache-file kb=24 path=/paperclip/instances/default/workspaces/7fb55262-e658-45e2-88c0-b0e8ccc5ad6c/scripts/__pycache__/ingested_marker.cpython-312.pyc
[2026-06-19T13:50:02Z] skip-undeletable kind=pycache-file kb=37 path=/paperclip/instances/default/workspaces/7fb55262-e658-45e2-88c0-b0e8ccc5ad6c/scripts/__pycache__/ingest_buy30620_lanes.cpython-312.pyc
[2026-06-19T13:50:05Z] deleted kind=stale-pid kb=1 path=/paperclip/instances/default/workspaces/476c8023-3635-45bb-9f71-db6f4f5700e1/buywhere-api/data/.buy31015-deep-page.pid
[2026-06-19T13:50:09Z] skip-undeletable kind=pycache-dir kb=4 path=/paperclip/instances/default/workspaces/3ec8f6dd-1735-4479-9825-a2c42edac34c/scripts/__pycache__
[2026-06-19T13:50:09Z] skip-undeletable kind=pycache-file kb=26 path=/paperclip/instances/default/workspaces/3ec8f6dd-1735-4479-9825-a2c42edac34c/scripts/__pycache__/ingest_buy30620_lanes.cpython-312.pyc
[2026-06-19T13:50:09Z] deleted kind=cycle-log kb=1 path=/paperclip/instances/default/workspaces/3ec8f6dd-1735-4479-9825-a2c42edac34c/logs/buy31015-deep-supervisor-20260616T134801Z.log
[2026-06-19T13:50:09Z] deleted kind=disk-monitor-dir kb=4 path=/paperclip/instances/default/workspaces/8ca957f8-0911-4e81-a963-e2cf54c97d44/data/buy-48198-disk-monitor-2026-06-16T135001Z
[2026-06-19T13:50:17Z] summary apply=1 scanned=15 removed=3 skipped_undeletable=5 failed=0 reclaimed_kb=6 report=/paperclip/instances/default/workspaces/logs/buy53114_worker_wc_cycle_cleanup_report.json
[2026-06-19T13:50:17Z] BUY-48198 worker artifact cleanup completed rc=0
{
  "generated_at": "2026-06-19T13:50:17.540Z",
  "status": "PASS",
  "filesystem": "/dev/vda1",
  "mount_path": "/",
  "free_gb": 32.2,
  "size_bytes": 206900281344,
  "available_bytes": 34534813696,
  "warn_gb": 20,
  "critical_gb": 5,
  "incident_created": false,
  "notes": [
    "Filesystem /dev/vda1 mounted at /",
    "32.2 GB free (84% used)",
    "Disk space healthy"
  ]
}
[2026-06-19T13:50:17Z] BUY-48198 watchdog complete rc=0
[2026-06-19T13:55:01Z] BUY-48198 watchdog start
[2026-06-19T13:55:02Z] starting workspace=/paperclip/instances/default/workspaces/476c8023-3635-45bb-9f71-db6f4f5700e1/buywhere-api apply=1 keep_hours=48 alert_pct=90
[2026-06-19T13:55:02Z] starting workspace=/paperclip/instances/default/workspaces/3ec8f6dd-1735-4479-9825-a2c42edac34c apply=1 keep_hours=48 alert_pct=90
[2026-06-19T13:55:02Z] BUY-48198 wc cleanup completed rc=0
[2026-06-19T13:55:02Z] starting apply=1 root=/paperclip/instances/default/workspaces log_retention_days=2 run_retention_days=3 heartbeat_retention_min=360 disk_artifact_retention_days=2 trash_archive_minutes=360 trash_archive_min_kb=262144 trash_archive_dirname=_trash_archives alert_pct=90
[2026-06-19T13:55:02Z] skip-undeletable kind=pycache-dir kb=4 path=/paperclip/instances/default/workspaces/7fb55262-e658-45e2-88c0-b0e8ccc5ad6c/scripts/__pycache__
[2026-06-19T13:55:02Z] skip-undeletable kind=pycache-file kb=24 path=/paperclip/instances/default/workspaces/7fb55262-e658-45e2-88c0-b0e8ccc5ad6c/scripts/__pycache__/ingested_marker.cpython-312.pyc
[2026-06-19T13:55:02Z] skip-undeletable kind=pycache-file kb=37 path=/paperclip/instances/default/workspaces/7fb55262-e658-45e2-88c0-b0e8ccc5ad6c/scripts/__pycache__/ingest_buy30620_lanes.cpython-312.pyc
[2026-06-19T13:55:09Z] skip-undeletable kind=pycache-dir kb=4 path=/paperclip/instances/default/workspaces/3ec8f6dd-1735-4479-9825-a2c42edac34c/scripts/__pycache__
[2026-06-19T13:55:09Z] skip-undeletable kind=pycache-file kb=26 path=/paperclip/instances/default/workspaces/3ec8f6dd-1735-4479-9825-a2c42edac34c/scripts/__pycache__/ingest_buy30620_lanes.cpython-312.pyc
[2026-06-19T13:55:10Z] deleted kind=disk-monitor-dir kb=4 path=/paperclip/instances/default/workspaces/8ca957f8-0911-4e81-a963-e2cf54c97d44/data/buy-48198-disk-monitor-2026-06-16T135501Z
[2026-06-19T13:55:18Z] summary apply=1 scanned=13 removed=1 skipped_undeletable=5 failed=0 reclaimed_kb=4 report=/paperclip/instances/default/workspaces/logs/buy53114_worker_wc_cycle_cleanup_report.json
[2026-06-19T13:55:18Z] BUY-48198 worker artifact cleanup completed rc=0
{
  "generated_at": "2026-06-19T13:55:18.362Z",
  "status": "PASS",
  "filesystem": "/dev/vda1",
  "mount_path": "/",
  "free_gb": 32.1,
  "size_bytes": 206900281344,
  "available_bytes": 34428952576,
  "warn_gb": 20,
  "critical_gb": 5,
  "incident_created": false,
  "notes": [
    "Filesystem /dev/vda1 mounted at /",
    "32.1 GB free (84% used)",
    "Disk space healthy"
  ]
}
[2026-06-19T13:55:18Z] BUY-48198 watchdog complete rc=0
[2026-06-19T13:55:28Z] BUY-48198 watchdog start
[2026-06-19T13:55:28Z] starting workspace=/paperclip/instances/default/workspaces/476c8023-3635-45bb-9f71-db6f4f5700e1/buywhere-api apply=1 keep_hours=48 alert_pct=90
[2026-06-19T13:55:28Z] starting workspace=/paperclip/instances/default/workspaces/3ec8f6dd-1735-4479-9825-a2c42edac34c apply=1 keep_hours=48 alert_pct=90
[2026-06-19T13:55:28Z] trashed reason=stale_cycle_ndjson kb=0 path=/paperclip/instances/default/workspaces/3ec8f6dd-1735-4479-9825-a2c42edac34c/data/buy30392-retailer-feeds/cycle-1-2026-06-17T13-55-07-365Z.ndjson
[2026-06-19T13:55:28Z] BUY-48198 wc cleanup completed rc=0
[2026-06-19T13:55:28Z] starting apply=1 root=/paperclip/instances/default/workspaces log_retention_days=2 run_retention_days=3 heartbeat_retention_min=360 disk_artifact_retention_days=2 trash_archive_minutes=360 trash_archive_min_kb=262144 trash_archive_dirname=_trash_archives alert_pct=90
[2026-06-19T13:55:28Z] skip-undeletable kind=pycache-dir kb=4 path=/paperclip/instances/default/workspaces/7fb55262-e658-45e2-88c0-b0e8ccc5ad6c/scripts/__pycache__
[2026-06-19T13:55:28Z] skip-undeletable kind=pycache-file kb=24 path=/paperclip/instances/default/workspaces/7fb55262-e658-45e2-88c0-b0e8ccc5ad6c/scripts/__pycache__/ingested_marker.cpython-312.pyc
[2026-06-19T13:55:28Z] skip-undeletable kind=pycache-file kb=37 path=/paperclip/instances/default/workspaces/7fb55262-e658-45e2-88c0-b0e8ccc5ad6c/scripts/__pycache__/ingest_buy30620_lanes.cpython-312.pyc
[2026-06-19T13:55:35Z] skip-undeletable kind=pycache-dir kb=4 path=/paperclip/instances/default/workspaces/3ec8f6dd-1735-4479-9825-a2c42edac34c/scripts/__pycache__
[2026-06-19T13:55:35Z] skip-undeletable kind=pycache-file kb=26 path=/paperclip/instances/default/workspaces/3ec8f6dd-1735-4479-9825-a2c42edac34c/scripts/__pycache__/ingest_buy30620_lanes.cpython-312.pyc
[2026-06-19T13:55:43Z] summary apply=1 scanned=13 removed=0 skipped_undeletable=5 failed=0 reclaimed_kb=0 report=/paperclip/instances/default/workspaces/logs/buy53114_worker_wc_cycle_cleanup_report.json
[2026-06-19T13:55:43Z] BUY-48198 worker artifact cleanup completed rc=0
{
  "generated_at": "2026-06-19T13:55:44.017Z",
  "status": "PASS",
  "filesystem": "/dev/vda1",
  "mount_path": "/",
  "free_gb": 32.1,
  "size_bytes": 206900281344,
  "available_bytes": 34415243264,
  "warn_gb": 20,
  "critical_gb": 5,
  "incident_created": false,
  "notes": [
    "Filesystem /dev/vda1 mounted at /",
    "32.1 GB free (84% used)",
    "Disk space healthy"
  ]
}
[2026-06-19T13:55:44Z] BUY-48198 watchdog complete rc=0
[2026-06-19T14:00:01Z] BUY-48198 watchdog start
[2026-06-19T14:00:01Z] starting workspace=/paperclip/instances/default/workspaces/3ec8f6dd-1735-4479-9825-a2c42edac34c apply=1 keep_hours=48 alert_pct=90
[2026-06-19T14:00:01Z] trashed reason=stale_cycle_ndjson kb=0 path=/paperclip/instances/default/workspaces/3ec8f6dd-1735-4479-9825-a2c42edac34c/data/buy30392-retailer-feeds/cycle-4-2026-06-17T13-58-35-352Z.ndjson
[2026-06-19T14:00:02Z] trashed reason=stale_cycle_ndjson kb=0 path=/paperclip/instances/default/workspaces/3ec8f6dd-1735-4479-9825-a2c42edac34c/data/buy30392-retailer-feeds/cycle-2-2026-06-17T13-56-16-799Z.ndjson
[2026-06-19T14:00:02Z] trashed reason=stale_cycle_ndjson kb=0 path=/paperclip/instances/default/workspaces/3ec8f6dd-1735-4479-9825-a2c42edac34c/data/buy30392-retailer-feeds/cycle-3-2026-06-17T13-57-26-295Z.ndjson
[2026-06-19T14:00:02Z] BUY-48198 wc cleanup completed rc=0
[2026-06-19T14:00:02Z] starting apply=1 root=/paperclip/instances/default/workspaces log_retention_days=2 run_retention_days=3 heartbeat_retention_min=360 disk_artifact_retention_days=2 trash_archive_minutes=360 trash_archive_min_kb=262144 trash_archive_dirname=_trash_archives alert_pct=90
[2026-06-19T14:00:03Z] skip-undeletable kind=pycache-dir kb=4 path=/paperclip/instances/default/workspaces/7fb55262-e658-45e2-88c0-b0e8ccc5ad6c/scripts/__pycache__
[2026-06-19T14:00:03Z] skip-undeletable kind=pycache-file kb=24 path=/paperclip/instances/default/workspaces/7fb55262-e658-45e2-88c0-b0e8ccc5ad6c/scripts/__pycache__/ingested_marker.cpython-312.pyc
[2026-06-19T14:00:03Z] skip-undeletable kind=pycache-file kb=37 path=/paperclip/instances/default/workspaces/7fb55262-e658-45e2-88c0-b0e8ccc5ad6c/scripts/__pycache__/ingest_buy30620_lanes.cpython-312.pyc
[2026-06-19T14:00:06Z] deleted kind=stale-pid kb=1 path=/paperclip/instances/default/workspaces/476c8023-3635-45bb-9f71-db6f4f5700e1/buywhere-api/data/.buy31015-deep-page.pid
[2026-06-19T14:00:10Z] skip-undeletable kind=pycache-dir kb=4 path=/paperclip/instances/default/workspaces/3ec8f6dd-1735-4479-9825-a2c42edac34c/scripts/__pycache__
[2026-06-19T14:00:10Z] skip-undeletable kind=pycache-file kb=26 path=/paperclip/instances/default/workspaces/3ec8f6dd-1735-4479-9825-a2c42edac34c/scripts/__pycache__/ingest_buy30620_lanes.cpython-312.pyc
[2026-06-19T14:00:10Z] deleted kind=cycle-log kb=1 path=/paperclip/instances/default/workspaces/3ec8f6dd-1735-4479-9825-a2c42edac34c/logs/buy31015-deep-supervisor-20260616T135602Z.log
[2026-06-19T14:00:11Z] deleted kind=disk-monitor-dir kb=4 path=/paperclip/instances/default/workspaces/8ca957f8-0911-4e81-a963-e2cf54c97d44/data/buy-48198-disk-monitor-2026-06-16T140002Z
[2026-06-19T14:00:18Z] summary apply=1 scanned=16 removed=3 skipped_undeletable=5 failed=0 reclaimed_kb=6 report=/paperclip/instances/default/workspaces/logs/buy53114_worker_wc_cycle_cleanup_report.json
[2026-06-19T14:00:18Z] BUY-48198 worker artifact cleanup completed rc=0
{
  "generated_at": "2026-06-19T14:00:18.497Z",
  "status": "PASS",
  "filesystem": "/dev/vda1",
  "mount_path": "/",
  "free_gb": 32,
  "size_bytes": 206900281344,
  "available_bytes": 34318753792,
  "warn_gb": 20,
  "critical_gb": 5,
  "incident_created": false,
  "notes": [
    "Filesystem /dev/vda1 mounted at /",
    "32 GB free (84% used)",
    "Disk space healthy"
  ]
}
[2026-06-19T14:00:18Z] BUY-48198 watchdog complete rc=0
[2026-06-19T14:05:01Z] BUY-48198 watchdog start
[2026-06-19T14:05:02Z] BUY-48198 wc cleanup completed rc=0
[2026-06-19T14:05:02Z] starting apply=1 root=/paperclip/instances/default/workspaces log_retention_days=2 run_retention_days=3 heartbeat_retention_min=360 disk_artifact_retention_days=2 trash_archive_minutes=360 trash_archive_min_kb=262144 trash_archive_dirname=_trash_archives alert_pct=90
[2026-06-19T14:05:02Z] skip-undeletable kind=pycache-dir kb=4 path=/paperclip/instances/default/workspaces/7fb55262-e658-45e2-88c0-b0e8ccc5ad6c/scripts/__pycache__
[2026-06-19T14:05:02Z] skip-undeletable kind=pycache-file kb=24 path=/paperclip/instances/default/workspaces/7fb55262-e658-45e2-88c0-b0e8ccc5ad6c/scripts/__pycache__/ingested_marker.cpython-312.pyc
[2026-06-19T14:05:02Z] skip-undeletable kind=pycache-file kb=37 path=/paperclip/instances/default/workspaces/7fb55262-e658-45e2-88c0-b0e8ccc5ad6c/scripts/__pycache__/ingest_buy30620_lanes.cpython-312.pyc
[2026-06-19T14:05:05Z] deleted kind=stale-pid kb=1 path=/paperclip/instances/default/workspaces/476c8023-3635-45bb-9f71-db6f4f5700e1/buywhere-api/data/.buy31015-deep-page.pid
[2026-06-19T14:05:09Z] skip-undeletable kind=pycache-dir kb=4 path=/paperclip/instances/default/workspaces/3ec8f6dd-1735-4479-9825-a2c42edac34c/scripts/__pycache__
[2026-06-19T14:05:09Z] skip-undeletable kind=pycache-file kb=26 path=/paperclip/instances/default/workspaces/3ec8f6dd-1735-4479-9825-a2c42edac34c/scripts/__pycache__/ingest_buy30620_lanes.cpython-312.pyc
[2026-06-19T14:05:17Z] summary apply=1 scanned=13 removed=1 skipped_undeletable=5 failed=0 reclaimed_kb=1 report=/paperclip/instances/default/workspaces/logs/buy53114_worker_wc_cycle_cleanup_report.json
[2026-06-19T14:05:17Z] BUY-48198 worker artifact cleanup completed rc=0
{
  "generated_at": "2026-06-19T14:05:17.930Z",
  "status": "PASS",
  "filesystem": "/dev/vda1",
  "mount_path": "/",
  "free_gb": 31.9,
  "size_bytes": 206900281344,
  "available_bytes": 34242363392,
  "warn_gb": 20,
  "critical_gb": 5,
  "incident_created": false,
  "notes": [
    "Filesystem /dev/vda1 mounted at /",
    "31.9 GB free (84% used)",
    "Disk space healthy"
  ]
}
[2026-06-19T14:05:17Z] BUY-48198 watchdog complete rc=0
[2026-06-19T14:10:02Z] BUY-48198 watchdog start
[2026-06-19T14:10:02Z] BUY-48198 wc cleanup completed rc=0
[2026-06-19T14:10:02Z] starting apply=1 root=/paperclip/instances/default/workspaces log_retention_days=2 run_retention_days=3 heartbeat_retention_min=360 disk_artifact_retention_days=2 trash_archive_minutes=360 trash_archive_min_kb=262144 trash_archive_dirname=_trash_archives alert_pct=90
[2026-06-19T14:10:02Z] skip-undeletable kind=pycache-dir kb=4 path=/paperclip/instances/default/workspaces/7fb55262-e658-45e2-88c0-b0e8ccc5ad6c/scripts/__pycache__
[2026-06-19T14:10:02Z] skip-undeletable kind=pycache-file kb=24 path=/paperclip/instances/default/workspaces/7fb55262-e658-45e2-88c0-b0e8ccc5ad6c/scripts/__pycache__/ingested_marker.cpython-312.pyc
[2026-06-19T14:10:02Z] skip-undeletable kind=pycache-file kb=37 path=/paperclip/instances/default/workspaces/7fb55262-e658-45e2-88c0-b0e8ccc5ad6c/scripts/__pycache__/ingest_buy30620_lanes.cpython-312.pyc
[2026-06-19T14:10:05Z] deleted kind=stale-pid kb=1 path=/paperclip/instances/default/workspaces/476c8023-3635-45bb-9f71-db6f4f5700e1/buywhere-api/data/.buy31015-deep-page.pid
[2026-06-19T14:10:09Z] skip-undeletable kind=pycache-dir kb=4 path=/paperclip/instances/default/workspaces/3ec8f6dd-1735-4479-9825-a2c42edac34c/scripts/__pycache__
[2026-06-19T14:10:09Z] skip-undeletable kind=pycache-file kb=26 path=/paperclip/instances/default/workspaces/3ec8f6dd-1735-4479-9825-a2c42edac34c/scripts/__pycache__/ingest_buy30620_lanes.cpython-312.pyc
[2026-06-19T14:10:09Z] deleted kind=cycle-log kb=1 path=/paperclip/instances/default/workspaces/3ec8f6dd-1735-4479-9825-a2c42edac34c/logs/buy31015-deep-supervisor-20260616T140802Z.log
[2026-06-19T14:10:10Z] deleted kind=disk-monitor-dir kb=4 path=/paperclip/instances/default/workspaces/8ca957f8-0911-4e81-a963-e2cf54c97d44/data/buy-48198-disk-monitor-2026-06-16T141001Z
[2026-06-19T14:10:10Z] deleted kind=disk-monitor-dir kb=4 path=/paperclip/instances/default/workspaces/8ca957f8-0911-4e81-a963-e2cf54c97d44/data/buy-48198-disk-monitor-2026-06-16T140501Z
[2026-06-19T14:10:17Z] summary apply=1 scanned=16 removed=4 skipped_undeletable=5 failed=0 reclaimed_kb=10 report=/paperclip/instances/default/workspaces/logs/buy53114_worker_wc_cycle_cleanup_report.json
[2026-06-19T14:10:17Z] BUY-48198 worker artifact cleanup completed rc=0
{
  "generated_at": "2026-06-19T14:10:17.654Z",
  "status": "PASS",
  "filesystem": "/dev/vda1",
  "mount_path": "/",
  "free_gb": 31.8,
  "size_bytes": 206900281344,
  "available_bytes": 34141138944,
  "warn_gb": 20,
  "critical_gb": 5,
  "incident_created": false,
  "notes": [
    "Filesystem /dev/vda1 mounted at /",
    "31.8 GB free (84% used)",
    "Disk space healthy"
  ]
}
[2026-06-19T14:10:17Z] BUY-48198 watchdog complete rc=0
[2026-06-19T14:15:01Z] BUY-48198 watchdog start
[2026-06-19T14:15:02Z] BUY-48198 wc cleanup completed rc=0
[2026-06-19T14:15:02Z] starting apply=1 root=/paperclip/instances/default/workspaces log_retention_days=2 run_retention_days=3 heartbeat_retention_min=360 disk_artifact_retention_days=2 trash_archive_minutes=360 trash_archive_min_kb=262144 trash_archive_dirname=_trash_archives alert_pct=90
[2026-06-19T14:15:02Z] skip-undeletable kind=pycache-dir kb=4 path=/paperclip/instances/default/workspaces/7fb55262-e658-45e2-88c0-b0e8ccc5ad6c/scripts/__pycache__
[2026-06-19T14:15:02Z] skip-undeletable kind=pycache-file kb=24 path=/paperclip/instances/default/workspaces/7fb55262-e658-45e2-88c0-b0e8ccc5ad6c/scripts/__pycache__/ingested_marker.cpython-312.pyc
[2026-06-19T14:15:02Z] skip-undeletable kind=pycache-file kb=37 path=/paperclip/instances/default/workspaces/7fb55262-e658-45e2-88c0-b0e8ccc5ad6c/scripts/__pycache__/ingest_buy30620_lanes.cpython-312.pyc
[2026-06-19T14:15:08Z] skip-undeletable kind=pycache-dir kb=4 path=/paperclip/instances/default/workspaces/3ec8f6dd-1735-4479-9825-a2c42edac34c/scripts/__pycache__
[2026-06-19T14:15:09Z] skip-undeletable kind=pycache-file kb=26 path=/paperclip/instances/default/workspaces/3ec8f6dd-1735-4479-9825-a2c42edac34c/scripts/__pycache__/ingest_buy30620_lanes.cpython-312.pyc
[2026-06-19T14:15:09Z] deleted kind=disk-monitor-dir kb=4 path=/paperclip/instances/default/workspaces/8ca957f8-0911-4e81-a963-e2cf54c97d44/data/buy-48198-disk-monitor-2026-06-16T141501Z
[2026-06-19T14:15:17Z] summary apply=1 scanned=13 removed=1 skipped_undeletable=5 failed=0 reclaimed_kb=4 report=/paperclip/instances/default/workspaces/logs/buy53114_worker_wc_cycle_cleanup_report.json
[2026-06-19T14:15:17Z] BUY-48198 worker artifact cleanup completed rc=0
{
  "generated_at": "2026-06-19T14:15:17.476Z",
  "status": "PASS",
  "filesystem": "/dev/vda1",
  "mount_path": "/",
  "free_gb": 31.6,
  "size_bytes": 206900281344,
  "available_bytes": 33896079360,
  "warn_gb": 20,
  "critical_gb": 5,
  "incident_created": false,
  "notes": [
    "Filesystem /dev/vda1 mounted at /",
    "31.6 GB free (84% used)",
    "Disk space healthy"
  ]
}
[2026-06-19T14:15:17Z] BUY-48198 watchdog complete rc=0
[2026-06-19T14:20:01Z] BUY-48198 watchdog start
[2026-06-19T14:20:01Z] BUY-48198 wc cleanup completed rc=0
[2026-06-19T14:20:01Z] starting apply=1 root=/paperclip/instances/default/workspaces log_retention_days=2 run_retention_days=3 heartbeat_retention_min=360 disk_artifact_retention_days=2 trash_archive_minutes=360 trash_archive_min_kb=262144 trash_archive_dirname=_trash_archives alert_pct=90
[2026-06-19T14:20:01Z] skip-undeletable kind=pycache-dir kb=4 path=/paperclip/instances/default/workspaces/7fb55262-e658-45e2-88c0-b0e8ccc5ad6c/scripts/__pycache__
[2026-06-19T14:20:01Z] skip-undeletable kind=pycache-file kb=24 path=/paperclip/instances/default/workspaces/7fb55262-e658-45e2-88c0-b0e8ccc5ad6c/scripts/__pycache__/ingested_marker.cpython-312.pyc
[2026-06-19T14:20:01Z] skip-undeletable kind=pycache-file kb=37 path=/paperclip/instances/default/workspaces/7fb55262-e658-45e2-88c0-b0e8ccc5ad6c/scripts/__pycache__/ingest_buy30620_lanes.cpython-312.pyc
[2026-06-19T14:20:04Z] deleted kind=stale-pid kb=1 path=/paperclip/instances/default/workspaces/476c8023-3635-45bb-9f71-db6f4f5700e1/buywhere-api/data/.buy31015-deep-page.pid
[2026-06-19T14:20:08Z] skip-undeletable kind=pycache-dir kb=4 path=/paperclip/instances/default/workspaces/3ec8f6dd-1735-4479-9825-a2c42edac34c/scripts/__pycache__
[2026-06-19T14:20:08Z] skip-undeletable kind=pycache-file kb=26 path=/paperclip/instances/default/workspaces/3ec8f6dd-1735-4479-9825-a2c42edac34c/scripts/__pycache__/ingest_buy30620_lanes.cpython-312.pyc
[2026-06-19T14:20:08Z] deleted kind=cycle-log kb=1 path=/paperclip/instances/default/workspaces/3ec8f6dd-1735-4479-9825-a2c42edac34c/logs/buy31015-deep-supervisor-20260616T141602Z.log
[2026-06-19T14:20:16Z] summary apply=1 scanned=14 removed=2 skipped_undeletable=5 failed=0 reclaimed_kb=2 report=/paperclip/instances/default/workspaces/logs/buy53114_worker_wc_cycle_cleanup_report.json
[2026-06-19T14:20:16Z] BUY-48198 worker artifact cleanup completed rc=0
{
  "generated_at": "2026-06-19T14:20:16.588Z",
  "status": "PASS",
  "filesystem": "/dev/vda1",
  "mount_path": "/",
  "free_gb": 31.4,
  "size_bytes": 206900281344,
  "available_bytes": 33720553472,
  "warn_gb": 20,
  "critical_gb": 5,
  "incident_created": false,
  "notes": [
    "Filesystem /dev/vda1 mounted at /",
    "31.4 GB free (84% used)",
    "Disk space healthy"
  ]
}
[2026-06-19T14:20:16Z] BUY-48198 watchdog complete rc=0
[2026-06-19T14:25:01Z] BUY-48198 watchdog start
[2026-06-19T14:25:01Z] BUY-48198 wc cleanup completed rc=0
[2026-06-19T14:25:01Z] starting apply=1 root=/paperclip/instances/default/workspaces log_retention_days=2 run_retention_days=3 heartbeat_retention_min=360 disk_artifact_retention_days=2 trash_archive_minutes=360 trash_archive_min_kb=262144 trash_archive_dirname=_trash_archives alert_pct=90
[2026-06-19T14:25:01Z] skip-undeletable kind=pycache-dir kb=4 path=/paperclip/instances/default/workspaces/7fb55262-e658-45e2-88c0-b0e8ccc5ad6c/scripts/__pycache__
[2026-06-19T14:25:01Z] skip-undeletable kind=pycache-file kb=24 path=/paperclip/instances/default/workspaces/7fb55262-e658-45e2-88c0-b0e8ccc5ad6c/scripts/__pycache__/ingested_marker.cpython-312.pyc
[2026-06-19T14:25:01Z] skip-undeletable kind=pycache-file kb=37 path=/paperclip/instances/default/workspaces/7fb55262-e658-45e2-88c0-b0e8ccc5ad6c/scripts/__pycache__/ingest_buy30620_lanes.cpython-312.pyc
[2026-06-19T14:25:08Z] skip-undeletable kind=pycache-dir kb=4 path=/paperclip/instances/default/workspaces/3ec8f6dd-1735-4479-9825-a2c42edac34c/scripts/__pycache__
[2026-06-19T14:25:08Z] skip-undeletable kind=pycache-file kb=26 path=/paperclip/instances/default/workspaces/3ec8f6dd-1735-4479-9825-a2c42edac34c/scripts/__pycache__/ingest_buy30620_lanes.cpython-312.pyc
[2026-06-19T14:25:09Z] deleted kind=cycle-log kb=1 path=/paperclip/instances/default/workspaces/3ec8f6dd-1735-4479-9825-a2c42edac34c/logs/buy31015-deep-supervisor-20260616T142402Z.log
[2026-06-19T14:25:09Z] deleted kind=disk-monitor-dir kb=4 path=/paperclip/instances/default/workspaces/8ca957f8-0911-4e81-a963-e2cf54c97d44/data/buy-48198-disk-monitor-2026-06-16T142501Z
[2026-06-19T14:25:16Z] summary apply=1 scanned=14 removed=2 skipped_undeletable=5 failed=0 reclaimed_kb=5 report=/paperclip/instances/default/workspaces/logs/buy53114_worker_wc_cycle_cleanup_report.json
[2026-06-19T14:25:16Z] BUY-48198 worker artifact cleanup completed rc=0
{
  "generated_at": "2026-06-19T14:25:17.032Z",
  "status": "PASS",
  "filesystem": "/dev/vda1",
  "mount_path": "/",
  "free_gb": 31.3,
  "size_bytes": 206900281344,
  "available_bytes": 33615654912,
  "warn_gb": 20,
  "critical_gb": 5,
  "incident_created": false,
  "notes": [
    "Filesystem /dev/vda1 mounted at /",
    "31.3 GB free (84% used)",
    "Disk space healthy"
  ]
}
[2026-06-19T14:25:17Z] BUY-48198 watchdog complete rc=0
[2026-06-19T14:30:01Z] BUY-48198 watchdog start
[2026-06-19T14:30:02Z] BUY-48198 wc cleanup completed rc=0
[2026-06-19T14:30:02Z] starting apply=1 root=/paperclip/instances/default/workspaces log_retention_days=2 run_retention_days=3 heartbeat_retention_min=360 disk_artifact_retention_days=2 trash_archive_minutes=360 trash_archive_min_kb=262144 trash_archive_dirname=_trash_archives alert_pct=90
[2026-06-19T14:30:02Z] skip-undeletable kind=pycache-dir kb=4 path=/paperclip/instances/default/workspaces/7fb55262-e658-45e2-88c0-b0e8ccc5ad6c/scripts/__pycache__
[2026-06-19T14:30:02Z] skip-undeletable kind=pycache-file kb=24 path=/paperclip/instances/default/workspaces/7fb55262-e658-45e2-88c0-b0e8ccc5ad6c/scripts/__pycache__/ingested_marker.cpython-312.pyc
[2026-06-19T14:30:02Z] skip-undeletable kind=pycache-file kb=37 path=/paperclip/instances/default/workspaces/7fb55262-e658-45e2-88c0-b0e8ccc5ad6c/scripts/__pycache__/ingest_buy30620_lanes.cpython-312.pyc
[2026-06-19T14:30:06Z] deleted kind=stale-pid kb=1 path=/paperclip/instances/default/workspaces/476c8023-3635-45bb-9f71-db6f4f5700e1/buywhere-api/data/.buy31015-deep-page.pid
[2026-06-19T14:30:10Z] skip-undeletable kind=pycache-dir kb=4 path=/paperclip/instances/default/workspaces/3ec8f6dd-1735-4479-9825-a2c42edac34c/scripts/__pycache__
[2026-06-19T14:30:10Z] skip-undeletable kind=pycache-file kb=26 path=/paperclip/instances/default/workspaces/3ec8f6dd-1735-4479-9825-a2c42edac34c/scripts/__pycache__/ingest_buy30620_lanes.cpython-312.pyc
[2026-06-19T14:30:10Z] deleted kind=disk-monitor-dir kb=4 path=/paperclip/instances/default/workspaces/8ca957f8-0911-4e81-a963-e2cf54c97d44/data/buy-48198-disk-monitor-2026-06-16T143001Z
[2026-06-19T14:30:19Z] summary apply=1 scanned=14 removed=2 skipped_undeletable=5 failed=0 reclaimed_kb=5 report=/paperclip/instances/default/workspaces/logs/buy53114_worker_wc_cycle_cleanup_report.json
[2026-06-19T14:30:19Z] BUY-48198 worker artifact cleanup completed rc=0
{
  "generated_at": "2026-06-19T14:30:19.076Z",
  "status": "PASS",
  "filesystem": "/dev/vda1",
  "mount_path": "/",
  "free_gb": 31.1,
  "size_bytes": 206900281344,
  "available_bytes": 33429737472,
  "warn_gb": 20,
  "critical_gb": 5,
  "incident_created": false,
  "notes": [
    "Filesystem /dev/vda1 mounted at /",
    "31.1 GB free (84% used)",
    "Disk space healthy"
  ]
}
[2026-06-19T14:30:19Z] BUY-48198 watchdog complete rc=0
[2026-06-19T14:35:01Z] BUY-48198 watchdog start
[2026-06-19T14:35:02Z] BUY-48198 wc cleanup completed rc=0
[2026-06-19T14:35:02Z] starting apply=1 root=/paperclip/instances/default/workspaces log_retention_days=2 run_retention_days=3 heartbeat_retention_min=360 disk_artifact_retention_days=2 trash_archive_minutes=360 trash_archive_min_kb=262144 trash_archive_dirname=_trash_archives alert_pct=90
[2026-06-19T14:35:02Z] skip-undeletable kind=pycache-dir kb=4 path=/paperclip/instances/default/workspaces/7fb55262-e658-45e2-88c0-b0e8ccc5ad6c/scripts/__pycache__
[2026-06-19T14:35:02Z] skip-undeletable kind=pycache-file kb=24 path=/paperclip/instances/default/workspaces/7fb55262-e658-45e2-88c0-b0e8ccc5ad6c/scripts/__pycache__/ingested_marker.cpython-312.pyc
[2026-06-19T14:35:02Z] skip-undeletable kind=pycache-file kb=37 path=/paperclip/instances/default/workspaces/7fb55262-e658-45e2-88c0-b0e8ccc5ad6c/scripts/__pycache__/ingest_buy30620_lanes.cpython-312.pyc
[2026-06-19T14:35:05Z] deleted kind=stale-pid kb=1 path=/paperclip/instances/default/workspaces/476c8023-3635-45bb-9f71-db6f4f5700e1/buywhere-api/data/.buy31015-deep-page.pid
[2026-06-19T14:35:09Z] skip-undeletable kind=pycache-dir kb=4 path=/paperclip/instances/default/workspaces/3ec8f6dd-1735-4479-9825-a2c42edac34c/scripts/__pycache__
[2026-06-19T14:35:09Z] skip-undeletable kind=pycache-file kb=26 path=/paperclip/instances/default/workspaces/3ec8f6dd-1735-4479-9825-a2c42edac34c/scripts/__pycache__/ingest_buy30620_lanes.cpython-312.pyc
[2026-06-19T14:35:09Z] deleted kind=cycle-log kb=1 path=/paperclip/instances/default/workspaces/3ec8f6dd-1735-4479-9825-a2c42edac34c/logs/buy31015-deep-supervisor-20260616T143202Z.log
[2026-06-19T14:35:10Z] deleted kind=disk-monitor-dir kb=4 path=/paperclip/instances/default/workspaces/8ca957f8-0911-4e81-a963-e2cf54c97d44/data/buy-48198-disk-monitor-2026-06-16T143501Z
[2026-06-19T14:35:17Z] summary apply=1 scanned=15 removed=3 skipped_undeletable=5 failed=0 reclaimed_kb=6 report=/paperclip/instances/default/workspaces/logs/buy53114_worker_wc_cycle_cleanup_report.json
[2026-06-19T14:35:17Z] BUY-48198 worker artifact cleanup completed rc=0
{
  "generated_at": "2026-06-19T14:35:17.893Z",
  "status": "PASS",
  "filesystem": "/dev/vda1",
  "mount_path": "/",
  "free_gb": 31.1,
  "size_bytes": 206900281344,
  "available_bytes": 33399803904,
  "warn_gb": 20,
  "critical_gb": 5,
  "incident_created": false,
  "notes": [
    "Filesystem /dev/vda1 mounted at /",
    "31.1 GB free (84% used)",
    "Disk space healthy"
  ]
}
[2026-06-19T14:35:17Z] BUY-48198 watchdog complete rc=0
[2026-06-19T14:40:01Z] BUY-48198 watchdog start
[2026-06-19T14:40:02Z] BUY-48198 wc cleanup completed rc=0
[2026-06-19T14:40:02Z] starting apply=1 root=/paperclip/instances/default/workspaces log_retention_days=2 run_retention_days=3 heartbeat_retention_min=360 disk_artifact_retention_days=2 trash_archive_minutes=360 trash_archive_min_kb=262144 trash_archive_dirname=_trash_archives alert_pct=90
[2026-06-19T14:40:02Z] skip-undeletable kind=pycache-dir kb=4 path=/paperclip/instances/default/workspaces/7fb55262-e658-45e2-88c0-b0e8ccc5ad6c/scripts/__pycache__
[2026-06-19T14:40:02Z] skip-undeletable kind=pycache-file kb=24 path=/paperclip/instances/default/workspaces/7fb55262-e658-45e2-88c0-b0e8ccc5ad6c/scripts/__pycache__/ingested_marker.cpython-312.pyc
[2026-06-19T14:40:02Z] skip-undeletable kind=pycache-file kb=37 path=/paperclip/instances/default/workspaces/7fb55262-e658-45e2-88c0-b0e8ccc5ad6c/scripts/__pycache__/ingest_buy30620_lanes.cpython-312.pyc
[2026-06-19T14:40:09Z] skip-undeletable kind=pycache-dir kb=4 path=/paperclip/instances/default/workspaces/3ec8f6dd-1735-4479-9825-a2c42edac34c/scripts/__pycache__
[2026-06-19T14:40:09Z] skip-undeletable kind=pycache-file kb=26 path=/paperclip/instances/default/workspaces/3ec8f6dd-1735-4479-9825-a2c42edac34c/scripts/__pycache__/ingest_buy30620_lanes.cpython-312.pyc
[2026-06-19T14:40:10Z] deleted kind=disk-monitor-dir kb=4 path=/paperclip/instances/default/workspaces/8ca957f8-0911-4e81-a963-e2cf54c97d44/data/buy-48198-disk-monitor-2026-06-16T144001Z
[2026-06-19T14:40:17Z] summary apply=1 scanned=13 removed=1 skipped_undeletable=5 failed=0 reclaimed_kb=4 report=/paperclip/instances/default/workspaces/logs/buy53114_worker_wc_cycle_cleanup_report.json
[2026-06-19T14:40:17Z] BUY-48198 worker artifact cleanup completed rc=0
{
  "generated_at": "2026-06-19T14:40:17.458Z",
  "status": "PASS",
  "filesystem": "/dev/vda1",
  "mount_path": "/",
  "free_gb": 31,
  "size_bytes": 206900281344,
  "available_bytes": 33300938752,
  "warn_gb": 20,
  "critical_gb": 5,
  "incident_created": false,
  "notes": [
    "Filesystem /dev/vda1 mounted at /",
    "31 GB free (84% used)",
    "Disk space healthy"
  ]
}
[2026-06-19T14:40:17Z] BUY-48198 watchdog complete rc=0
[2026-06-19T14:45:01Z] BUY-48198 watchdog start
[2026-06-19T14:45:02Z] BUY-48198 wc cleanup completed rc=0
[2026-06-19T14:45:02Z] starting apply=1 root=/paperclip/instances/default/workspaces log_retention_days=2 run_retention_days=3 heartbeat_retention_min=360 disk_artifact_retention_days=2 trash_archive_minutes=360 trash_archive_min_kb=262144 trash_archive_dirname=_trash_archives alert_pct=90
[2026-06-19T14:45:02Z] skip-undeletable kind=pycache-dir kb=4 path=/paperclip/instances/default/workspaces/7fb55262-e658-45e2-88c0-b0e8ccc5ad6c/scripts/__pycache__
[2026-06-19T14:45:02Z] skip-undeletable kind=pycache-file kb=24 path=/paperclip/instances/default/workspaces/7fb55262-e658-45e2-88c0-b0e8ccc5ad6c/scripts/__pycache__/ingested_marker.cpython-312.pyc
[2026-06-19T14:45:02Z] skip-undeletable kind=pycache-file kb=37 path=/paperclip/instances/default/workspaces/7fb55262-e658-45e2-88c0-b0e8ccc5ad6c/scripts/__pycache__/ingest_buy30620_lanes.cpython-312.pyc
[2026-06-19T14:45:05Z] deleted kind=stale-pid kb=1 path=/paperclip/instances/default/workspaces/476c8023-3635-45bb-9f71-db6f4f5700e1/buywhere-api/data/.buy31015-deep-page.pid
[2026-06-19T14:45:08Z] skip-undeletable kind=pycache-dir kb=4 path=/paperclip/instances/default/workspaces/3ec8f6dd-1735-4479-9825-a2c42edac34c/scripts/__pycache__
[2026-06-19T14:45:08Z] skip-undeletable kind=pycache-file kb=26 path=/paperclip/instances/default/workspaces/3ec8f6dd-1735-4479-9825-a2c42edac34c/scripts/__pycache__/ingest_buy30620_lanes.cpython-312.pyc
[2026-06-19T14:45:08Z] deleted kind=cycle-log kb=1 path=/paperclip/instances/default/workspaces/3ec8f6dd-1735-4479-9825-a2c42edac34c/logs/buy31015-deep-supervisor-20260616T144002Z.log
[2026-06-19T14:45:09Z] deleted kind=disk-monitor-dir kb=4 path=/paperclip/instances/default/workspaces/8ca957f8-0911-4e81-a963-e2cf54c97d44/data/buy-48198-disk-monitor-2026-06-16T144501Z
[2026-06-19T14:45:17Z] summary apply=1 scanned=15 removed=3 skipped_undeletable=5 failed=0 reclaimed_kb=6 report=/paperclip/instances/default/workspaces/logs/buy53114_worker_wc_cycle_cleanup_report.json
[2026-06-19T14:45:17Z] BUY-48198 worker artifact cleanup completed rc=0
{
  "generated_at": "2026-06-19T14:45:17.795Z",
  "status": "PASS",
  "filesystem": "/dev/vda1",
  "mount_path": "/",
  "free_gb": 30.9,
  "size_bytes": 206900281344,
  "available_bytes": 33185828864,
  "warn_gb": 20,
  "critical_gb": 5,
  "incident_created": false,
  "notes": [
    "Filesystem /dev/vda1 mounted at /",
    "30.9 GB free (84% used)",
    "Disk space healthy"
  ]
}
[2026-06-19T14:45:17Z] BUY-48198 watchdog complete rc=0
[2026-06-19T14:50:01Z] BUY-48198 watchdog start
[2026-06-19T14:50:02Z] BUY-48198 wc cleanup completed rc=0
[2026-06-19T14:50:02Z] starting apply=1 root=/paperclip/instances/default/workspaces log_retention_days=2 run_retention_days=3 heartbeat_retention_min=360 disk_artifact_retention_days=2 trash_archive_minutes=360 trash_archive_min_kb=262144 trash_archive_dirname=_trash_archives alert_pct=90
[2026-06-19T14:50:02Z] skip-undeletable kind=pycache-dir kb=4 path=/paperclip/instances/default/workspaces/7fb55262-e658-45e2-88c0-b0e8ccc5ad6c/scripts/__pycache__
[2026-06-19T14:50:02Z] skip-undeletable kind=pycache-file kb=24 path=/paperclip/instances/default/workspaces/7fb55262-e658-45e2-88c0-b0e8ccc5ad6c/scripts/__pycache__/ingested_marker.cpython-312.pyc
[2026-06-19T14:50:02Z] skip-undeletable kind=pycache-file kb=37 path=/paperclip/instances/default/workspaces/7fb55262-e658-45e2-88c0-b0e8ccc5ad6c/scripts/__pycache__/ingest_buy30620_lanes.cpython-312.pyc
[2026-06-19T14:50:04Z] deleted kind=stale-pid kb=1 path=/paperclip/instances/default/workspaces/476c8023-3635-45bb-9f71-db6f4f5700e1/buywhere-api/data/.buy31015-deep-page.pid
[2026-06-19T14:50:08Z] skip-undeletable kind=pycache-dir kb=4 path=/paperclip/instances/default/workspaces/3ec8f6dd-1735-4479-9825-a2c42edac34c/scripts/__pycache__
[2026-06-19T14:50:08Z] skip-undeletable kind=pycache-file kb=26 path=/paperclip/instances/default/workspaces/3ec8f6dd-1735-4479-9825-a2c42edac34c/scripts/__pycache__/ingest_buy30620_lanes.cpython-312.pyc
[2026-06-19T14:50:08Z] deleted kind=cycle-log kb=1 path=/paperclip/instances/default/workspaces/3ec8f6dd-1735-4479-9825-a2c42edac34c/logs/buy31015-deep-supervisor-20260616T144801Z.log
[2026-06-19T14:50:09Z] deleted kind=disk-monitor-dir kb=4 path=/paperclip/instances/default/workspaces/8ca957f8-0911-4e81-a963-e2cf54c97d44/data/buy-48198-disk-monitor-2026-06-16T145001Z
[2026-06-19T14:50:16Z] summary apply=1 scanned=15 removed=3 skipped_undeletable=5 failed=0 reclaimed_kb=6 report=/paperclip/instances/default/workspaces/logs/buy53114_worker_wc_cycle_cleanup_report.json
[2026-06-19T14:50:16Z] BUY-48198 worker artifact cleanup completed rc=0
{
  "generated_at": "2026-06-19T14:50:16.746Z",
  "status": "PASS",
  "filesystem": "/dev/vda1",
  "mount_path": "/",
  "free_gb": 30.8,
  "size_bytes": 206900281344,
  "available_bytes": 33107841024,
  "warn_gb": 20,
  "critical_gb": 5,
  "incident_created": false,
  "notes": [
    "Filesystem /dev/vda1 mounted at /",
    "30.8 GB free (84% used)",
    "Disk space healthy"
  ]
}
[2026-06-19T14:50:16Z] BUY-48198 watchdog complete rc=0
[2026-06-19T14:55:01Z] BUY-48198 watchdog start
[2026-06-19T14:55:02Z] BUY-48198 wc cleanup completed rc=0
[2026-06-19T14:55:02Z] starting apply=1 root=/paperclip/instances/default/workspaces log_retention_days=2 run_retention_days=3 heartbeat_retention_min=360 disk_artifact_retention_days=2 trash_archive_minutes=360 trash_archive_min_kb=262144 trash_archive_dirname=_trash_archives alert_pct=90
[2026-06-19T14:55:02Z] skip-undeletable kind=pycache-dir kb=4 path=/paperclip/instances/default/workspaces/7fb55262-e658-45e2-88c0-b0e8ccc5ad6c/scripts/__pycache__
[2026-06-19T14:55:02Z] skip-undeletable kind=pycache-file kb=24 path=/paperclip/instances/default/workspaces/7fb55262-e658-45e2-88c0-b0e8ccc5ad6c/scripts/__pycache__/ingested_marker.cpython-312.pyc
[2026-06-19T14:55:02Z] skip-undeletable kind=pycache-file kb=37 path=/paperclip/instances/default/workspaces/7fb55262-e658-45e2-88c0-b0e8ccc5ad6c/scripts/__pycache__/ingest_buy30620_lanes.cpython-312.pyc
[2026-06-19T14:55:09Z] skip-undeletable kind=pycache-dir kb=4 path=/paperclip/instances/default/workspaces/3ec8f6dd-1735-4479-9825-a2c42edac34c/scripts/__pycache__
[2026-06-19T14:55:09Z] skip-undeletable kind=pycache-file kb=26 path=/paperclip/instances/default/workspaces/3ec8f6dd-1735-4479-9825-a2c42edac34c/scripts/__pycache__/ingest_buy30620_lanes.cpython-312.pyc
[2026-06-19T14:55:10Z] deleted kind=disk-monitor-dir kb=4 path=/paperclip/instances/default/workspaces/8ca957f8-0911-4e81-a963-e2cf54c97d44/data/buy-48198-disk-monitor-2026-06-16T145502Z
[2026-06-19T14:55:17Z] summary apply=1 scanned=13 removed=1 skipped_undeletable=5 failed=0 reclaimed_kb=4 report=/paperclip/instances/default/workspaces/logs/buy53114_worker_wc_cycle_cleanup_report.json
[2026-06-19T14:55:17Z] BUY-48198 worker artifact cleanup completed rc=0
{
  "generated_at": "2026-06-19T14:55:17.061Z",
  "status": "PASS",
  "filesystem": "/dev/vda1",
  "mount_path": "/",
  "free_gb": 30.7,
  "size_bytes": 206900281344,
  "available_bytes": 33010466816,
  "warn_gb": 20,
  "critical_gb": 5,
  "incident_created": false,
  "notes": [
    "Filesystem /dev/vda1 mounted at /",
    "30.7 GB free (85% used)",
    "Disk space healthy"
  ]
}
[2026-06-19T14:55:17Z] BUY-48198 watchdog complete rc=0
[2026-06-19T15:00:01Z] BUY-48198 watchdog start
[2026-06-19T15:00:01Z] BUY-48198 wc cleanup completed rc=0
[2026-06-19T15:00:01Z] starting apply=1 root=/paperclip/instances/default/workspaces log_retention_days=2 run_retention_days=3 heartbeat_retention_min=360 disk_artifact_retention_days=2 trash_archive_minutes=360 trash_archive_min_kb=262144 trash_archive_dirname=_trash_archives alert_pct=90
[2026-06-19T15:00:02Z] skip-undeletable kind=pycache-dir kb=4 path=/paperclip/instances/default/workspaces/7fb55262-e658-45e2-88c0-b0e8ccc5ad6c/scripts/__pycache__
[2026-06-19T15:00:02Z] skip-undeletable kind=pycache-file kb=24 path=/paperclip/instances/default/workspaces/7fb55262-e658-45e2-88c0-b0e8ccc5ad6c/scripts/__pycache__/ingested_marker.cpython-312.pyc
[2026-06-19T15:00:02Z] skip-undeletable kind=pycache-file kb=37 path=/paperclip/instances/default/workspaces/7fb55262-e658-45e2-88c0-b0e8ccc5ad6c/scripts/__pycache__/ingest_buy30620_lanes.cpython-312.pyc
[2026-06-19T15:00:04Z] deleted kind=stale-pid kb=1 path=/paperclip/instances/default/workspaces/476c8023-3635-45bb-9f71-db6f4f5700e1/buywhere-api/data/.buy31015-deep-page.pid
[2026-06-19T15:00:08Z] skip-undeletable kind=pycache-dir kb=4 path=/paperclip/instances/default/workspaces/3ec8f6dd-1735-4479-9825-a2c42edac34c/scripts/__pycache__
[2026-06-19T15:00:08Z] skip-undeletable kind=pycache-file kb=26 path=/paperclip/instances/default/workspaces/3ec8f6dd-1735-4479-9825-a2c42edac34c/scripts/__pycache__/ingest_buy30620_lanes.cpython-312.pyc
[2026-06-19T15:00:08Z] deleted kind=cycle-log kb=1 path=/paperclip/instances/default/workspaces/3ec8f6dd-1735-4479-9825-a2c42edac34c/logs/buy31015-deep-supervisor-20260616T145601Z.log
[2026-06-19T15:00:09Z] deleted kind=disk-monitor-dir kb=4 path=/paperclip/instances/default/workspaces/8ca957f8-0911-4e81-a963-e2cf54c97d44/data/buy-48198-disk-monitor-2026-06-16T150001Z
[2026-06-19T15:00:16Z] summary apply=1 scanned=15 removed=3 skipped_undeletable=5 failed=0 reclaimed_kb=6 report=/paperclip/instances/default/workspaces/logs/buy53114_worker_wc_cycle_cleanup_report.json
[2026-06-19T15:00:16Z] BUY-48198 worker artifact cleanup completed rc=0
{
  "generated_at": "2026-06-19T15:00:16.576Z",
  "status": "PASS",
  "filesystem": "/dev/vda1",
  "mount_path": "/",
  "free_gb": 30.6,
  "size_bytes": 206900281344,
  "available_bytes": 32861339648,
  "warn_gb": 20,
  "critical_gb": 5,
  "incident_created": false,
  "notes": [
    "Filesystem /dev/vda1 mounted at /",
    "30.6 GB free (85% used)",
    "Disk space healthy"
  ]
}
[2026-06-19T15:00:16Z] BUY-48198 watchdog complete rc=0
[2026-06-19T15:05:01Z] BUY-48198 watchdog start
[2026-06-19T15:05:02Z] BUY-48198 wc cleanup completed rc=0
[2026-06-19T15:05:02Z] starting apply=1 root=/paperclip/instances/default/workspaces log_retention_days=2 run_retention_days=3 heartbeat_retention_min=360 disk_artifact_retention_days=2 trash_archive_minutes=360 trash_archive_min_kb=262144 trash_archive_dirname=_trash_archives alert_pct=90
[2026-06-19T15:05:02Z] skip-undeletable kind=pycache-dir kb=4 path=/paperclip/instances/default/workspaces/7fb55262-e658-45e2-88c0-b0e8ccc5ad6c/scripts/__pycache__
[2026-06-19T15:05:02Z] skip-undeletable kind=pycache-file kb=24 path=/paperclip/instances/default/workspaces/7fb55262-e658-45e2-88c0-b0e8ccc5ad6c/scripts/__pycache__/ingested_marker.cpython-312.pyc
[2026-06-19T15:05:02Z] skip-undeletable kind=pycache-file kb=37 path=/paperclip/instances/default/workspaces/7fb55262-e658-45e2-88c0-b0e8ccc5ad6c/scripts/__pycache__/ingest_buy30620_lanes.cpython-312.pyc
[2026-06-19T15:05:05Z] deleted kind=stale-pid kb=1 path=/paperclip/instances/default/workspaces/476c8023-3635-45bb-9f71-db6f4f5700e1/buywhere-api/data/.buy31015-deep-page.pid
[2026-06-19T15:05:09Z] skip-undeletable kind=pycache-dir kb=4 path=/paperclip/instances/default/workspaces/3ec8f6dd-1735-4479-9825-a2c42edac34c/scripts/__pycache__
[2026-06-19T15:05:09Z] skip-undeletable kind=pycache-file kb=26 path=/paperclip/instances/default/workspaces/3ec8f6dd-1735-4479-9825-a2c42edac34c/scripts/__pycache__/ingest_buy30620_lanes.cpython-312.pyc
[2026-06-19T15:05:09Z] deleted kind=disk-monitor-dir kb=4 path=/paperclip/instances/default/workspaces/8ca957f8-0911-4e81-a963-e2cf54c97d44/data/buy-48198-disk-monitor-2026-06-16T150501Z
[2026-06-19T15:05:17Z] summary apply=1 scanned=14 removed=2 skipped_undeletable=5 failed=0 reclaimed_kb=5 report=/paperclip/instances/default/workspaces/logs/buy53114_worker_wc_cycle_cleanup_report.json
[2026-06-19T15:05:17Z] BUY-48198 worker artifact cleanup completed rc=0
{
  "generated_at": "2026-06-19T15:05:17.127Z",
  "status": "PASS",
  "filesystem": "/dev/vda1",
  "mount_path": "/",
  "free_gb": 30.5,
  "size_bytes": 206900281344,
  "available_bytes": 32785997824,
  "warn_gb": 20,
  "critical_gb": 5,
  "incident_created": false,
  "notes": [
    "Filesystem /dev/vda1 mounted at /",
    "30.5 GB free (85% used)",
    "Disk space healthy"
  ]
}
[2026-06-19T15:05:17Z] BUY-48198 watchdog complete rc=0
[2026-06-19T15:10:01Z] BUY-48198 watchdog start
[2026-06-19T15:10:02Z] BUY-48198 wc cleanup completed rc=0
[2026-06-19T15:10:02Z] starting apply=1 root=/paperclip/instances/default/workspaces log_retention_days=2 run_retention_days=3 heartbeat_retention_min=360 disk_artifact_retention_days=2 trash_archive_minutes=360 trash_archive_min_kb=262144 trash_archive_dirname=_trash_archives alert_pct=90
[2026-06-19T15:10:02Z] skip-undeletable kind=pycache-dir kb=4 path=/paperclip/instances/default/workspaces/7fb55262-e658-45e2-88c0-b0e8ccc5ad6c/scripts/__pycache__
[2026-06-19T15:10:02Z] skip-undeletable kind=pycache-file kb=24 path=/paperclip/instances/default/workspaces/7fb55262-e658-45e2-88c0-b0e8ccc5ad6c/scripts/__pycache__/ingested_marker.cpython-312.pyc
[2026-06-19T15:10:02Z] skip-undeletable kind=pycache-file kb=37 path=/paperclip/instances/default/workspaces/7fb55262-e658-45e2-88c0-b0e8ccc5ad6c/scripts/__pycache__/ingest_buy30620_lanes.cpython-312.pyc
[2026-06-19T15:10:05Z] deleted kind=stale-pid kb=1 path=/paperclip/instances/default/workspaces/476c8023-3635-45bb-9f71-db6f4f5700e1/buywhere-api/data/.buy31015-deep-page.pid
[2026-06-19T15:10:08Z] skip-undeletable kind=pycache-dir kb=4 path=/paperclip/instances/default/workspaces/3ec8f6dd-1735-4479-9825-a2c42edac34c/scripts/__pycache__
[2026-06-19T15:10:08Z] skip-undeletable kind=pycache-file kb=26 path=/paperclip/instances/default/workspaces/3ec8f6dd-1735-4479-9825-a2c42edac34c/scripts/__pycache__/ingest_buy30620_lanes.cpython-312.pyc
[2026-06-19T15:10:08Z] deleted kind=cycle-log kb=1 path=/paperclip/instances/default/workspaces/3ec8f6dd-1735-4479-9825-a2c42edac34c/logs/buy31015-deep-supervisor-20260616T150801Z.log
[2026-06-19T15:10:09Z] deleted kind=disk-monitor-dir kb=4 path=/paperclip/instances/default/workspaces/8ca957f8-0911-4e81-a963-e2cf54c97d44/data/buy-48198-disk-monitor-2026-06-16T151001Z
[2026-06-19T15:10:16Z] summary apply=1 scanned=15 removed=3 skipped_undeletable=5 failed=0 reclaimed_kb=6 report=/paperclip/instances/default/workspaces/logs/buy53114_worker_wc_cycle_cleanup_report.json
[2026-06-19T15:10:16Z] BUY-48198 worker artifact cleanup completed rc=0
{
  "generated_at": "2026-06-19T15:10:17.015Z",
  "status": "PASS",
  "filesystem": "/dev/vda1",
  "mount_path": "/",
  "free_gb": 30.4,
  "size_bytes": 206900281344,
  "available_bytes": 32693186560,
  "warn_gb": 20,
  "critical_gb": 5,
  "incident_created": false,
  "notes": [
    "Filesystem /dev/vda1 mounted at /",
    "30.4 GB free (85% used)",
    "Disk space healthy"
  ]
}
[2026-06-19T15:10:17Z] BUY-48198 watchdog complete rc=0
[2026-06-19T15:15:01Z] BUY-48198 watchdog start
[2026-06-19T15:15:02Z] BUY-48198 wc cleanup completed rc=0
[2026-06-19T15:15:02Z] starting apply=1 root=/paperclip/instances/default/workspaces log_retention_days=2 run_retention_days=3 heartbeat_retention_min=360 disk_artifact_retention_days=2 trash_archive_minutes=360 trash_archive_min_kb=262144 trash_archive_dirname=_trash_archives alert_pct=90
[2026-06-19T15:15:02Z] skip-undeletable kind=pycache-dir kb=4 path=/paperclip/instances/default/workspaces/7fb55262-e658-45e2-88c0-b0e8ccc5ad6c/scripts/__pycache__
[2026-06-19T15:15:02Z] skip-undeletable kind=pycache-file kb=24 path=/paperclip/instances/default/workspaces/7fb55262-e658-45e2-88c0-b0e8ccc5ad6c/scripts/__pycache__/ingested_marker.cpython-312.pyc
[2026-06-19T15:15:02Z] skip-undeletable kind=pycache-file kb=37 path=/paperclip/instances/default/workspaces/7fb55262-e658-45e2-88c0-b0e8ccc5ad6c/scripts/__pycache__/ingest_buy30620_lanes.cpython-312.pyc
[2026-06-19T15:15:05Z] deleted kind=stale-pid kb=1 path=/paperclip/instances/default/workspaces/476c8023-3635-45bb-9f71-db6f4f5700e1/buywhere-api/data/.buy31015-deep-page.pid
[2026-06-19T15:15:09Z] skip-undeletable kind=pycache-dir kb=4 path=/paperclip/instances/default/workspaces/3ec8f6dd-1735-4479-9825-a2c42edac34c/scripts/__pycache__
[2026-06-19T15:15:09Z] skip-undeletable kind=pycache-file kb=26 path=/paperclip/instances/default/workspaces/3ec8f6dd-1735-4479-9825-a2c42edac34c/scripts/__pycache__/ingest_buy30620_lanes.cpython-312.pyc
[2026-06-19T15:15:10Z] deleted kind=disk-monitor-dir kb=4 path=/paperclip/instances/default/workspaces/8ca957f8-0911-4e81-a963-e2cf54c97d44/data/buy-48198-disk-monitor-2026-06-16T151501Z
[2026-06-19T15:15:17Z] summary apply=1 scanned=14 removed=2 skipped_undeletable=5 failed=0 reclaimed_kb=5 report=/paperclip/instances/default/workspaces/logs/buy53114_worker_wc_cycle_cleanup_report.json
[2026-06-19T15:15:17Z] BUY-48198 worker artifact cleanup completed rc=0
{
  "generated_at": "2026-06-19T15:15:17.827Z",
  "status": "PASS",
  "filesystem": "/dev/vda1",
  "mount_path": "/",
  "free_gb": 30.3,
  "size_bytes": 206900281344,
  "available_bytes": 32497373184,
  "warn_gb": 20,
  "critical_gb": 5,
  "incident_created": false,
  "notes": [
    "Filesystem /dev/vda1 mounted at /",
    "30.3 GB free (85% used)",
    "Disk space healthy"
  ]
}
[2026-06-19T15:15:17Z] BUY-48198 watchdog complete rc=0
[2026-06-19T15:20:01Z] BUY-48198 watchdog start
[2026-06-19T15:20:02Z] BUY-48198 wc cleanup completed rc=0
[2026-06-19T15:20:02Z] starting apply=1 root=/paperclip/instances/default/workspaces log_retention_days=2 run_retention_days=3 heartbeat_retention_min=360 disk_artifact_retention_days=2 trash_archive_minutes=360 trash_archive_min_kb=262144 trash_archive_dirname=_trash_archives alert_pct=90
[2026-06-19T15:20:02Z] skip-undeletable kind=pycache-dir kb=4 path=/paperclip/instances/default/workspaces/7fb55262-e658-45e2-88c0-b0e8ccc5ad6c/scripts/__pycache__
[2026-06-19T15:20:02Z] skip-undeletable kind=pycache-file kb=24 path=/paperclip/instances/default/workspaces/7fb55262-e658-45e2-88c0-b0e8ccc5ad6c/scripts/__pycache__/ingested_marker.cpython-312.pyc
[2026-06-19T15:20:02Z] skip-undeletable kind=pycache-file kb=37 path=/paperclip/instances/default/workspaces/7fb55262-e658-45e2-88c0-b0e8ccc5ad6c/scripts/__pycache__/ingest_buy30620_lanes.cpython-312.pyc
[2026-06-19T15:20:05Z] deleted kind=stale-pid kb=1 path=/paperclip/instances/default/workspaces/476c8023-3635-45bb-9f71-db6f4f5700e1/buywhere-api/data/.buy31015-deep-page.pid
[2026-06-19T15:20:08Z] skip-undeletable kind=pycache-dir kb=4 path=/paperclip/instances/default/workspaces/3ec8f6dd-1735-4479-9825-a2c42edac34c/scripts/__pycache__
[2026-06-19T15:20:09Z] skip-undeletable kind=pycache-file kb=26 path=/paperclip/instances/default/workspaces/3ec8f6dd-1735-4479-9825-a2c42edac34c/scripts/__pycache__/ingest_buy30620_lanes.cpython-312.pyc
[2026-06-19T15:20:09Z] deleted kind=cycle-log kb=1 path=/paperclip/instances/default/workspaces/3ec8f6dd-1735-4479-9825-a2c42edac34c/logs/buy31015-deep-supervisor-20260616T151602Z.log
[2026-06-19T15:20:09Z] deleted kind=disk-monitor-dir kb=4 path=/paperclip/instances/default/workspaces/8ca957f8-0911-4e81-a963-e2cf54c97d44/data/buy-48198-disk-monitor-2026-06-16T152001Z
[2026-06-19T15:20:16Z] summary apply=1 scanned=15 removed=3 skipped_undeletable=5 failed=0 reclaimed_kb=6 report=/paperclip/instances/default/workspaces/logs/buy53114_worker_wc_cycle_cleanup_report.json
[2026-06-19T15:20:16Z] BUY-48198 worker artifact cleanup completed rc=0
{
  "generated_at": "2026-06-19T15:20:17.035Z",
  "status": "PASS",
  "filesystem": "/dev/vda1",
  "mount_path": "/",
  "free_gb": 30.2,
  "size_bytes": 206900281344,
  "available_bytes": 32423546880,
  "warn_gb": 20,
  "critical_gb": 5,
  "incident_created": false,
  "notes": [
    "Filesystem /dev/vda1 mounted at /",
    "30.2 GB free (85% used)",
    "Disk space healthy"
  ]
}
[2026-06-19T15:20:17Z] BUY-48198 watchdog complete rc=0
[2026-06-19T15:25:01Z] BUY-48198 watchdog start
[2026-06-19T15:25:01Z] BUY-48198 wc cleanup completed rc=0
[2026-06-19T15:25:01Z] starting apply=1 root=/paperclip/instances/default/workspaces log_retention_days=2 run_retention_days=3 heartbeat_retention_min=360 disk_artifact_retention_days=2 trash_archive_minutes=360 trash_archive_min_kb=262144 trash_archive_dirname=_trash_archives alert_pct=90
[2026-06-19T15:25:02Z] skip-undeletable kind=pycache-dir kb=4 path=/paperclip/instances/default/workspaces/7fb55262-e658-45e2-88c0-b0e8ccc5ad6c/scripts/__pycache__
[2026-06-19T15:25:02Z] skip-undeletable kind=pycache-file kb=24 path=/paperclip/instances/default/workspaces/7fb55262-e658-45e2-88c0-b0e8ccc5ad6c/scripts/__pycache__/ingested_marker.cpython-312.pyc
[2026-06-19T15:25:02Z] skip-undeletable kind=pycache-file kb=37 path=/paperclip/instances/default/workspaces/7fb55262-e658-45e2-88c0-b0e8ccc5ad6c/scripts/__pycache__/ingest_buy30620_lanes.cpython-312.pyc
[2026-06-19T15:25:08Z] skip-undeletable kind=pycache-dir kb=4 path=/paperclip/instances/default/workspaces/3ec8f6dd-1735-4479-9825-a2c42edac34c/scripts/__pycache__
[2026-06-19T15:25:08Z] skip-undeletable kind=pycache-file kb=26 path=/paperclip/instances/default/workspaces/3ec8f6dd-1735-4479-9825-a2c42edac34c/scripts/__pycache__/ingest_buy30620_lanes.cpython-312.pyc
[2026-06-19T15:25:08Z] deleted kind=cycle-log kb=1 path=/paperclip/instances/default/workspaces/3ec8f6dd-1735-4479-9825-a2c42edac34c/logs/buy31015-deep-supervisor-20260616T152402Z.log
[2026-06-19T15:25:08Z] deleted kind=disk-monitor-dir kb=4 path=/paperclip/instances/default/workspaces/8ca957f8-0911-4e81-a963-e2cf54c97d44/data/buy-48198-disk-monitor-2026-06-16T152501Z
[2026-06-19T15:25:16Z] summary apply=1 scanned=14 removed=2 skipped_undeletable=5 failed=0 reclaimed_kb=5 report=/paperclip/instances/default/workspaces/logs/buy53114_worker_wc_cycle_cleanup_report.json
[2026-06-19T15:25:16Z] BUY-48198 worker artifact cleanup completed rc=0
{
  "generated_at": "2026-06-19T15:25:16.479Z",
  "status": "PASS",
  "filesystem": "/dev/vda1",
  "mount_path": "/",
  "free_gb": 30,
  "size_bytes": 206900281344,
  "available_bytes": 32263192576,
  "warn_gb": 20,
  "critical_gb": 5,
  "incident_created": false,
  "notes": [
    "Filesystem /dev/vda1 mounted at /",
    "30 GB free (85% used)",
    "Disk space healthy"
  ]
}
[2026-06-19T15:25:16Z] BUY-48198 watchdog complete rc=0
[2026-06-19T15:30:01Z] BUY-48198 watchdog start
[2026-06-19T15:30:01Z] BUY-48198 wc cleanup completed rc=0
[2026-06-19T15:30:01Z] starting apply=1 root=/paperclip/instances/default/workspaces log_retention_days=2 run_retention_days=3 heartbeat_retention_min=360 disk_artifact_retention_days=2 trash_archive_minutes=360 trash_archive_min_kb=262144 trash_archive_dirname=_trash_archives alert_pct=90
[2026-06-19T15:30:02Z] skip-undeletable kind=pycache-dir kb=4 path=/paperclip/instances/default/workspaces/7fb55262-e658-45e2-88c0-b0e8ccc5ad6c/scripts/__pycache__
[2026-06-19T15:30:02Z] skip-undeletable kind=pycache-file kb=24 path=/paperclip/instances/default/workspaces/7fb55262-e658-45e2-88c0-b0e8ccc5ad6c/scripts/__pycache__/ingested_marker.cpython-312.pyc
[2026-06-19T15:30:02Z] skip-undeletable kind=pycache-file kb=37 path=/paperclip/instances/default/workspaces/7fb55262-e658-45e2-88c0-b0e8ccc5ad6c/scripts/__pycache__/ingest_buy30620_lanes.cpython-312.pyc
[2026-06-19T15:30:04Z] deleted kind=stale-pid kb=1 path=/paperclip/instances/default/workspaces/476c8023-3635-45bb-9f71-db6f4f5700e1/buywhere-api/data/.buy31015-deep-page.pid
[2026-06-19T15:30:08Z] skip-undeletable kind=pycache-dir kb=4 path=/paperclip/instances/default/workspaces/3ec8f6dd-1735-4479-9825-a2c42edac34c/scripts/__pycache__
[2026-06-19T15:30:08Z] skip-undeletable kind=pycache-file kb=26 path=/paperclip/instances/default/workspaces/3ec8f6dd-1735-4479-9825-a2c42edac34c/scripts/__pycache__/ingest_buy30620_lanes.cpython-312.pyc
[2026-06-19T15:30:09Z] deleted kind=disk-monitor-dir kb=4 path=/paperclip/instances/default/workspaces/8ca957f8-0911-4e81-a963-e2cf54c97d44/data/buy-48198-disk-monitor-2026-06-16T153001Z
[2026-06-19T15:30:16Z] summary apply=1 scanned=14 removed=2 skipped_undeletable=5 failed=0 reclaimed_kb=5 report=/paperclip/instances/default/workspaces/logs/buy53114_worker_wc_cycle_cleanup_report.json
[2026-06-19T15:30:16Z] BUY-48198 worker artifact cleanup completed rc=0
{
  "generated_at": "2026-06-19T15:30:16.731Z",
  "status": "PASS",
  "filesystem": "/dev/vda1",
  "mount_path": "/",
  "free_gb": 30,
  "size_bytes": 206900281344,
  "available_bytes": 32159924224,
  "warn_gb": 20,
  "critical_gb": 5,
  "incident_created": false,
  "notes": [
    "Filesystem /dev/vda1 mounted at /",
    "30 GB free (85% used)",
    "Disk space healthy"
  ]
}
[2026-06-19T15:30:16Z] BUY-48198 watchdog complete rc=0
[2026-06-19T15:35:01Z] BUY-48198 watchdog start
[2026-06-19T15:35:01Z] BUY-48198 wc cleanup completed rc=0
[2026-06-19T15:35:01Z] starting apply=1 root=/paperclip/instances/default/workspaces log_retention_days=2 run_retention_days=3 heartbeat_retention_min=360 disk_artifact_retention_days=2 trash_archive_minutes=360 trash_archive_min_kb=262144 trash_archive_dirname=_trash_archives alert_pct=90
[2026-06-19T15:35:01Z] skip-undeletable kind=pycache-dir kb=4 path=/paperclip/instances/default/workspaces/7fb55262-e658-45e2-88c0-b0e8ccc5ad6c/scripts/__pycache__
[2026-06-19T15:35:01Z] skip-undeletable kind=pycache-file kb=24 path=/paperclip/instances/default/workspaces/7fb55262-e658-45e2-88c0-b0e8ccc5ad6c/scripts/__pycache__/ingested_marker.cpython-312.pyc
[2026-06-19T15:35:01Z] skip-undeletable kind=pycache-file kb=37 path=/paperclip/instances/default/workspaces/7fb55262-e658-45e2-88c0-b0e8ccc5ad6c/scripts/__pycache__/ingest_buy30620_lanes.cpython-312.pyc
[2026-06-19T15:35:05Z] deleted kind=stale-pid kb=1 path=/paperclip/instances/default/workspaces/476c8023-3635-45bb-9f71-db6f4f5700e1/buywhere-api/data/.buy31015-deep-page.pid
[2026-06-19T15:35:08Z] skip-undeletable kind=pycache-dir kb=4 path=/paperclip/instances/default/workspaces/3ec8f6dd-1735-4479-9825-a2c42edac34c/scripts/__pycache__
[2026-06-19T15:35:08Z] skip-undeletable kind=pycache-file kb=26 path=/paperclip/instances/default/workspaces/3ec8f6dd-1735-4479-9825-a2c42edac34c/scripts/__pycache__/ingest_buy30620_lanes.cpython-312.pyc
[2026-06-19T15:35:08Z] deleted kind=cycle-log kb=1 path=/paperclip/instances/default/workspaces/3ec8f6dd-1735-4479-9825-a2c42edac34c/logs/buy31015-deep-supervisor-20260616T153202Z.log
[2026-06-19T15:35:09Z] deleted kind=disk-monitor-dir kb=4 path=/paperclip/instances/default/workspaces/8ca957f8-0911-4e81-a963-e2cf54c97d44/data/buy-48198-disk-monitor-2026-06-16T153501Z
[2026-06-19T15:35:16Z] summary apply=1 scanned=15 removed=3 skipped_undeletable=5 failed=0 reclaimed_kb=6 report=/paperclip/instances/default/workspaces/logs/buy53114_worker_wc_cycle_cleanup_report.json
[2026-06-19T15:35:16Z] BUY-48198 worker artifact cleanup completed rc=0
{
  "generated_at": "2026-06-19T15:35:16.698Z",
  "status": "PASS",
  "filesystem": "/dev/vda1",
  "mount_path": "/",
  "free_gb": 29.9,
  "size_bytes": 206900281344,
  "available_bytes": 32079405056,
  "warn_gb": 20,
  "critical_gb": 5,
  "incident_created": false,
  "notes": [
    "Filesystem /dev/vda1 mounted at /",
    "29.9 GB free (85% used)",
    "Disk space healthy"
  ]
}
[2026-06-19T15:35:16Z] BUY-48198 watchdog complete rc=0
[2026-06-19T15:40:01Z] BUY-48198 watchdog start
[2026-06-19T15:40:02Z] BUY-48198 wc cleanup completed rc=0
[2026-06-19T15:40:02Z] starting apply=1 root=/paperclip/instances/default/workspaces log_retention_days=2 run_retention_days=3 heartbeat_retention_min=360 disk_artifact_retention_days=2 trash_archive_minutes=360 trash_archive_min_kb=262144 trash_archive_dirname=_trash_archives alert_pct=90
[2026-06-19T15:40:02Z] skip-undeletable kind=pycache-dir kb=4 path=/paperclip/instances/default/workspaces/7fb55262-e658-45e2-88c0-b0e8ccc5ad6c/scripts/__pycache__
[2026-06-19T15:40:02Z] skip-undeletable kind=pycache-file kb=24 path=/paperclip/instances/default/workspaces/7fb55262-e658-45e2-88c0-b0e8ccc5ad6c/scripts/__pycache__/ingested_marker.cpython-312.pyc
[2026-06-19T15:40:02Z] skip-undeletable kind=pycache-file kb=37 path=/paperclip/instances/default/workspaces/7fb55262-e658-45e2-88c0-b0e8ccc5ad6c/scripts/__pycache__/ingest_buy30620_lanes.cpython-312.pyc
[2026-06-19T15:40:05Z] deleted kind=stale-pid kb=1 path=/paperclip/instances/default/workspaces/476c8023-3635-45bb-9f71-db6f4f5700e1/buywhere-api/data/.buy31015-deep-page.pid
[2026-06-19T15:40:09Z] skip-undeletable kind=pycache-dir kb=4 path=/paperclip/instances/default/workspaces/3ec8f6dd-1735-4479-9825-a2c42edac34c/scripts/__pycache__
[2026-06-19T15:40:09Z] skip-undeletable kind=pycache-file kb=26 path=/paperclip/instances/default/workspaces/3ec8f6dd-1735-4479-9825-a2c42edac34c/scripts/__pycache__/ingest_buy30620_lanes.cpython-312.pyc
[2026-06-19T15:40:10Z] deleted kind=disk-monitor-dir kb=4 path=/paperclip/instances/default/workspaces/8ca957f8-0911-4e81-a963-e2cf54c97d44/data/buy-48198-disk-monitor-2026-06-16T154001Z
[2026-06-19T15:40:18Z] summary apply=1 scanned=14 removed=2 skipped_undeletable=5 failed=0 reclaimed_kb=5 report=/paperclip/instances/default/workspaces/logs/buy53114_worker_wc_cycle_cleanup_report.json
[2026-06-19T15:40:18Z] BUY-48198 worker artifact cleanup completed rc=0
{
  "generated_at": "2026-06-19T15:40:18.575Z",
  "status": "PASS",
  "filesystem": "/dev/vda1",
  "mount_path": "/",
  "free_gb": 29.8,
  "size_bytes": 206900281344,
  "available_bytes": 31972073472,
  "warn_gb": 20,
  "critical_gb": 5,
  "incident_created": false,
  "notes": [
    "Filesystem /dev/vda1 mounted at /",
    "29.8 GB free (85% used)",
    "Disk space healthy"
  ]
}
[2026-06-19T15:40:18Z] BUY-48198 watchdog complete rc=0
[2026-06-19T15:45:01Z] BUY-48198 watchdog start
[2026-06-19T15:45:02Z] BUY-48198 wc cleanup completed rc=0
[2026-06-19T15:45:02Z] starting apply=1 root=/paperclip/instances/default/workspaces log_retention_days=2 run_retention_days=3 heartbeat_retention_min=360 disk_artifact_retention_days=2 trash_archive_minutes=360 trash_archive_min_kb=262144 trash_archive_dirname=_trash_archives alert_pct=90
[2026-06-19T15:45:02Z] skip-undeletable kind=pycache-dir kb=4 path=/paperclip/instances/default/workspaces/7fb55262-e658-45e2-88c0-b0e8ccc5ad6c/scripts/__pycache__
[2026-06-19T15:45:02Z] skip-undeletable kind=pycache-file kb=24 path=/paperclip/instances/default/workspaces/7fb55262-e658-45e2-88c0-b0e8ccc5ad6c/scripts/__pycache__/ingested_marker.cpython-312.pyc
[2026-06-19T15:45:02Z] skip-undeletable kind=pycache-file kb=37 path=/paperclip/instances/default/workspaces/7fb55262-e658-45e2-88c0-b0e8ccc5ad6c/scripts/__pycache__/ingest_buy30620_lanes.cpython-312.pyc
[2026-06-19T15:45:05Z] deleted kind=stale-pid kb=1 path=/paperclip/instances/default/workspaces/476c8023-3635-45bb-9f71-db6f4f5700e1/buywhere-api/data/.buy31015-deep-page.pid
[2026-06-19T15:45:08Z] skip-undeletable kind=pycache-dir kb=4 path=/paperclip/instances/default/workspaces/3ec8f6dd-1735-4479-9825-a2c42edac34c/scripts/__pycache__
[2026-06-19T15:45:08Z] skip-undeletable kind=pycache-file kb=26 path=/paperclip/instances/default/workspaces/3ec8f6dd-1735-4479-9825-a2c42edac34c/scripts/__pycache__/ingest_buy30620_lanes.cpython-312.pyc
[2026-06-19T15:45:08Z] deleted kind=cycle-log kb=1 path=/paperclip/instances/default/workspaces/3ec8f6dd-1735-4479-9825-a2c42edac34c/logs/buy31015-deep-supervisor-20260616T154002Z.log
[2026-06-19T15:45:09Z] deleted kind=disk-monitor-dir kb=4 path=/paperclip/instances/default/workspaces/8ca957f8-0911-4e81-a963-e2cf54c97d44/data/buy-48198-disk-monitor-2026-06-16T154501Z
[2026-06-19T15:45:16Z] summary apply=1 scanned=15 removed=3 skipped_undeletable=5 failed=0 reclaimed_kb=6 report=/paperclip/instances/default/workspaces/logs/buy53114_worker_wc_cycle_cleanup_report.json
[2026-06-19T15:45:16Z] BUY-48198 worker artifact cleanup completed rc=0
{
  "generated_at": "2026-06-19T15:45:16.656Z",
  "status": "PASS",
  "filesystem": "/dev/vda1",
  "mount_path": "/",
  "free_gb": 29.7,
  "size_bytes": 206900281344,
  "available_bytes": 31855861760,
  "warn_gb": 20,
  "critical_gb": 5,
  "incident_created": false,
  "notes": [
    "Filesystem /dev/vda1 mounted at /",
    "29.7 GB free (85% used)",
    "Disk space healthy"
  ]
}
[2026-06-19T15:45:16Z] BUY-48198 watchdog complete rc=0
[2026-06-19T15:50:01Z] BUY-48198 watchdog start
[2026-06-19T15:50:02Z] BUY-48198 wc cleanup completed rc=0
[2026-06-19T15:50:02Z] starting apply=1 root=/paperclip/instances/default/workspaces log_retention_days=2 run_retention_days=3 heartbeat_retention_min=360 disk_artifact_retention_days=2 trash_archive_minutes=360 trash_archive_min_kb=262144 trash_archive_dirname=_trash_archives alert_pct=90
[2026-06-19T15:50:02Z] skip-undeletable kind=pycache-dir kb=4 path=/paperclip/instances/default/workspaces/7fb55262-e658-45e2-88c0-b0e8ccc5ad6c/scripts/__pycache__
[2026-06-19T15:50:02Z] skip-undeletable kind=pycache-file kb=24 path=/paperclip/instances/default/workspaces/7fb55262-e658-45e2-88c0-b0e8ccc5ad6c/scripts/__pycache__/ingested_marker.cpython-312.pyc
[2026-06-19T15:50:02Z] skip-undeletable kind=pycache-file kb=37 path=/paperclip/instances/default/workspaces/7fb55262-e658-45e2-88c0-b0e8ccc5ad6c/scripts/__pycache__/ingest_buy30620_lanes.cpython-312.pyc
[2026-06-19T15:50:05Z] deleted kind=stale-pid kb=1 path=/paperclip/instances/default/workspaces/476c8023-3635-45bb-9f71-db6f4f5700e1/buywhere-api/data/.buy31015-deep-page.pid
[2026-06-19T15:50:08Z] skip-undeletable kind=pycache-dir kb=4 path=/paperclip/instances/default/workspaces/3ec8f6dd-1735-4479-9825-a2c42edac34c/scripts/__pycache__
[2026-06-19T15:50:08Z] skip-undeletable kind=pycache-file kb=26 path=/paperclip/instances/default/workspaces/3ec8f6dd-1735-4479-9825-a2c42edac34c/scripts/__pycache__/ingest_buy30620_lanes.cpython-312.pyc
[2026-06-19T15:50:09Z] deleted kind=disk-monitor-dir kb=4 path=/paperclip/instances/default/workspaces/8ca957f8-0911-4e81-a963-e2cf54c97d44/data/buy-48198-disk-monitor-2026-06-16T155002Z
[2026-06-19T15:50:16Z] summary apply=1 scanned=14 removed=2 skipped_undeletable=5 failed=0 reclaimed_kb=5 report=/paperclip/instances/default/workspaces/logs/buy53114_worker_wc_cycle_cleanup_report.json
[2026-06-19T15:50:16Z] BUY-48198 worker artifact cleanup completed rc=0
{
  "generated_at": "2026-06-19T15:50:16.750Z",
  "status": "PASS",
  "filesystem": "/dev/vda1",
  "mount_path": "/",
  "free_gb": 29.6,
  "size_bytes": 206900281344,
  "available_bytes": 31786475520,
  "warn_gb": 20,
  "critical_gb": 5,
  "incident_created": false,
  "notes": [
    "Filesystem /dev/vda1 mounted at /",
    "29.6 GB free (85% used)",
    "Disk space healthy"
  ]
}
[2026-06-19T15:50:16Z] BUY-48198 watchdog complete rc=0
[2026-06-19T15:55:01Z] BUY-48198 watchdog start
[2026-06-19T15:55:01Z] BUY-48198 wc cleanup completed rc=0
[2026-06-19T15:55:01Z] starting apply=1 root=/paperclip/instances/default/workspaces log_retention_days=2 run_retention_days=3 heartbeat_retention_min=360 disk_artifact_retention_days=2 trash_archive_minutes=360 trash_archive_min_kb=262144 trash_archive_dirname=_trash_archives alert_pct=90
[2026-06-19T15:55:01Z] skip-undeletable kind=pycache-dir kb=4 path=/paperclip/instances/default/workspaces/7fb55262-e658-45e2-88c0-b0e8ccc5ad6c/scripts/__pycache__
[2026-06-19T15:55:02Z] skip-undeletable kind=pycache-file kb=24 path=/paperclip/instances/default/workspaces/7fb55262-e658-45e2-88c0-b0e8ccc5ad6c/scripts/__pycache__/ingested_marker.cpython-312.pyc
[2026-06-19T15:55:02Z] skip-undeletable kind=pycache-file kb=37 path=/paperclip/instances/default/workspaces/7fb55262-e658-45e2-88c0-b0e8ccc5ad6c/scripts/__pycache__/ingest_buy30620_lanes.cpython-312.pyc
[2026-06-19T15:55:05Z] deleted kind=stale-pid kb=1 path=/paperclip/instances/default/workspaces/476c8023-3635-45bb-9f71-db6f4f5700e1/buywhere-api/data/.buy31015-deep-page.pid
[2026-06-19T15:55:08Z] skip-undeletable kind=pycache-dir kb=4 path=/paperclip/instances/default/workspaces/3ec8f6dd-1735-4479-9825-a2c42edac34c/scripts/__pycache__
[2026-06-19T15:55:08Z] skip-undeletable kind=pycache-file kb=26 path=/paperclip/instances/default/workspaces/3ec8f6dd-1735-4479-9825-a2c42edac34c/scripts/__pycache__/ingest_buy30620_lanes.cpython-312.pyc
[2026-06-19T15:55:09Z] deleted kind=disk-monitor-dir kb=4 path=/paperclip/instances/default/workspaces/8ca957f8-0911-4e81-a963-e2cf54c97d44/data/buy-48198-disk-monitor-2026-06-16T155501Z
[2026-06-19T15:55:16Z] summary apply=1 scanned=14 removed=2 skipped_undeletable=5 failed=0 reclaimed_kb=5 report=/paperclip/instances/default/workspaces/logs/buy53114_worker_wc_cycle_cleanup_report.json
[2026-06-19T15:55:16Z] BUY-48198 worker artifact cleanup completed rc=0
{
  "generated_at": "2026-06-19T15:55:16.634Z",
  "status": "PASS",
  "filesystem": "/dev/vda1",
  "mount_path": "/",
  "free_gb": 29.4,
  "size_bytes": 206900281344,
  "available_bytes": 31616638976,
  "warn_gb": 20,
  "critical_gb": 5,
  "incident_created": false,
  "notes": [
    "Filesystem /dev/vda1 mounted at /",
    "29.4 GB free (85% used)",
    "Disk space healthy"
  ]
}
[2026-06-19T15:55:16Z] BUY-48198 watchdog complete rc=0
[2026-06-19T16:00:01Z] BUY-48198 watchdog start
[2026-06-19T16:00:02Z] BUY-48198 wc cleanup completed rc=0
[2026-06-19T16:00:02Z] starting apply=1 root=/paperclip/instances/default/workspaces log_retention_days=2 run_retention_days=3 heartbeat_retention_min=360 disk_artifact_retention_days=2 trash_archive_minutes=360 trash_archive_min_kb=262144 trash_archive_dirname=_trash_archives alert_pct=90
[2026-06-19T16:00:02Z] skip-undeletable kind=pycache-dir kb=4 path=/paperclip/instances/default/workspaces/7fb55262-e658-45e2-88c0-b0e8ccc5ad6c/scripts/__pycache__
[2026-06-19T16:00:02Z] skip-undeletable kind=pycache-file kb=24 path=/paperclip/instances/default/workspaces/7fb55262-e658-45e2-88c0-b0e8ccc5ad6c/scripts/__pycache__/ingested_marker.cpython-312.pyc
[2026-06-19T16:00:02Z] skip-undeletable kind=pycache-file kb=37 path=/paperclip/instances/default/workspaces/7fb55262-e658-45e2-88c0-b0e8ccc5ad6c/scripts/__pycache__/ingest_buy30620_lanes.cpython-312.pyc
[2026-06-19T16:00:05Z] deleted kind=stale-pid kb=1 path=/paperclip/instances/default/workspaces/476c8023-3635-45bb-9f71-db6f4f5700e1/buywhere-api/data/.buy31015-deep-page.pid
[2026-06-19T16:00:08Z] skip-undeletable kind=pycache-dir kb=4 path=/paperclip/instances/default/workspaces/3ec8f6dd-1735-4479-9825-a2c42edac34c/scripts/__pycache__
[2026-06-19T16:00:08Z] skip-undeletable kind=pycache-file kb=26 path=/paperclip/instances/default/workspaces/3ec8f6dd-1735-4479-9825-a2c42edac34c/scripts/__pycache__/ingest_buy30620_lanes.cpython-312.pyc
[2026-06-19T16:00:09Z] deleted kind=cycle-log kb=1 path=/paperclip/instances/default/workspaces/3ec8f6dd-1735-4479-9825-a2c42edac34c/logs/buy31015-deep-supervisor-20260616T155601Z.log
[2026-06-19T16:00:09Z] deleted kind=disk-monitor-dir kb=4 path=/paperclip/instances/default/workspaces/8ca957f8-0911-4e81-a963-e2cf54c97d44/data/buy-48198-disk-monitor-2026-06-16T160001Z
[2026-06-19T16:00:16Z] summary apply=1 scanned=15 removed=3 skipped_undeletable=5 failed=0 reclaimed_kb=6 report=/paperclip/instances/default/workspaces/logs/buy53114_worker_wc_cycle_cleanup_report.json
[2026-06-19T16:00:16Z] BUY-48198 worker artifact cleanup completed rc=0
{
  "generated_at": "2026-06-19T16:00:16.448Z",
  "status": "PASS",
  "filesystem": "/dev/vda1",
  "mount_path": "/",
  "free_gb": 29.3,
  "size_bytes": 206900281344,
  "available_bytes": 31513591808,
  "warn_gb": 20,
  "critical_gb": 5,
  "incident_created": false,
  "notes": [
    "Filesystem /dev/vda1 mounted at /",
    "29.3 GB free (85% used)",
    "Disk space healthy"
  ]
}
[2026-06-19T16:00:16Z] BUY-48198 watchdog complete rc=0
[2026-06-19T16:05:01Z] BUY-48198 watchdog start
[2026-06-19T16:05:01Z] BUY-48198 wc cleanup completed rc=0
[2026-06-19T16:05:01Z] starting apply=1 root=/paperclip/instances/default/workspaces log_retention_days=2 run_retention_days=3 heartbeat_retention_min=360 disk_artifact_retention_days=2 trash_archive_minutes=360 trash_archive_min_kb=262144 trash_archive_dirname=_trash_archives alert_pct=90
[2026-06-19T16:05:02Z] skip-undeletable kind=pycache-dir kb=4 path=/paperclip/instances/default/workspaces/7fb55262-e658-45e2-88c0-b0e8ccc5ad6c/scripts/__pycache__
[2026-06-19T16:05:02Z] skip-undeletable kind=pycache-file kb=24 path=/paperclip/instances/default/workspaces/7fb55262-e658-45e2-88c0-b0e8ccc5ad6c/scripts/__pycache__/ingested_marker.cpython-312.pyc
[2026-06-19T16:05:02Z] skip-undeletable kind=pycache-file kb=37 path=/paperclip/instances/default/workspaces/7fb55262-e658-45e2-88c0-b0e8ccc5ad6c/scripts/__pycache__/ingest_buy30620_lanes.cpython-312.pyc
[2026-06-19T16:05:05Z] deleted kind=stale-pid kb=1 path=/paperclip/instances/default/workspaces/476c8023-3635-45bb-9f71-db6f4f5700e1/buywhere-api/data/.buy31015-deep-page.pid
[2026-06-19T16:05:09Z] skip-undeletable kind=pycache-dir kb=4 path=/paperclip/instances/default/workspaces/3ec8f6dd-1735-4479-9825-a2c42edac34c/scripts/__pycache__
[2026-06-19T16:05:09Z] skip-undeletable kind=pycache-file kb=26 path=/paperclip/instances/default/workspaces/3ec8f6dd-1735-4479-9825-a2c42edac34c/scripts/__pycache__/ingest_buy30620_lanes.cpython-312.pyc
[2026-06-19T16:05:10Z] deleted kind=disk-monitor-dir kb=4 path=/paperclip/instances/default/workspaces/8ca957f8-0911-4e81-a963-e2cf54c97d44/data/buy-48198-disk-monitor-2026-06-16T160501Z
[2026-06-19T16:05:17Z] summary apply=1 scanned=14 removed=2 skipped_undeletable=5 failed=0 reclaimed_kb=5 report=/paperclip/instances/default/workspaces/logs/buy53114_worker_wc_cycle_cleanup_report.json
[2026-06-19T16:05:17Z] BUY-48198 worker artifact cleanup completed rc=0
{
  "generated_at": "2026-06-19T16:05:17.573Z",
  "status": "PASS",
  "filesystem": "/dev/vda1",
  "mount_path": "/",
  "free_gb": 29.3,
  "size_bytes": 206900281344,
  "available_bytes": 31408427008,
  "warn_gb": 20,
  "critical_gb": 5,
  "incident_created": false,
  "notes": [
    "Filesystem /dev/vda1 mounted at /",
    "29.3 GB free (85% used)",
    "Disk space healthy"
  ]
}
[2026-06-19T16:05:17Z] BUY-48198 watchdog complete rc=0
[2026-06-19T16:10:01Z] BUY-48198 watchdog start
[2026-06-19T16:10:01Z] BUY-48198 wc cleanup completed rc=0
[2026-06-19T16:10:01Z] starting apply=1 root=/paperclip/instances/default/workspaces log_retention_days=2 run_retention_days=3 heartbeat_retention_min=360 disk_artifact_retention_days=2 trash_archive_minutes=360 trash_archive_min_kb=262144 trash_archive_dirname=_trash_archives alert_pct=90
[2026-06-19T16:10:02Z] skip-undeletable kind=pycache-dir kb=4 path=/paperclip/instances/default/workspaces/7fb55262-e658-45e2-88c0-b0e8ccc5ad6c/scripts/__pycache__
[2026-06-19T16:10:02Z] skip-undeletable kind=pycache-file kb=24 path=/paperclip/instances/default/workspaces/7fb55262-e658-45e2-88c0-b0e8ccc5ad6c/scripts/__pycache__/ingested_marker.cpython-312.pyc
[2026-06-19T16:10:02Z] skip-undeletable kind=pycache-file kb=37 path=/paperclip/instances/default/workspaces/7fb55262-e658-45e2-88c0-b0e8ccc5ad6c/scripts/__pycache__/ingest_buy30620_lanes.cpython-312.pyc
[2026-06-19T16:10:04Z] deleted kind=stale-pid kb=1 path=/paperclip/instances/default/workspaces/476c8023-3635-45bb-9f71-db6f4f5700e1/buywhere-api/data/.buy31015-deep-page.pid
[2026-06-19T16:10:08Z] skip-undeletable kind=pycache-dir kb=4 path=/paperclip/instances/default/workspaces/3ec8f6dd-1735-4479-9825-a2c42edac34c/scripts/__pycache__
[2026-06-19T16:10:08Z] skip-undeletable kind=pycache-file kb=26 path=/paperclip/instances/default/workspaces/3ec8f6dd-1735-4479-9825-a2c42edac34c/scripts/__pycache__/ingest_buy30620_lanes.cpython-312.pyc
[2026-06-19T16:10:08Z] deleted kind=cycle-log kb=1 path=/paperclip/instances/default/workspaces/3ec8f6dd-1735-4479-9825-a2c42edac34c/logs/buy31015-deep-supervisor-20260616T160801Z.log
[2026-06-19T16:10:09Z] deleted kind=disk-monitor-dir kb=4 path=/paperclip/instances/default/workspaces/8ca957f8-0911-4e81-a963-e2cf54c97d44/data/buy-48198-disk-monitor-2026-06-16T161001Z
[2026-06-19T16:10:16Z] summary apply=1 scanned=15 removed=3 skipped_undeletable=5 failed=0 reclaimed_kb=6 report=/paperclip/instances/default/workspaces/logs/buy53114_worker_wc_cycle_cleanup_report.json
[2026-06-19T16:10:16Z] BUY-48198 worker artifact cleanup completed rc=0
{
  "generated_at": "2026-06-19T16:10:16.704Z",
  "status": "PASS",
  "filesystem": "/dev/vda1",
  "mount_path": "/",
  "free_gb": 29.2,
  "size_bytes": 206900281344,
  "available_bytes": 31300194304,
  "warn_gb": 20,
  "critical_gb": 5,
  "incident_created": false,
  "notes": [
    "Filesystem /dev/vda1 mounted at /",
    "29.2 GB free (85% used)",
    "Disk space healthy"
  ]
}
[2026-06-19T16:10:16Z] BUY-48198 watchdog complete rc=0
[2026-06-19T16:15:01Z] BUY-48198 watchdog start
[2026-06-19T16:15:02Z] BUY-48198 wc cleanup completed rc=0
[2026-06-19T16:15:02Z] starting apply=1 root=/paperclip/instances/default/workspaces log_retention_days=2 run_retention_days=3 heartbeat_retention_min=360 disk_artifact_retention_days=2 trash_archive_minutes=360 trash_archive_min_kb=262144 trash_archive_dirname=_trash_archives alert_pct=90
[2026-06-19T16:15:02Z] skip-undeletable kind=pycache-dir kb=4 path=/paperclip/instances/default/workspaces/7fb55262-e658-45e2-88c0-b0e8ccc5ad6c/scripts/__pycache__
[2026-06-19T16:15:02Z] skip-undeletable kind=pycache-file kb=24 path=/paperclip/instances/default/workspaces/7fb55262-e658-45e2-88c0-b0e8ccc5ad6c/scripts/__pycache__/ingested_marker.cpython-312.pyc
[2026-06-19T16:15:02Z] skip-undeletable kind=pycache-file kb=37 path=/paperclip/instances/default/workspaces/7fb55262-e658-45e2-88c0-b0e8ccc5ad6c/scripts/__pycache__/ingest_buy30620_lanes.cpython-312.pyc
[2026-06-19T16:15:08Z] skip-undeletable kind=pycache-dir kb=4 path=/paperclip/instances/default/workspaces/3ec8f6dd-1735-4479-9825-a2c42edac34c/scripts/__pycache__
[2026-06-19T16:15:09Z] skip-undeletable kind=pycache-file kb=26 path=/paperclip/instances/default/workspaces/3ec8f6dd-1735-4479-9825-a2c42edac34c/scripts/__pycache__/ingest_buy30620_lanes.cpython-312.pyc
[2026-06-19T16:15:09Z] deleted kind=disk-monitor-dir kb=4 path=/paperclip/instances/default/workspaces/8ca957f8-0911-4e81-a963-e2cf54c97d44/data/buy-48198-disk-monitor-2026-06-16T161501Z
[2026-06-19T16:15:17Z] summary apply=1 scanned=13 removed=1 skipped_undeletable=5 failed=0 reclaimed_kb=4 report=/paperclip/instances/default/workspaces/logs/buy53114_worker_wc_cycle_cleanup_report.json
[2026-06-19T16:15:17Z] BUY-48198 worker artifact cleanup completed rc=0
{
  "generated_at": "2026-06-19T16:15:17.973Z",
  "status": "PASS",
  "filesystem": "/dev/vda1",
  "mount_path": "/",
  "free_gb": 29.1,
  "size_bytes": 206900281344,
  "available_bytes": 31245135872,
  "warn_gb": 20,
  "critical_gb": 5,
  "incident_created": false,
  "notes": [
    "Filesystem /dev/vda1 mounted at /",
    "29.1 GB free (85% used)",
    "Disk space healthy"
  ]
}
[2026-06-19T16:15:17Z] BUY-48198 watchdog complete rc=0
[2026-06-19T16:20:01Z] BUY-48198 watchdog start
[2026-06-19T16:20:01Z] BUY-48198 wc cleanup completed rc=0
[2026-06-19T16:20:01Z] starting apply=1 root=/paperclip/instances/default/workspaces log_retention_days=2 run_retention_days=3 heartbeat_retention_min=360 disk_artifact_retention_days=2 trash_archive_minutes=360 trash_archive_min_kb=262144 trash_archive_dirname=_trash_archives alert_pct=90
[2026-06-19T16:20:01Z] skip-undeletable kind=pycache-dir kb=4 path=/paperclip/instances/default/workspaces/7fb55262-e658-45e2-88c0-b0e8ccc5ad6c/scripts/__pycache__
[2026-06-19T16:20:01Z] skip-undeletable kind=pycache-file kb=24 path=/paperclip/instances/default/workspaces/7fb55262-e658-45e2-88c0-b0e8ccc5ad6c/scripts/__pycache__/ingested_marker.cpython-312.pyc
[2026-06-19T16:20:01Z] skip-undeletable kind=pycache-file kb=37 path=/paperclip/instances/default/workspaces/7fb55262-e658-45e2-88c0-b0e8ccc5ad6c/scripts/__pycache__/ingest_buy30620_lanes.cpython-312.pyc
[2026-06-19T16:20:08Z] skip-undeletable kind=pycache-dir kb=4 path=/paperclip/instances/default/workspaces/3ec8f6dd-1735-4479-9825-a2c42edac34c/scripts/__pycache__
[2026-06-19T16:20:08Z] skip-undeletable kind=pycache-file kb=26 path=/paperclip/instances/default/workspaces/3ec8f6dd-1735-4479-9825-a2c42edac34c/scripts/__pycache__/ingest_buy30620_lanes.cpython-312.pyc
[2026-06-19T16:20:08Z] deleted kind=cycle-log kb=1 path=/paperclip/instances/default/workspaces/3ec8f6dd-1735-4479-9825-a2c42edac34c/logs/buy31015-deep-supervisor-20260616T161602Z.log
[2026-06-19T16:20:09Z] deleted kind=disk-monitor-dir kb=4 path=/paperclip/instances/default/workspaces/8ca957f8-0911-4e81-a963-e2cf54c97d44/data/buy-48198-disk-monitor-2026-06-16T162001Z
[2026-06-19T16:20:17Z] summary apply=1 scanned=14 removed=2 skipped_undeletable=5 failed=0 reclaimed_kb=5 report=/paperclip/instances/default/workspaces/logs/buy53114_worker_wc_cycle_cleanup_report.json
[2026-06-19T16:20:17Z] BUY-48198 worker artifact cleanup completed rc=0
{
  "generated_at": "2026-06-19T16:20:17.097Z",
  "status": "PASS",
  "filesystem": "/dev/vda1",
  "mount_path": "/",
  "free_gb": 29.2,
  "size_bytes": 206900281344,
  "available_bytes": 31343214592,
  "warn_gb": 20,
  "critical_gb": 5,
  "incident_created": false,
  "notes": [
    "Filesystem /dev/vda1 mounted at /",
    "29.2 GB free (85% used)",
    "Disk space healthy"
  ]
}
[2026-06-19T16:20:17Z] BUY-48198 watchdog complete rc=0
[2026-06-19T16:25:01Z] BUY-48198 watchdog start
[2026-06-19T16:25:02Z] BUY-48198 wc cleanup completed rc=0
[2026-06-19T16:25:02Z] starting apply=1 root=/paperclip/instances/default/workspaces log_retention_days=2 run_retention_days=3 heartbeat_retention_min=360 disk_artifact_retention_days=2 trash_archive_minutes=360 trash_archive_min_kb=262144 trash_archive_dirname=_trash_archives alert_pct=90
[2026-06-19T16:25:02Z] skip-undeletable kind=pycache-dir kb=4 path=/paperclip/instances/default/workspaces/7fb55262-e658-45e2-88c0-b0e8ccc5ad6c/scripts/__pycache__
[2026-06-19T16:25:02Z] skip-undeletable kind=pycache-file kb=24 path=/paperclip/instances/default/workspaces/7fb55262-e658-45e2-88c0-b0e8ccc5ad6c/scripts/__pycache__/ingested_marker.cpython-312.pyc
[2026-06-19T16:25:02Z] skip-undeletable kind=pycache-file kb=37 path=/paperclip/instances/default/workspaces/7fb55262-e658-45e2-88c0-b0e8ccc5ad6c/scripts/__pycache__/ingest_buy30620_lanes.cpython-312.pyc
[2026-06-19T16:25:04Z] deleted kind=stale-pid kb=1 path=/paperclip/instances/default/workspaces/476c8023-3635-45bb-9f71-db6f4f5700e1/buywhere-api/data/.buy31015-deep-page.pid
[2026-06-19T16:25:08Z] skip-undeletable kind=pycache-dir kb=4 path=/paperclip/instances/default/workspaces/3ec8f6dd-1735-4479-9825-a2c42edac34c/scripts/__pycache__
[2026-06-19T16:25:08Z] skip-undeletable kind=pycache-file kb=26 path=/paperclip/instances/default/workspaces/3ec8f6dd-1735-4479-9825-a2c42edac34c/scripts/__pycache__/ingest_buy30620_lanes.cpython-312.pyc
[2026-06-19T16:25:08Z] deleted kind=cycle-log kb=1 path=/paperclip/instances/default/workspaces/3ec8f6dd-1735-4479-9825-a2c42edac34c/logs/buy31015-deep-supervisor-20260616T162401Z.log
[2026-06-19T16:25:09Z] deleted kind=disk-monitor-dir kb=4 path=/paperclip/instances/default/workspaces/8ca957f8-0911-4e81-a963-e2cf54c97d44/data/buy-48198-disk-monitor-2026-06-16T162502Z
[2026-06-19T16:25:16Z] summary apply=1 scanned=15 removed=3 skipped_undeletable=5 failed=0 reclaimed_kb=6 report=/paperclip/instances/default/workspaces/logs/buy53114_worker_wc_cycle_cleanup_report.json
[2026-06-19T16:25:16Z] BUY-48198 worker artifact cleanup completed rc=0
{
  "generated_at": "2026-06-19T16:25:16.437Z",
  "status": "PASS",
  "filesystem": "/dev/vda1",
  "mount_path": "/",
  "free_gb": 29.2,
  "size_bytes": 206900281344,
  "available_bytes": 31319105536,
  "warn_gb": 20,
  "critical_gb": 5,
  "incident_created": false,
  "notes": [
    "Filesystem /dev/vda1 mounted at /",
    "29.2 GB free (85% used)",
    "Disk space healthy"
  ]
}
[2026-06-19T16:25:16Z] BUY-48198 watchdog complete rc=0
[2026-06-19T16:30:01Z] BUY-48198 watchdog start
[2026-06-19T16:30:01Z] BUY-48198 wc cleanup completed rc=0
[2026-06-19T16:30:01Z] starting apply=1 root=/paperclip/instances/default/workspaces log_retention_days=2 run_retention_days=3 heartbeat_retention_min=360 disk_artifact_retention_days=2 trash_archive_minutes=360 trash_archive_min_kb=262144 trash_archive_dirname=_trash_archives alert_pct=90
[2026-06-19T16:30:01Z] skip-undeletable kind=pycache-dir kb=4 path=/paperclip/instances/default/workspaces/7fb55262-e658-45e2-88c0-b0e8ccc5ad6c/scripts/__pycache__
[2026-06-19T16:30:02Z] skip-undeletable kind=pycache-file kb=24 path=/paperclip/instances/default/workspaces/7fb55262-e658-45e2-88c0-b0e8ccc5ad6c/scripts/__pycache__/ingested_marker.cpython-312.pyc
[2026-06-19T16:30:02Z] skip-undeletable kind=pycache-file kb=37 path=/paperclip/instances/default/workspaces/7fb55262-e658-45e2-88c0-b0e8ccc5ad6c/scripts/__pycache__/ingest_buy30620_lanes.cpython-312.pyc
[2026-06-19T16:30:04Z] deleted kind=stale-pid kb=1 path=/paperclip/instances/default/workspaces/476c8023-3635-45bb-9f71-db6f4f5700e1/buywhere-api/data/.buy31015-deep-page.pid
[2026-06-19T16:30:08Z] skip-undeletable kind=pycache-dir kb=4 path=/paperclip/instances/default/workspaces/3ec8f6dd-1735-4479-9825-a2c42edac34c/scripts/__pycache__
[2026-06-19T16:30:08Z] skip-undeletable kind=pycache-file kb=26 path=/paperclip/instances/default/workspaces/3ec8f6dd-1735-4479-9825-a2c42edac34c/scripts/__pycache__/ingest_buy30620_lanes.cpython-312.pyc
[2026-06-19T16:30:09Z] deleted kind=disk-monitor-dir kb=4 path=/paperclip/instances/default/workspaces/8ca957f8-0911-4e81-a963-e2cf54c97d44/data/buy-48198-disk-monitor-2026-06-16T163001Z
[2026-06-19T16:30:16Z] summary apply=1 scanned=14 removed=2 skipped_undeletable=5 failed=0 reclaimed_kb=5 report=/paperclip/instances/default/workspaces/logs/buy53114_worker_wc_cycle_cleanup_report.json
[2026-06-19T16:30:16Z] BUY-48198 worker artifact cleanup completed rc=0
{
  "generated_at": "2026-06-19T16:30:16.178Z",
  "status": "PASS",
  "filesystem": "/dev/vda1",
  "mount_path": "/",
  "free_gb": 29.1,
  "size_bytes": 206900281344,
  "available_bytes": 31290433536,
  "warn_gb": 20,
  "critical_gb": 5,
  "incident_created": false,
  "notes": [
    "Filesystem /dev/vda1 mounted at /",
    "29.1 GB free (85% used)",
    "Disk space healthy"
  ]
}
[2026-06-19T16:30:16Z] BUY-48198 watchdog complete rc=0
[2026-06-19T16:35:01Z] BUY-48198 watchdog start
[2026-06-19T16:35:02Z] BUY-48198 wc cleanup completed rc=0
[2026-06-19T16:35:02Z] starting apply=1 root=/paperclip/instances/default/workspaces log_retention_days=2 run_retention_days=3 heartbeat_retention_min=360 disk_artifact_retention_days=2 trash_archive_minutes=360 trash_archive_min_kb=262144 trash_archive_dirname=_trash_archives alert_pct=90
[2026-06-19T16:35:02Z] skip-undeletable kind=pycache-dir kb=4 path=/paperclip/instances/default/workspaces/7fb55262-e658-45e2-88c0-b0e8ccc5ad6c/scripts/__pycache__
[2026-06-19T16:35:02Z] skip-undeletable kind=pycache-file kb=24 path=/paperclip/instances/default/workspaces/7fb55262-e658-45e2-88c0-b0e8ccc5ad6c/scripts/__pycache__/ingested_marker.cpython-312.pyc
[2026-06-19T16:35:02Z] skip-undeletable kind=pycache-file kb=37 path=/paperclip/instances/default/workspaces/7fb55262-e658-45e2-88c0-b0e8ccc5ad6c/scripts/__pycache__/ingest_buy30620_lanes.cpython-312.pyc
[2026-06-19T16:35:04Z] deleted kind=stale-pid kb=1 path=/paperclip/instances/default/workspaces/476c8023-3635-45bb-9f71-db6f4f5700e1/buywhere-api/data/.buy31015-deep-page.pid
[2026-06-19T16:35:08Z] skip-undeletable kind=pycache-dir kb=4 path=/paperclip/instances/default/workspaces/3ec8f6dd-1735-4479-9825-a2c42edac34c/scripts/__pycache__
[2026-06-19T16:35:08Z] skip-undeletable kind=pycache-file kb=26 path=/paperclip/instances/default/workspaces/3ec8f6dd-1735-4479-9825-a2c42edac34c/scripts/__pycache__/ingest_buy30620_lanes.cpython-312.pyc
[2026-06-19T16:35:08Z] deleted kind=cycle-log kb=1 path=/paperclip/instances/default/workspaces/3ec8f6dd-1735-4479-9825-a2c42edac34c/logs/buy31015-deep-supervisor-20260616T163201Z.log
[2026-06-19T16:35:09Z] deleted kind=disk-monitor-dir kb=4 path=/paperclip/instances/default/workspaces/8ca957f8-0911-4e81-a963-e2cf54c97d44/data/buy-48198-disk-monitor-2026-06-16T163501Z
[2026-06-19T16:35:16Z] summary apply=1 scanned=15 removed=3 skipped_undeletable=5 failed=0 reclaimed_kb=6 report=/paperclip/instances/default/workspaces/logs/buy53114_worker_wc_cycle_cleanup_report.json
[2026-06-19T16:35:16Z] BUY-48198 worker artifact cleanup completed rc=0
{
  "generated_at": "2026-06-19T16:35:16.116Z",
  "status": "PASS",
  "filesystem": "/dev/vda1",
  "mount_path": "/",
  "free_gb": 29.1,
  "size_bytes": 206900281344,
  "available_bytes": 31250337792,
  "warn_gb": 20,
  "critical_gb": 5,
  "incident_created": false,
  "notes": [
    "Filesystem /dev/vda1 mounted at /",
    "29.1 GB free (85% used)",
    "Disk space healthy"
  ]
}
[2026-06-19T16:35:16Z] BUY-48198 watchdog complete rc=0
[2026-06-19T16:40:02Z] BUY-48198 watchdog start
[2026-06-19T16:40:02Z] BUY-48198 wc cleanup completed rc=0
[2026-06-19T16:40:02Z] starting apply=1 root=/paperclip/instances/default/workspaces log_retention_days=2 run_retention_days=3 heartbeat_retention_min=360 disk_artifact_retention_days=2 trash_archive_minutes=360 trash_archive_min_kb=262144 trash_archive_dirname=_trash_archives alert_pct=90
[2026-06-19T16:40:02Z] skip-undeletable kind=pycache-dir kb=4 path=/paperclip/instances/default/workspaces/7fb55262-e658-45e2-88c0-b0e8ccc5ad6c/scripts/__pycache__
[2026-06-19T16:40:02Z] skip-undeletable kind=pycache-file kb=24 path=/paperclip/instances/default/workspaces/7fb55262-e658-45e2-88c0-b0e8ccc5ad6c/scripts/__pycache__/ingested_marker.cpython-312.pyc
[2026-06-19T16:40:02Z] skip-undeletable kind=pycache-file kb=37 path=/paperclip/instances/default/workspaces/7fb55262-e658-45e2-88c0-b0e8ccc5ad6c/scripts/__pycache__/ingest_buy30620_lanes.cpython-312.pyc
[2026-06-19T16:40:05Z] deleted kind=stale-pid kb=1 path=/paperclip/instances/default/workspaces/476c8023-3635-45bb-9f71-db6f4f5700e1/buywhere-api/data/.buy31015-deep-page.pid
[2026-06-19T16:40:09Z] skip-undeletable kind=pycache-dir kb=4 path=/paperclip/instances/default/workspaces/3ec8f6dd-1735-4479-9825-a2c42edac34c/scripts/__pycache__
[2026-06-19T16:40:09Z] skip-undeletable kind=pycache-file kb=26 path=/paperclip/instances/default/workspaces/3ec8f6dd-1735-4479-9825-a2c42edac34c/scripts/__pycache__/ingest_buy30620_lanes.cpython-312.pyc
[2026-06-19T16:40:10Z] deleted kind=disk-monitor-dir kb=4 path=/paperclip/instances/default/workspaces/8ca957f8-0911-4e81-a963-e2cf54c97d44/data/buy-48198-disk-monitor-2026-06-16T164001Z
[2026-06-19T16:40:17Z] summary apply=1 scanned=14 removed=2 skipped_undeletable=5 failed=0 reclaimed_kb=5 report=/paperclip/instances/default/workspaces/logs/buy53114_worker_wc_cycle_cleanup_report.json
[2026-06-19T16:40:17Z] BUY-48198 worker artifact cleanup completed rc=0
{
  "generated_at": "2026-06-19T16:40:17.291Z",
  "status": "PASS",
  "filesystem": "/dev/vda1",
  "mount_path": "/",
  "free_gb": 29.1,
  "size_bytes": 206900281344,
  "available_bytes": 31209496576,
  "warn_gb": 20,
  "critical_gb": 5,
  "incident_created": false,
  "notes": [
    "Filesystem /dev/vda1 mounted at /",
    "29.1 GB free (85% used)",
    "Disk space healthy"
  ]
}
[2026-06-19T16:40:17Z] BUY-48198 watchdog complete rc=0
[2026-06-19T16:45:01Z] BUY-48198 watchdog start
[2026-06-19T16:45:01Z] BUY-48198 wc cleanup completed rc=0
[2026-06-19T16:45:01Z] starting apply=1 root=/paperclip/instances/default/workspaces log_retention_days=2 run_retention_days=3 heartbeat_retention_min=360 disk_artifact_retention_days=2 trash_archive_minutes=360 trash_archive_min_kb=262144 trash_archive_dirname=_trash_archives alert_pct=90
[2026-06-19T16:45:01Z] skip-undeletable kind=pycache-dir kb=4 path=/paperclip/instances/default/workspaces/7fb55262-e658-45e2-88c0-b0e8ccc5ad6c/scripts/__pycache__
[2026-06-19T16:45:01Z] skip-undeletable kind=pycache-file kb=24 path=/paperclip/instances/default/workspaces/7fb55262-e658-45e2-88c0-b0e8ccc5ad6c/scripts/__pycache__/ingested_marker.cpython-312.pyc
[2026-06-19T16:45:02Z] skip-undeletable kind=pycache-file kb=37 path=/paperclip/instances/default/workspaces/7fb55262-e658-45e2-88c0-b0e8ccc5ad6c/scripts/__pycache__/ingest_buy30620_lanes.cpython-312.pyc
[2026-06-19T16:45:05Z] deleted kind=stale-pid kb=1 path=/paperclip/instances/default/workspaces/476c8023-3635-45bb-9f71-db6f4f5700e1/buywhere-api/data/.buy31015-deep-page.pid
[2026-06-19T16:45:08Z] skip-undeletable kind=pycache-dir kb=4 path=/paperclip/instances/default/workspaces/3ec8f6dd-1735-4479-9825-a2c42edac34c/scripts/__pycache__
[2026-06-19T16:45:08Z] skip-undeletable kind=pycache-file kb=26 path=/paperclip/instances/default/workspaces/3ec8f6dd-1735-4479-9825-a2c42edac34c/scripts/__pycache__/ingest_buy30620_lanes.cpython-312.pyc
[2026-06-19T16:45:08Z] deleted kind=cycle-log kb=1 path=/paperclip/instances/default/workspaces/3ec8f6dd-1735-4479-9825-a2c42edac34c/logs/buy31015-deep-supervisor-20260616T164002Z.log
[2026-06-19T16:45:09Z] deleted kind=disk-monitor-dir kb=4 path=/paperclip/instances/default/workspaces/8ca957f8-0911-4e81-a963-e2cf54c97d44/data/buy-48198-disk-monitor-2026-06-16T164501Z
[2026-06-19T16:45:17Z] summary apply=1 scanned=15 removed=3 skipped_undeletable=5 failed=0 reclaimed_kb=6 report=/paperclip/instances/default/workspaces/logs/buy53114_worker_wc_cycle_cleanup_report.json
[2026-06-19T16:45:17Z] BUY-48198 worker artifact cleanup completed rc=0
{
  "generated_at": "2026-06-19T16:45:17.430Z",
  "status": "PASS",
  "filesystem": "/dev/vda1",
  "mount_path": "/",
  "free_gb": 29.1,
  "size_bytes": 206900281344,
  "available_bytes": 31199424512,
  "warn_gb": 20,
  "critical_gb": 5,
  "incident_created": false,
  "notes": [
    "Filesystem /dev/vda1 mounted at /",
    "29.1 GB free (85% used)",
    "Disk space healthy"
  ]
}
[2026-06-19T16:45:17Z] BUY-48198 watchdog complete rc=0
[2026-06-19T16:50:02Z] BUY-48198 watchdog start
[2026-06-19T16:50:02Z] BUY-48198 wc cleanup completed rc=0
[2026-06-19T16:50:02Z] starting apply=1 root=/paperclip/instances/default/workspaces log_retention_days=2 run_retention_days=3 heartbeat_retention_min=360 disk_artifact_retention_days=2 trash_archive_minutes=360 trash_archive_min_kb=262144 trash_archive_dirname=_trash_archives alert_pct=90
[2026-06-19T16:50:02Z] skip-undeletable kind=pycache-dir kb=4 path=/paperclip/instances/default/workspaces/7fb55262-e658-45e2-88c0-b0e8ccc5ad6c/scripts/__pycache__
[2026-06-19T16:50:02Z] skip-undeletable kind=pycache-file kb=24 path=/paperclip/instances/default/workspaces/7fb55262-e658-45e2-88c0-b0e8ccc5ad6c/scripts/__pycache__/ingested_marker.cpython-312.pyc
[2026-06-19T16:50:02Z] skip-undeletable kind=pycache-file kb=37 path=/paperclip/instances/default/workspaces/7fb55262-e658-45e2-88c0-b0e8ccc5ad6c/scripts/__pycache__/ingest_buy30620_lanes.cpython-312.pyc
[2026-06-19T16:50:05Z] deleted kind=stale-pid kb=1 path=/paperclip/instances/default/workspaces/476c8023-3635-45bb-9f71-db6f4f5700e1/buywhere-api/data/.buy31015-deep-page.pid
[2026-06-19T16:50:09Z] skip-undeletable kind=pycache-dir kb=4 path=/paperclip/instances/default/workspaces/3ec8f6dd-1735-4479-9825-a2c42edac34c/scripts/__pycache__
[2026-06-19T16:50:09Z] skip-undeletable kind=pycache-file kb=26 path=/paperclip/instances/default/workspaces/3ec8f6dd-1735-4479-9825-a2c42edac34c/scripts/__pycache__/ingest_buy30620_lanes.cpython-312.pyc
[2026-06-19T16:50:09Z] deleted kind=cycle-log kb=1 path=/paperclip/instances/default/workspaces/3ec8f6dd-1735-4479-9825-a2c42edac34c/logs/buy31015-deep-supervisor-20260616T164802Z.log
[2026-06-19T16:50:10Z] deleted kind=disk-monitor-dir kb=4 path=/paperclip/instances/default/workspaces/8ca957f8-0911-4e81-a963-e2cf54c97d44/data/buy-48198-disk-monitor-2026-06-16T165001Z
[2026-06-19T16:50:17Z] summary apply=1 scanned=15 removed=3 skipped_undeletable=5 failed=0 reclaimed_kb=6 report=/paperclip/instances/default/workspaces/logs/buy53114_worker_wc_cycle_cleanup_report.json
[2026-06-19T16:50:17Z] BUY-48198 worker artifact cleanup completed rc=0
{
  "generated_at": "2026-06-19T16:50:17.641Z",
  "status": "PASS",
  "filesystem": "/dev/vda1",
  "mount_path": "/",
  "free_gb": 29,
  "size_bytes": 206900281344,
  "available_bytes": 31184719872,
  "warn_gb": 20,
  "critical_gb": 5,
  "incident_created": false,
  "notes": [
    "Filesystem /dev/vda1 mounted at /",
    "29 GB free (85% used)",
    "Disk space healthy"
  ]
}
[2026-06-19T16:50:17Z] BUY-48198 watchdog complete rc=0
[2026-06-19T16:55:01Z] BUY-48198 watchdog start
[2026-06-19T16:55:02Z] BUY-48198 wc cleanup completed rc=0
[2026-06-19T16:55:02Z] starting apply=1 root=/paperclip/instances/default/workspaces log_retention_days=2 run_retention_days=3 heartbeat_retention_min=360 disk_artifact_retention_days=2 trash_archive_minutes=360 trash_archive_min_kb=262144 trash_archive_dirname=_trash_archives alert_pct=90
[2026-06-19T16:55:02Z] skip-undeletable kind=pycache-dir kb=4 path=/paperclip/instances/default/workspaces/7fb55262-e658-45e2-88c0-b0e8ccc5ad6c/scripts/__pycache__
[2026-06-19T16:55:02Z] skip-undeletable kind=pycache-file kb=24 path=/paperclip/instances/default/workspaces/7fb55262-e658-45e2-88c0-b0e8ccc5ad6c/scripts/__pycache__/ingested_marker.cpython-312.pyc
[2026-06-19T16:55:02Z] skip-undeletable kind=pycache-file kb=37 path=/paperclip/instances/default/workspaces/7fb55262-e658-45e2-88c0-b0e8ccc5ad6c/scripts/__pycache__/ingest_buy30620_lanes.cpython-312.pyc
[2026-06-19T16:55:06Z] deleted kind=stale-pid kb=1 path=/paperclip/instances/default/workspaces/476c8023-3635-45bb-9f71-db6f4f5700e1/buywhere-api/data/.buy31015-deep-page.pid
[2026-06-19T16:55:10Z] skip-undeletable kind=pycache-dir kb=4 path=/paperclip/instances/default/workspaces/3ec8f6dd-1735-4479-9825-a2c42edac34c/scripts/__pycache__
[2026-06-19T16:55:10Z] skip-undeletable kind=pycache-file kb=26 path=/paperclip/instances/default/workspaces/3ec8f6dd-1735-4479-9825-a2c42edac34c/scripts/__pycache__/ingest_buy30620_lanes.cpython-312.pyc
[2026-06-19T16:55:11Z] deleted kind=disk-monitor-dir kb=4 path=/paperclip/instances/default/workspaces/8ca957f8-0911-4e81-a963-e2cf54c97d44/data/buy-48198-disk-monitor-2026-06-16T165501Z
[2026-06-19T16:55:19Z] summary apply=1 scanned=14 removed=2 skipped_undeletable=5 failed=0 reclaimed_kb=5 report=/paperclip/instances/default/workspaces/logs/buy53114_worker_wc_cycle_cleanup_report.json
[2026-06-19T16:55:19Z] BUY-48198 worker artifact cleanup completed rc=0
{
  "generated_at": "2026-06-19T16:55:19.424Z",
  "status": "PASS",
  "filesystem": "/dev/vda1",
  "mount_path": "/",
  "free_gb": 28.8,
  "size_bytes": 206900281344,
  "available_bytes": 30943412224,
  "warn_gb": 20,
  "critical_gb": 5,
  "incident_created": false,
  "notes": [
    "Filesystem /dev/vda1 mounted at /",
    "28.8 GB free (86% used)",
    "Disk space healthy"
  ]
}
[2026-06-19T16:55:19Z] BUY-48198 watchdog complete rc=0
[2026-06-19T17:00:01Z] BUY-48198 watchdog start
[2026-06-19T17:00:01Z] BUY-48198 wc cleanup completed rc=0
[2026-06-19T17:00:01Z] starting apply=1 root=/paperclip/instances/default/workspaces log_retention_days=2 run_retention_days=3 heartbeat_retention_min=360 disk_artifact_retention_days=2 trash_archive_minutes=360 trash_archive_min_kb=262144 trash_archive_dirname=_trash_archives alert_pct=90
[2026-06-19T17:00:02Z] skip-undeletable kind=pycache-dir kb=4 path=/paperclip/instances/default/workspaces/7fb55262-e658-45e2-88c0-b0e8ccc5ad6c/scripts/__pycache__
[2026-06-19T17:00:02Z] skip-undeletable kind=pycache-file kb=24 path=/paperclip/instances/default/workspaces/7fb55262-e658-45e2-88c0-b0e8ccc5ad6c/scripts/__pycache__/ingested_marker.cpython-312.pyc
[2026-06-19T17:00:02Z] skip-undeletable kind=pycache-file kb=37 path=/paperclip/instances/default/workspaces/7fb55262-e658-45e2-88c0-b0e8ccc5ad6c/scripts/__pycache__/ingest_buy30620_lanes.cpython-312.pyc
[2026-06-19T17:00:05Z] deleted kind=stale-pid kb=1 path=/paperclip/instances/default/workspaces/476c8023-3635-45bb-9f71-db6f4f5700e1/buywhere-api/data/.buy31015-deep-page.pid
[2026-06-19T17:00:09Z] skip-undeletable kind=pycache-dir kb=4 path=/paperclip/instances/default/workspaces/3ec8f6dd-1735-4479-9825-a2c42edac34c/scripts/__pycache__
[2026-06-19T17:00:09Z] skip-undeletable kind=pycache-file kb=26 path=/paperclip/instances/default/workspaces/3ec8f6dd-1735-4479-9825-a2c42edac34c/scripts/__pycache__/ingest_buy30620_lanes.cpython-312.pyc
[2026-06-19T17:00:10Z] deleted kind=cycle-log kb=1 path=/paperclip/instances/default/workspaces/3ec8f6dd-1735-4479-9825-a2c42edac34c/logs/buy31015-deep-supervisor-20260616T165601Z.log
[2026-06-19T17:00:10Z] deleted kind=disk-monitor-dir kb=4 path=/paperclip/instances/default/workspaces/8ca957f8-0911-4e81-a963-e2cf54c97d44/data/buy-48198-disk-monitor-2026-06-16T170001Z
[2026-06-19T17:00:18Z] summary apply=1 scanned=15 removed=3 skipped_undeletable=5 failed=0 reclaimed_kb=6 report=/paperclip/instances/default/workspaces/logs/buy53114_worker_wc_cycle_cleanup_report.json
[2026-06-19T17:00:18Z] BUY-48198 worker artifact cleanup completed rc=0
{
  "generated_at": "2026-06-19T17:00:18.315Z",
  "status": "PASS",
  "filesystem": "/dev/vda1",
  "mount_path": "/",
  "free_gb": 28.7,
  "size_bytes": 206900281344,
  "available_bytes": 30863908864,
  "warn_gb": 20,
  "critical_gb": 5,
  "incident_created": false,
  "notes": [
    "Filesystem /dev/vda1 mounted at /",
    "28.7 GB free (86% used)",
    "Disk space healthy"
  ]
}
[2026-06-19T17:00:18Z] BUY-48198 watchdog complete rc=0
[2026-06-19T17:05:01Z] BUY-48198 watchdog start
[2026-06-19T17:05:01Z] BUY-48198 wc cleanup completed rc=0
[2026-06-19T17:05:01Z] starting apply=1 root=/paperclip/instances/default/workspaces log_retention_days=2 run_retention_days=3 heartbeat_retention_min=360 disk_artifact_retention_days=2 trash_archive_minutes=360 trash_archive_min_kb=262144 trash_archive_dirname=_trash_archives alert_pct=90
[2026-06-19T17:05:02Z] skip-undeletable kind=pycache-dir kb=4 path=/paperclip/instances/default/workspaces/7fb55262-e658-45e2-88c0-b0e8ccc5ad6c/scripts/__pycache__
[2026-06-19T17:05:02Z] skip-undeletable kind=pycache-file kb=24 path=/paperclip/instances/default/workspaces/7fb55262-e658-45e2-88c0-b0e8ccc5ad6c/scripts/__pycache__/ingested_marker.cpython-312.pyc
[2026-06-19T17:05:02Z] skip-undeletable kind=pycache-file kb=37 path=/paperclip/instances/default/workspaces/7fb55262-e658-45e2-88c0-b0e8ccc5ad6c/scripts/__pycache__/ingest_buy30620_lanes.cpython-312.pyc
[2026-06-19T17:05:04Z] deleted kind=stale-pid kb=1 path=/paperclip/instances/default/workspaces/476c8023-3635-45bb-9f71-db6f4f5700e1/buywhere-api/data/.buy31015-deep-page.pid
[2026-06-19T17:05:08Z] skip-undeletable kind=pycache-dir kb=4 path=/paperclip/instances/default/workspaces/3ec8f6dd-1735-4479-9825-a2c42edac34c/scripts/__pycache__
[2026-06-19T17:05:08Z] skip-undeletable kind=pycache-file kb=26 path=/paperclip/instances/default/workspaces/3ec8f6dd-1735-4479-9825-a2c42edac34c/scripts/__pycache__/ingest_buy30620_lanes.cpython-312.pyc
[2026-06-19T17:05:09Z] deleted kind=disk-monitor-dir kb=4 path=/paperclip/instances/default/workspaces/8ca957f8-0911-4e81-a963-e2cf54c97d44/data/buy-48198-disk-monitor-2026-06-16T170501Z
[2026-06-19T17:05:16Z] summary apply=1 scanned=14 removed=2 skipped_undeletable=5 failed=0 reclaimed_kb=5 report=/paperclip/instances/default/workspaces/logs/buy53114_worker_wc_cycle_cleanup_report.json
[2026-06-19T17:05:16Z] BUY-48198 worker artifact cleanup completed rc=0
{
  "generated_at": "2026-06-19T17:05:16.804Z",
  "status": "PASS",
  "filesystem": "/dev/vda1",
  "mount_path": "/",
  "free_gb": 27.9,
  "size_bytes": 206900281344,
  "available_bytes": 29914636288,
  "warn_gb": 20,
  "critical_gb": 5,
  "incident_created": false,
  "notes": [
    "Filesystem /dev/vda1 mounted at /",
    "27.9 GB free (86% used)",
    "Disk space healthy"
  ]
}
[2026-06-19T17:05:16Z] BUY-48198 watchdog complete rc=0
[2026-06-19T17:10:01Z] BUY-48198 watchdog start
[2026-06-19T17:10:02Z] BUY-48198 wc cleanup completed rc=0
[2026-06-19T17:10:02Z] starting apply=1 root=/paperclip/instances/default/workspaces log_retention_days=2 run_retention_days=3 heartbeat_retention_min=360 disk_artifact_retention_days=2 trash_archive_minutes=360 trash_archive_min_kb=262144 trash_archive_dirname=_trash_archives alert_pct=90
[2026-06-19T17:10:02Z] skip-undeletable kind=pycache-dir kb=4 path=/paperclip/instances/default/workspaces/7fb55262-e658-45e2-88c0-b0e8ccc5ad6c/scripts/__pycache__
[2026-06-19T17:10:02Z] skip-undeletable kind=pycache-file kb=24 path=/paperclip/instances/default/workspaces/7fb55262-e658-45e2-88c0-b0e8ccc5ad6c/scripts/__pycache__/ingested_marker.cpython-312.pyc
[2026-06-19T17:10:02Z] skip-undeletable kind=pycache-file kb=37 path=/paperclip/instances/default/workspaces/7fb55262-e658-45e2-88c0-b0e8ccc5ad6c/scripts/__pycache__/ingest_buy30620_lanes.cpython-312.pyc
[2026-06-19T17:10:05Z] deleted kind=stale-pid kb=1 path=/paperclip/instances/default/workspaces/476c8023-3635-45bb-9f71-db6f4f5700e1/buywhere-api/data/.buy31015-deep-page.pid
[2026-06-19T17:10:09Z] skip-undeletable kind=pycache-dir kb=4 path=/paperclip/instances/default/workspaces/3ec8f6dd-1735-4479-9825-a2c42edac34c/scripts/__pycache__
[2026-06-19T17:10:09Z] skip-undeletable kind=pycache-file kb=26 path=/paperclip/instances/default/workspaces/3ec8f6dd-1735-4479-9825-a2c42edac34c/scripts/__pycache__/ingest_buy30620_lanes.cpython-312.pyc
[2026-06-19T17:10:09Z] deleted kind=cycle-log kb=1 path=/paperclip/instances/default/workspaces/3ec8f6dd-1735-4479-9825-a2c42edac34c/logs/buy31015-deep-supervisor-20260616T170801Z.log
[2026-06-19T17:10:10Z] deleted kind=disk-monitor-dir kb=4 path=/paperclip/instances/default/workspaces/8ca957f8-0911-4e81-a963-e2cf54c97d44/data/buy-48198-disk-monitor-2026-06-16T171001Z
[2026-06-19T17:10:18Z] summary apply=1 scanned=15 removed=3 skipped_undeletable=5 failed=0 reclaimed_kb=6 report=/paperclip/instances/default/workspaces/logs/buy53114_worker_wc_cycle_cleanup_report.json
[2026-06-19T17:10:18Z] BUY-48198 worker artifact cleanup completed rc=0
{
  "generated_at": "2026-06-19T17:10:18.804Z",
  "status": "PASS",
  "filesystem": "/dev/vda1",
  "mount_path": "/",
  "free_gb": 25.5,
  "size_bytes": 206900281344,
  "available_bytes": 27407056896,
  "warn_gb": 20,
  "critical_gb": 5,
  "incident_created": false,
  "notes": [
    "Filesystem /dev/vda1 mounted at /",
    "25.5 GB free (87% used)",
    "Disk space healthy"
  ]
}
[2026-06-19T17:10:18Z] BUY-48198 watchdog complete rc=0
[2026-06-19T17:15:01Z] BUY-48198 watchdog start
[2026-06-19T17:15:02Z] BUY-48198 wc cleanup completed rc=0
[2026-06-19T17:15:02Z] starting apply=1 root=/paperclip/instances/default/workspaces log_retention_days=2 run_retention_days=3 heartbeat_retention_min=360 disk_artifact_retention_days=2 trash_archive_minutes=360 trash_archive_min_kb=262144 trash_archive_dirname=_trash_archives alert_pct=90
[2026-06-19T17:15:02Z] skip-undeletable kind=pycache-dir kb=4 path=/paperclip/instances/default/workspaces/7fb55262-e658-45e2-88c0-b0e8ccc5ad6c/scripts/__pycache__
[2026-06-19T17:15:02Z] skip-undeletable kind=pycache-file kb=24 path=/paperclip/instances/default/workspaces/7fb55262-e658-45e2-88c0-b0e8ccc5ad6c/scripts/__pycache__/ingested_marker.cpython-312.pyc
[2026-06-19T17:15:02Z] skip-undeletable kind=pycache-file kb=37 path=/paperclip/instances/default/workspaces/7fb55262-e658-45e2-88c0-b0e8ccc5ad6c/scripts/__pycache__/ingest_buy30620_lanes.cpython-312.pyc
[2026-06-19T17:15:04Z] deleted kind=stale-pid kb=1 path=/paperclip/instances/default/workspaces/476c8023-3635-45bb-9f71-db6f4f5700e1/buywhere-api/data/.buy31015-deep-page.pid
[2026-06-19T17:15:08Z] skip-undeletable kind=pycache-dir kb=4 path=/paperclip/instances/default/workspaces/3ec8f6dd-1735-4479-9825-a2c42edac34c/scripts/__pycache__
[2026-06-19T17:15:08Z] skip-undeletable kind=pycache-file kb=26 path=/paperclip/instances/default/workspaces/3ec8f6dd-1735-4479-9825-a2c42edac34c/scripts/__pycache__/ingest_buy30620_lanes.cpython-312.pyc
[2026-06-19T17:15:09Z] deleted kind=disk-monitor-dir kb=4 path=/paperclip/instances/default/workspaces/8ca957f8-0911-4e81-a963-e2cf54c97d44/data/buy-48198-disk-monitor-2026-06-16T171501Z
[2026-06-19T17:15:16Z] summary apply=1 scanned=14 removed=2 skipped_undeletable=5 failed=0 reclaimed_kb=5 report=/paperclip/instances/default/workspaces/logs/buy53114_worker_wc_cycle_cleanup_report.json
[2026-06-19T17:15:16Z] BUY-48198 worker artifact cleanup completed rc=0
{
  "generated_at": "2026-06-19T17:15:16.537Z",
  "status": "PASS",
  "filesystem": "/dev/vda1",
  "mount_path": "/",
  "free_gb": 23.8,
  "size_bytes": 206900281344,
  "available_bytes": 25600577536,
  "warn_gb": 20,
  "critical_gb": 5,
  "incident_created": false,
  "notes": [
    "Filesystem /dev/vda1 mounted at /",
    "23.8 GB free (88% used)",
    "Disk space healthy"
  ]
}
[2026-06-19T17:15:16Z] BUY-48198 watchdog complete rc=0
[2026-06-19T17:20:01Z] BUY-48198 watchdog start
[2026-06-19T17:20:01Z] BUY-48198 wc cleanup completed rc=0
[2026-06-19T17:20:01Z] starting apply=1 root=/paperclip/instances/default/workspaces log_retention_days=2 run_retention_days=3 heartbeat_retention_min=360 disk_artifact_retention_days=2 trash_archive_minutes=360 trash_archive_min_kb=262144 trash_archive_dirname=_trash_archives alert_pct=90
[2026-06-19T17:20:02Z] skip-undeletable kind=pycache-dir kb=4 path=/paperclip/instances/default/workspaces/7fb55262-e658-45e2-88c0-b0e8ccc5ad6c/scripts/__pycache__
[2026-06-19T17:20:02Z] skip-undeletable kind=pycache-file kb=24 path=/paperclip/instances/default/workspaces/7fb55262-e658-45e2-88c0-b0e8ccc5ad6c/scripts/__pycache__/ingested_marker.cpython-312.pyc
[2026-06-19T17:20:02Z] skip-undeletable kind=pycache-file kb=37 path=/paperclip/instances/default/workspaces/7fb55262-e658-45e2-88c0-b0e8ccc5ad6c/scripts/__pycache__/ingest_buy30620_lanes.cpython-312.pyc
[2026-06-19T17:20:08Z] skip-undeletable kind=pycache-dir kb=4 path=/paperclip/instances/default/workspaces/3ec8f6dd-1735-4479-9825-a2c42edac34c/scripts/__pycache__
[2026-06-19T17:20:08Z] skip-undeletable kind=pycache-file kb=26 path=/paperclip/instances/default/workspaces/3ec8f6dd-1735-4479-9825-a2c42edac34c/scripts/__pycache__/ingest_buy30620_lanes.cpython-312.pyc
[2026-06-19T17:20:08Z] deleted kind=cycle-log kb=1 path=/paperclip/instances/default/workspaces/3ec8f6dd-1735-4479-9825-a2c42edac34c/logs/buy31015-deep-supervisor-20260616T171601Z.log
[2026-06-19T17:20:09Z] deleted kind=disk-monitor-dir kb=4 path=/paperclip/instances/default/workspaces/8ca957f8-0911-4e81-a963-e2cf54c97d44/data/buy-48198-disk-monitor-2026-06-16T172001Z
[2026-06-19T17:20:16Z] summary apply=1 scanned=14 removed=2 skipped_undeletable=5 failed=0 reclaimed_kb=5 report=/paperclip/instances/default/workspaces/logs/buy53114_worker_wc_cycle_cleanup_report.json
[2026-06-19T17:20:16Z] BUY-48198 worker artifact cleanup completed rc=0
{
  "generated_at": "2026-06-19T17:20:16.659Z",
  "status": "PASS",
  "filesystem": "/dev/vda1",
  "mount_path": "/",
  "free_gb": 23.8,
  "size_bytes": 206900281344,
  "available_bytes": 25539420160,
  "warn_gb": 20,
  "critical_gb": 5,
  "incident_created": false,
  "notes": [
    "Filesystem /dev/vda1 mounted at /",
    "23.8 GB free (88% used)",
    "Disk space healthy"
  ]
}
[2026-06-19T17:20:16Z] BUY-48198 watchdog complete rc=0
[2026-06-19T17:25:01Z] BUY-48198 watchdog start
[2026-06-19T17:25:02Z] BUY-48198 wc cleanup completed rc=0
[2026-06-19T17:25:02Z] starting apply=1 root=/paperclip/instances/default/workspaces log_retention_days=2 run_retention_days=3 heartbeat_retention_min=360 disk_artifact_retention_days=2 trash_archive_minutes=360 trash_archive_min_kb=262144 trash_archive_dirname=_trash_archives alert_pct=90
[2026-06-19T17:25:02Z] skip-undeletable kind=pycache-dir kb=4 path=/paperclip/instances/default/workspaces/7fb55262-e658-45e2-88c0-b0e8ccc5ad6c/scripts/__pycache__
[2026-06-19T17:25:02Z] skip-undeletable kind=pycache-file kb=24 path=/paperclip/instances/default/workspaces/7fb55262-e658-45e2-88c0-b0e8ccc5ad6c/scripts/__pycache__/ingested_marker.cpython-312.pyc
[2026-06-19T17:25:02Z] skip-undeletable kind=pycache-file kb=37 path=/paperclip/instances/default/workspaces/7fb55262-e658-45e2-88c0-b0e8ccc5ad6c/scripts/__pycache__/ingest_buy30620_lanes.cpython-312.pyc
[2026-06-19T17:25:05Z] deleted kind=stale-pid kb=1 path=/paperclip/instances/default/workspaces/476c8023-3635-45bb-9f71-db6f4f5700e1/buywhere-api/data/.buy31015-deep-page.pid
[2026-06-19T17:25:08Z] skip-undeletable kind=pycache-dir kb=4 path=/paperclip/instances/default/workspaces/3ec8f6dd-1735-4479-9825-a2c42edac34c/scripts/__pycache__
[2026-06-19T17:25:08Z] skip-undeletable kind=pycache-file kb=26 path=/paperclip/instances/default/workspaces/3ec8f6dd-1735-4479-9825-a2c42edac34c/scripts/__pycache__/ingest_buy30620_lanes.cpython-312.pyc
[2026-06-19T17:25:09Z] deleted kind=cycle-log kb=1 path=/paperclip/instances/default/workspaces/3ec8f6dd-1735-4479-9825-a2c42edac34c/logs/buy31015-deep-supervisor-20260616T172402Z.log
[2026-06-19T17:25:09Z] deleted kind=disk-monitor-dir kb=4 path=/paperclip/instances/default/workspaces/8ca957f8-0911-4e81-a963-e2cf54c97d44/data/buy-48198-disk-monitor-2026-06-16T172501Z
[2026-06-19T17:25:17Z] summary apply=1 scanned=15 removed=3 skipped_undeletable=5 failed=0 reclaimed_kb=6 report=/paperclip/instances/default/workspaces/logs/buy53114_worker_wc_cycle_cleanup_report.json
[2026-06-19T17:25:17Z] BUY-48198 worker artifact cleanup completed rc=0
{
  "generated_at": "2026-06-19T17:25:17.129Z",
  "status": "PASS",
  "filesystem": "/dev/vda1",
  "mount_path": "/",
  "free_gb": 23.7,
  "size_bytes": 206900281344,
  "available_bytes": 25495937024,
  "warn_gb": 20,
  "critical_gb": 5,
  "incident_created": false,
  "notes": [
    "Filesystem /dev/vda1 mounted at /",
    "23.7 GB free (88% used)",
    "Disk space healthy"
  ]
}
[2026-06-19T17:25:17Z] BUY-48198 watchdog complete rc=0
[2026-06-19T17:30:01Z] BUY-48198 watchdog start
[2026-06-19T17:30:02Z] BUY-48198 wc cleanup completed rc=0
[2026-06-19T17:30:02Z] starting apply=1 root=/paperclip/instances/default/workspaces log_retention_days=2 run_retention_days=3 heartbeat_retention_min=360 disk_artifact_retention_days=2 trash_archive_minutes=360 trash_archive_min_kb=262144 trash_archive_dirname=_trash_archives alert_pct=90
[2026-06-19T17:30:02Z] skip-undeletable kind=pycache-dir kb=4 path=/paperclip/instances/default/workspaces/7fb55262-e658-45e2-88c0-b0e8ccc5ad6c/scripts/__pycache__
[2026-06-19T17:30:02Z] skip-undeletable kind=pycache-file kb=24 path=/paperclip/instances/default/workspaces/7fb55262-e658-45e2-88c0-b0e8ccc5ad6c/scripts/__pycache__/ingested_marker.cpython-312.pyc
[2026-06-19T17:30:02Z] skip-undeletable kind=pycache-file kb=37 path=/paperclip/instances/default/workspaces/7fb55262-e658-45e2-88c0-b0e8ccc5ad6c/scripts/__pycache__/ingest_buy30620_lanes.cpython-312.pyc
[2026-06-19T17:30:09Z] skip-undeletable kind=pycache-dir kb=4 path=/paperclip/instances/default/workspaces/3ec8f6dd-1735-4479-9825-a2c42edac34c/scripts/__pycache__
[2026-06-19T17:30:09Z] skip-undeletable kind=pycache-file kb=26 path=/paperclip/instances/default/workspaces/3ec8f6dd-1735-4479-9825-a2c42edac34c/scripts/__pycache__/ingest_buy30620_lanes.cpython-312.pyc
[2026-06-19T17:30:10Z] deleted kind=disk-monitor-dir kb=4 path=/paperclip/instances/default/workspaces/8ca957f8-0911-4e81-a963-e2cf54c97d44/data/buy-48198-disk-monitor-2026-06-16T173001Z
[2026-06-19T17:30:17Z] summary apply=1 scanned=13 removed=1 skipped_undeletable=5 failed=0 reclaimed_kb=4 report=/paperclip/instances/default/workspaces/logs/buy53114_worker_wc_cycle_cleanup_report.json
[2026-06-19T17:30:17Z] BUY-48198 worker artifact cleanup completed rc=0
{
  "generated_at": "2026-06-19T17:30:18.007Z",
  "status": "PASS",
  "filesystem": "/dev/vda1",
  "mount_path": "/",
  "free_gb": 23.6,
  "size_bytes": 206900281344,
  "available_bytes": 25383714816,
  "warn_gb": 20,
  "critical_gb": 5,
  "incident_created": false,
  "notes": [
    "Filesystem /dev/vda1 mounted at /",
    "23.6 GB free (88% used)",
    "Disk space healthy"
  ]
}
[2026-06-19T17:30:18Z] BUY-48198 watchdog complete rc=0
[2026-06-19T17:35:01Z] BUY-48198 watchdog start
[2026-06-19T17:35:01Z] BUY-48198 wc cleanup completed rc=0
[2026-06-19T17:35:01Z] starting apply=1 root=/paperclip/instances/default/workspaces log_retention_days=2 run_retention_days=3 heartbeat_retention_min=360 disk_artifact_retention_days=2 trash_archive_minutes=360 trash_archive_min_kb=262144 trash_archive_dirname=_trash_archives alert_pct=90
[2026-06-19T17:35:01Z] skip-undeletable kind=pycache-dir kb=4 path=/paperclip/instances/default/workspaces/7fb55262-e658-45e2-88c0-b0e8ccc5ad6c/scripts/__pycache__
[2026-06-19T17:35:01Z] skip-undeletable kind=pycache-file kb=24 path=/paperclip/instances/default/workspaces/7fb55262-e658-45e2-88c0-b0e8ccc5ad6c/scripts/__pycache__/ingested_marker.cpython-312.pyc
[2026-06-19T17:35:01Z] skip-undeletable kind=pycache-file kb=37 path=/paperclip/instances/default/workspaces/7fb55262-e658-45e2-88c0-b0e8ccc5ad6c/scripts/__pycache__/ingest_buy30620_lanes.cpython-312.pyc
[2026-06-19T17:35:05Z] deleted kind=stale-pid kb=1 path=/paperclip/instances/default/workspaces/476c8023-3635-45bb-9f71-db6f4f5700e1/buywhere-api/data/.buy31015-deep-page.pid
[2026-06-19T17:35:09Z] skip-undeletable kind=pycache-dir kb=4 path=/paperclip/instances/default/workspaces/3ec8f6dd-1735-4479-9825-a2c42edac34c/scripts/__pycache__
[2026-06-19T17:35:09Z] skip-undeletable kind=pycache-file kb=26 path=/paperclip/instances/default/workspaces/3ec8f6dd-1735-4479-9825-a2c42edac34c/scripts/__pycache__/ingest_buy30620_lanes.cpython-312.pyc
[2026-06-19T17:35:09Z] deleted kind=cycle-log kb=1 path=/paperclip/instances/default/workspaces/3ec8f6dd-1735-4479-9825-a2c42edac34c/logs/buy31015-deep-supervisor-20260616T173202Z.log
[2026-06-19T17:35:10Z] deleted kind=disk-monitor-dir kb=4 path=/paperclip/instances/default/workspaces/8ca957f8-0911-4e81-a963-e2cf54c97d44/data/buy-48198-disk-monitor-2026-06-16T173501Z
[2026-06-19T17:35:17Z] summary apply=1 scanned=15 removed=3 skipped_undeletable=5 failed=0 reclaimed_kb=6 report=/paperclip/instances/default/workspaces/logs/buy53114_worker_wc_cycle_cleanup_report.json
[2026-06-19T17:35:17Z] BUY-48198 worker artifact cleanup completed rc=0
{
  "generated_at": "2026-06-19T17:35:17.488Z",
  "status": "PASS",
  "filesystem": "/dev/vda1",
  "mount_path": "/",
  "free_gb": 23.5,
  "size_bytes": 206900281344,
  "available_bytes": 25256091648,
  "warn_gb": 20,
  "critical_gb": 5,
  "incident_created": false,
  "notes": [
    "Filesystem /dev/vda1 mounted at /",
    "23.5 GB free (88% used)",
    "Disk space healthy"
  ]
}
[2026-06-19T17:35:17Z] BUY-48198 watchdog complete rc=0
[2026-06-19T17:40:01Z] BUY-48198 watchdog start
[2026-06-19T17:40:02Z] BUY-48198 wc cleanup completed rc=0
[2026-06-19T17:40:02Z] starting apply=1 root=/paperclip/instances/default/workspaces log_retention_days=2 run_retention_days=3 heartbeat_retention_min=360 disk_artifact_retention_days=2 trash_archive_minutes=360 trash_archive_min_kb=262144 trash_archive_dirname=_trash_archives alert_pct=90
[2026-06-19T17:40:02Z] skip-undeletable kind=pycache-dir kb=4 path=/paperclip/instances/default/workspaces/7fb55262-e658-45e2-88c0-b0e8ccc5ad6c/scripts/__pycache__
[2026-06-19T17:40:02Z] skip-undeletable kind=pycache-file kb=24 path=/paperclip/instances/default/workspaces/7fb55262-e658-45e2-88c0-b0e8ccc5ad6c/scripts/__pycache__/ingested_marker.cpython-312.pyc
[2026-06-19T17:40:02Z] skip-undeletable kind=pycache-file kb=37 path=/paperclip/instances/default/workspaces/7fb55262-e658-45e2-88c0-b0e8ccc5ad6c/scripts/__pycache__/ingest_buy30620_lanes.cpython-312.pyc
[2026-06-19T17:40:06Z] deleted kind=stale-pid kb=1 path=/paperclip/instances/default/workspaces/476c8023-3635-45bb-9f71-db6f4f5700e1/buywhere-api/data/.buy31015-deep-page.pid
[2026-06-19T17:40:10Z] skip-undeletable kind=pycache-dir kb=4 path=/paperclip/instances/default/workspaces/3ec8f6dd-1735-4479-9825-a2c42edac34c/scripts/__pycache__
[2026-06-19T17:40:10Z] skip-undeletable kind=pycache-file kb=26 path=/paperclip/instances/default/workspaces/3ec8f6dd-1735-4479-9825-a2c42edac34c/scripts/__pycache__/ingest_buy30620_lanes.cpython-312.pyc
[2026-06-19T17:40:11Z] deleted kind=disk-monitor-dir kb=4 path=/paperclip/instances/default/workspaces/8ca957f8-0911-4e81-a963-e2cf54c97d44/data/buy-48198-disk-monitor-2026-06-16T174001Z
[2026-06-19T17:40:19Z] summary apply=1 scanned=14 removed=2 skipped_undeletable=5 failed=0 reclaimed_kb=5 report=/paperclip/instances/default/workspaces/logs/buy53114_worker_wc_cycle_cleanup_report.json
[2026-06-19T17:40:19Z] BUY-48198 worker artifact cleanup completed rc=0
{
  "generated_at": "2026-06-19T17:40:19.147Z",
  "status": "PASS",
  "filesystem": "/dev/vda1",
  "mount_path": "/",
  "free_gb": 23.4,
  "size_bytes": 206900281344,
  "available_bytes": 25165565952,
  "warn_gb": 20,
  "critical_gb": 5,
  "incident_created": false,
  "notes": [
    "Filesystem /dev/vda1 mounted at /",
    "23.4 GB free (88% used)",
    "Disk space healthy"
  ]
}
[2026-06-19T17:40:19Z] BUY-48198 watchdog complete rc=0
[2026-06-19T17:45:01Z] BUY-48198 watchdog start
[2026-06-19T17:45:02Z] BUY-48198 wc cleanup completed rc=0
[2026-06-19T17:45:02Z] starting apply=1 root=/paperclip/instances/default/workspaces log_retention_days=2 run_retention_days=3 heartbeat_retention_min=360 disk_artifact_retention_days=2 trash_archive_minutes=360 trash_archive_min_kb=262144 trash_archive_dirname=_trash_archives alert_pct=90
[2026-06-19T17:45:02Z] skip-undeletable kind=pycache-dir kb=4 path=/paperclip/instances/default/workspaces/7fb55262-e658-45e2-88c0-b0e8ccc5ad6c/scripts/__pycache__
[2026-06-19T17:45:02Z] skip-undeletable kind=pycache-file kb=24 path=/paperclip/instances/default/workspaces/7fb55262-e658-45e2-88c0-b0e8ccc5ad6c/scripts/__pycache__/ingested_marker.cpython-312.pyc
[2026-06-19T17:45:02Z] skip-undeletable kind=pycache-file kb=37 path=/paperclip/instances/default/workspaces/7fb55262-e658-45e2-88c0-b0e8ccc5ad6c/scripts/__pycache__/ingest_buy30620_lanes.cpython-312.pyc
[2026-06-19T17:45:04Z] deleted kind=stale-pid kb=1 path=/paperclip/instances/default/workspaces/476c8023-3635-45bb-9f71-db6f4f5700e1/buywhere-api/data/carousell-sg/scraper.pid
[2026-06-19T17:45:08Z] skip-undeletable kind=pycache-dir kb=4 path=/paperclip/instances/default/workspaces/3ec8f6dd-1735-4479-9825-a2c42edac34c/scripts/__pycache__
[2026-06-19T17:45:08Z] skip-undeletable kind=pycache-file kb=26 path=/paperclip/instances/default/workspaces/3ec8f6dd-1735-4479-9825-a2c42edac34c/scripts/__pycache__/ingest_buy30620_lanes.cpython-312.pyc
[2026-06-19T17:45:08Z] deleted kind=cycle-log kb=1 path=/paperclip/instances/default/workspaces/3ec8f6dd-1735-4479-9825-a2c42edac34c/logs/buy31015-deep-supervisor-20260616T174002Z.log
[2026-06-19T17:45:08Z] deleted kind=disk-monitor-dir kb=4 path=/paperclip/instances/default/workspaces/8ca957f8-0911-4e81-a963-e2cf54c97d44/data/buy-48198-disk-monitor-2026-06-16T174501Z
[2026-06-19T17:45:16Z] summary apply=1 scanned=14 removed=3 skipped_undeletable=5 failed=0 reclaimed_kb=6 report=/paperclip/instances/default/workspaces/logs/buy53114_worker_wc_cycle_cleanup_report.json
[2026-06-19T17:45:16Z] BUY-48198 worker artifact cleanup completed rc=0
{
  "generated_at": "2026-06-19T17:45:16.531Z",
  "status": "PASS",
  "filesystem": "/dev/vda1",
  "mount_path": "/",
  "free_gb": 23.4,
  "size_bytes": 206900281344,
  "available_bytes": 25126842368,
  "warn_gb": 20,
  "critical_gb": 5,
  "incident_created": false,
  "notes": [
    "Filesystem /dev/vda1 mounted at /",
    "23.4 GB free (88% used)",
    "Disk space healthy"
  ]
}
[2026-06-19T17:45:16Z] BUY-48198 watchdog complete rc=0
[2026-06-19T17:50:01Z] BUY-48198 watchdog start
[2026-06-19T17:50:02Z] BUY-48198 wc cleanup completed rc=0
[2026-06-19T17:50:02Z] starting apply=1 root=/paperclip/instances/default/workspaces log_retention_days=2 run_retention_days=3 heartbeat_retention_min=360 disk_artifact_retention_days=2 trash_archive_minutes=360 trash_archive_min_kb=262144 trash_archive_dirname=_trash_archives alert_pct=90
[2026-06-19T17:50:02Z] skip-undeletable kind=pycache-dir kb=4 path=/paperclip/instances/default/workspaces/7fb55262-e658-45e2-88c0-b0e8ccc5ad6c/scripts/__pycache__
[2026-06-19T17:50:02Z] skip-undeletable kind=pycache-file kb=24 path=/paperclip/instances/default/workspaces/7fb55262-e658-45e2-88c0-b0e8ccc5ad6c/scripts/__pycache__/ingested_marker.cpython-312.pyc
[2026-06-19T17:50:02Z] skip-undeletable kind=pycache-file kb=37 path=/paperclip/instances/default/workspaces/7fb55262-e658-45e2-88c0-b0e8ccc5ad6c/scripts/__pycache__/ingest_buy30620_lanes.cpython-312.pyc
[2026-06-19T17:50:06Z] deleted kind=stale-pid kb=1 path=/paperclip/instances/default/workspaces/476c8023-3635-45bb-9f71-db6f4f5700e1/buywhere-api/data/.buy31015-deep-page.pid
[2026-06-19T17:50:09Z] skip-undeletable kind=pycache-dir kb=4 path=/paperclip/instances/default/workspaces/3ec8f6dd-1735-4479-9825-a2c42edac34c/scripts/__pycache__
[2026-06-19T17:50:09Z] skip-undeletable kind=pycache-file kb=26 path=/paperclip/instances/default/workspaces/3ec8f6dd-1735-4479-9825-a2c42edac34c/scripts/__pycache__/ingest_buy30620_lanes.cpython-312.pyc
[2026-06-19T17:50:09Z] deleted kind=cycle-log kb=1 path=/paperclip/instances/default/workspaces/3ec8f6dd-1735-4479-9825-a2c42edac34c/logs/buy31015-deep-supervisor-20260616T174802Z.log
[2026-06-19T17:50:10Z] deleted kind=disk-monitor-dir kb=4 path=/paperclip/instances/default/workspaces/8ca957f8-0911-4e81-a963-e2cf54c97d44/data/buy-48198-disk-monitor-2026-06-16T175001Z
[2026-06-19T17:50:15Z] deleted kind=runs-dir kb=4 path=/paperclip/instances/default/workspaces/19dcd635-1d2b-4e41-9950-5865876e12b2/buywhere/data/runs/BILL_14344_20260515_170201
[2026-06-19T17:50:17Z] summary apply=1 scanned=15 removed=4 skipped_undeletable=5 failed=0 reclaimed_kb=10 report=/paperclip/instances/default/workspaces/logs/buy53114_worker_wc_cycle_cleanup_report.json
[2026-06-19T17:50:17Z] BUY-48198 worker artifact cleanup completed rc=0
{
  "generated_at": "2026-06-19T17:50:17.600Z",
  "status": "WARN",
  "filesystem": "/dev/vda1",
  "mount_path": "/",
  "free_gb": 23.4,
  "size_bytes": 206900281344,
  "available_bytes": 25103437824,
  "warn_gb": 25,
  "critical_gb": 5,
  "incident_created": false,
  "notes": [
    "Filesystem /dev/vda1 mounted at /",
    "23.4 GB free (88% used)",
    "Below warning threshold of 25 GB",
    "Did not create warning incident"
  ]
}
[2026-06-19T17:55:01Z] BUY-48198 watchdog start
[2026-06-19T17:55:02Z] BUY-48198 wc cleanup completed rc=0
[2026-06-19T17:55:02Z] starting apply=1 root=/paperclip/instances/default/workspaces log_retention_days=2 run_retention_days=3 heartbeat_retention_min=360 disk_artifact_retention_days=2 trash_archive_minutes=360 trash_archive_min_kb=262144 trash_archive_dirname=_trash_archives alert_pct=90
[2026-06-19T17:55:02Z] skip-undeletable kind=pycache-dir kb=4 path=/paperclip/instances/default/workspaces/7fb55262-e658-45e2-88c0-b0e8ccc5ad6c/scripts/__pycache__
[2026-06-19T17:55:02Z] skip-undeletable kind=pycache-file kb=24 path=/paperclip/instances/default/workspaces/7fb55262-e658-45e2-88c0-b0e8ccc5ad6c/scripts/__pycache__/ingested_marker.cpython-312.pyc
[2026-06-19T17:55:02Z] skip-undeletable kind=pycache-file kb=37 path=/paperclip/instances/default/workspaces/7fb55262-e658-45e2-88c0-b0e8ccc5ad6c/scripts/__pycache__/ingest_buy30620_lanes.cpython-312.pyc
[2026-06-19T17:55:05Z] deleted kind=stale-pid kb=1 path=/paperclip/instances/default/workspaces/476c8023-3635-45bb-9f71-db6f4f5700e1/buywhere-api/data/.buy31015-deep-page.pid
[2026-06-19T17:55:08Z] skip-undeletable kind=pycache-dir kb=4 path=/paperclip/instances/default/workspaces/3ec8f6dd-1735-4479-9825-a2c42edac34c/scripts/__pycache__
[2026-06-19T17:55:08Z] skip-undeletable kind=pycache-file kb=26 path=/paperclip/instances/default/workspaces/3ec8f6dd-1735-4479-9825-a2c42edac34c/scripts/__pycache__/ingest_buy30620_lanes.cpython-312.pyc
[2026-06-19T17:55:09Z] deleted kind=disk-monitor-dir kb=4 path=/paperclip/instances/default/workspaces/8ca957f8-0911-4e81-a963-e2cf54c97d44/data/buy-48198-disk-monitor-2026-06-16T175501Z
[2026-06-19T17:56:38Z] archived-trash dir_kb=3792612 archive_kb=814882 reclaimed_kb=2977730 path=/paperclip/instances/default/workspaces/5bc984ee-e2d2-4312-9e6c-b2864524a21f/data/_trash/2026-06-19 archive=/paperclip/instances/default/workspaces/5bc984ee-e2d2-4312-9e6c-b2864524a21f/data/_trash_archives/2026-06-19.tar.gz
[2026-06-19T17:56:41Z] summary apply=1 scanned=13 removed=3 skipped_undeletable=5 failed=0 reclaimed_kb=2977735 report=/paperclip/instances/default/workspaces/logs/buy53114_worker_wc_cycle_cleanup_report.json
[2026-06-19T17:56:41Z] BUY-48198 worker artifact cleanup completed rc=0
{
  "generated_at": "2026-06-19T17:56:41.346Z",
  "status": "PASS",
  "filesystem": "/dev/vda1",
  "mount_path": "/",
  "free_gb": 25.7,
  "size_bytes": 206900281344,
  "available_bytes": 27608080384,
  "warn_gb": 25,
  "critical_gb": 5,
  "incident_created": false,
  "notes": [
    "Filesystem /dev/vda1 mounted at /",
    "25.7 GB free (87% used)",
    "Disk space healthy"
  ]
}
[2026-06-19T17:56:41Z] BUY-48198 watchdog complete rc=0
[2026-06-19T18:00:01Z] BUY-48198 watchdog start
[2026-06-19T18:00:02Z] BUY-48198 wc cleanup completed rc=0
[2026-06-19T18:00:02Z] starting apply=1 root=/paperclip/instances/default/workspaces log_retention_days=2 run_retention_days=3 heartbeat_retention_min=360 disk_artifact_retention_days=2 trash_archive_minutes=360 trash_archive_min_kb=262144 trash_archive_dirname=_trash_archives alert_pct=90
[2026-06-19T18:00:02Z] skip-undeletable kind=pycache-dir kb=4 path=/paperclip/instances/default/workspaces/7fb55262-e658-45e2-88c0-b0e8ccc5ad6c/scripts/__pycache__
[2026-06-19T18:00:02Z] skip-undeletable kind=pycache-file kb=24 path=/paperclip/instances/default/workspaces/7fb55262-e658-45e2-88c0-b0e8ccc5ad6c/scripts/__pycache__/ingested_marker.cpython-312.pyc
[2026-06-19T18:00:02Z] skip-undeletable kind=pycache-file kb=37 path=/paperclip/instances/default/workspaces/7fb55262-e658-45e2-88c0-b0e8ccc5ad6c/scripts/__pycache__/ingest_buy30620_lanes.cpython-312.pyc
[2026-06-19T18:00:08Z] skip-undeletable kind=pycache-dir kb=4 path=/paperclip/instances/default/workspaces/3ec8f6dd-1735-4479-9825-a2c42edac34c/scripts/__pycache__
[2026-06-19T18:00:08Z] skip-undeletable kind=pycache-file kb=26 path=/paperclip/instances/default/workspaces/3ec8f6dd-1735-4479-9825-a2c42edac34c/scripts/__pycache__/ingest_buy30620_lanes.cpython-312.pyc
[2026-06-19T18:00:08Z] deleted kind=cycle-log kb=1 path=/paperclip/instances/default/workspaces/3ec8f6dd-1735-4479-9825-a2c42edac34c/logs/buy31015-deep-supervisor-20260616T175602Z.log
[2026-06-19T18:00:09Z] deleted kind=disk-monitor-dir kb=4 path=/paperclip/instances/default/workspaces/8ca957f8-0911-4e81-a963-e2cf54c97d44/data/buy-48198-disk-monitor-2026-06-16T180001Z
[2026-06-19T18:00:16Z] summary apply=1 scanned=12 removed=2 skipped_undeletable=5 failed=0 reclaimed_kb=5 report=/paperclip/instances/default/workspaces/logs/buy53114_worker_wc_cycle_cleanup_report.json
[2026-06-19T18:00:16Z] BUY-48198 worker artifact cleanup completed rc=0
{
  "generated_at": "2026-06-19T18:00:16.795Z",
  "status": "PASS",
  "filesystem": "/dev/vda1",
  "mount_path": "/",
  "free_gb": 26.2,
  "size_bytes": 206900281344,
  "available_bytes": 28111208448,
  "warn_gb": 25,
  "critical_gb": 5,
  "incident_created": false,
  "notes": [
    "Filesystem /dev/vda1 mounted at /",
    "26.2 GB free (87% used)",
    "Disk space healthy"
  ]
}
[2026-06-19T18:00:16Z] BUY-48198 watchdog complete rc=0
[2026-06-19T18:05:01Z] BUY-48198 watchdog start
[2026-06-19T18:05:02Z] BUY-48198 wc cleanup completed rc=0
[2026-06-19T18:05:02Z] starting apply=1 root=/paperclip/instances/default/workspaces log_retention_days=2 run_retention_days=3 heartbeat_retention_min=360 disk_artifact_retention_days=2 trash_archive_minutes=360 trash_archive_min_kb=262144 trash_archive_dirname=_trash_archives alert_pct=90
[2026-06-19T18:05:02Z] skip-undeletable kind=pycache-dir kb=4 path=/paperclip/instances/default/workspaces/7fb55262-e658-45e2-88c0-b0e8ccc5ad6c/scripts/__pycache__
[2026-06-19T18:05:02Z] skip-undeletable kind=pycache-file kb=24 path=/paperclip/instances/default/workspaces/7fb55262-e658-45e2-88c0-b0e8ccc5ad6c/scripts/__pycache__/ingested_marker.cpython-312.pyc
[2026-06-19T18:05:02Z] skip-undeletable kind=pycache-file kb=37 path=/paperclip/instances/default/workspaces/7fb55262-e658-45e2-88c0-b0e8ccc5ad6c/scripts/__pycache__/ingest_buy30620_lanes.cpython-312.pyc
[2026-06-19T18:05:05Z] deleted kind=stale-pid kb=1 path=/paperclip/instances/default/workspaces/476c8023-3635-45bb-9f71-db6f4f5700e1/buywhere-api/data/.buy31015-deep-page.pid
[2026-06-19T18:05:05Z] deleted kind=stale-pid kb=1 path=/paperclip/instances/default/workspaces/476c8023-3635-45bb-9f71-db6f4f5700e1/buywhere-api/data/carousell-sg/scraper.pid
[2026-06-19T18:05:08Z] skip-undeletable kind=pycache-dir kb=4 path=/paperclip/instances/default/workspaces/3ec8f6dd-1735-4479-9825-a2c42edac34c/scripts/__pycache__
[2026-06-19T18:05:08Z] skip-undeletable kind=pycache-file kb=26 path=/paperclip/instances/default/workspaces/3ec8f6dd-1735-4479-9825-a2c42edac34c/scripts/__pycache__/ingest_buy30620_lanes.cpython-312.pyc
[2026-06-19T18:05:10Z] deleted kind=disk-monitor-dir kb=4 path=/paperclip/instances/default/workspaces/8ca957f8-0911-4e81-a963-e2cf54c97d44/data/buy-48198-disk-monitor-2026-06-16T180501Z
[2026-06-19T18:05:19Z] summary apply=1 scanned=13 removed=3 skipped_undeletable=5 failed=0 reclaimed_kb=6 report=/paperclip/instances/default/workspaces/logs/buy53114_worker_wc_cycle_cleanup_report.json
[2026-06-19T18:05:19Z] BUY-48198 worker artifact cleanup completed rc=0
{
  "generated_at": "2026-06-19T18:05:20.002Z",
  "status": "PASS",
  "filesystem": "/dev/vda1",
  "mount_path": "/",
  "free_gb": 26.9,
  "size_bytes": 206900281344,
  "available_bytes": 28830097408,
  "warn_gb": 25,
  "critical_gb": 5,
  "incident_created": false,
  "notes": [
    "Filesystem /dev/vda1 mounted at /",
    "26.9 GB free (87% used)",
    "Disk space healthy"
  ]
}
[2026-06-19T18:05:20Z] BUY-48198 watchdog complete rc=0
[2026-06-19T18:10:01Z] BUY-48198 watchdog start
[2026-06-19T18:10:02Z] BUY-48198 wc cleanup completed rc=0
[2026-06-19T18:10:02Z] starting apply=1 root=/paperclip/instances/default/workspaces log_retention_days=2 run_retention_days=3 heartbeat_retention_min=360 disk_artifact_retention_days=2 trash_archive_minutes=360 trash_archive_min_kb=262144 trash_archive_dirname=_trash_archives alert_pct=90
[2026-06-19T18:10:02Z] skip-undeletable kind=pycache-dir kb=4 path=/paperclip/instances/default/workspaces/7fb55262-e658-45e2-88c0-b0e8ccc5ad6c/scripts/__pycache__
[2026-06-19T18:10:02Z] skip-undeletable kind=pycache-file kb=24 path=/paperclip/instances/default/workspaces/7fb55262-e658-45e2-88c0-b0e8ccc5ad6c/scripts/__pycache__/ingested_marker.cpython-312.pyc
[2026-06-19T18:10:02Z] skip-undeletable kind=pycache-file kb=37 path=/paperclip/instances/default/workspaces/7fb55262-e658-45e2-88c0-b0e8ccc5ad6c/scripts/__pycache__/ingest_buy30620_lanes.cpython-312.pyc
[2026-06-19T18:10:05Z] deleted kind=stale-pid kb=1 path=/paperclip/instances/default/workspaces/476c8023-3635-45bb-9f71-db6f4f5700e1/buywhere-api/data/.buy31015-deep-page.pid
[2026-06-19T18:10:08Z] skip-undeletable kind=pycache-dir kb=4 path=/paperclip/instances/default/workspaces/3ec8f6dd-1735-4479-9825-a2c42edac34c/scripts/__pycache__
[2026-06-19T18:10:08Z] skip-undeletable kind=pycache-file kb=26 path=/paperclip/instances/default/workspaces/3ec8f6dd-1735-4479-9825-a2c42edac34c/scripts/__pycache__/ingest_buy30620_lanes.cpython-312.pyc
[2026-06-19T18:10:09Z] deleted kind=cycle-log kb=1 path=/paperclip/instances/default/workspaces/3ec8f6dd-1735-4479-9825-a2c42edac34c/logs/buy31015-deep-supervisor-20260616T180802Z.log
[2026-06-19T18:10:09Z] deleted kind=disk-monitor-dir kb=4 path=/paperclip/instances/default/workspaces/8ca957f8-0911-4e81-a963-e2cf54c97d44/data/buy-48198-disk-monitor-2026-06-16T181001Z
[2026-06-19T18:10:17Z] summary apply=1 scanned=13 removed=3 skipped_undeletable=5 failed=0 reclaimed_kb=6 report=/paperclip/instances/default/workspaces/logs/buy53114_worker_wc_cycle_cleanup_report.json
[2026-06-19T18:10:17Z] BUY-48198 worker artifact cleanup completed rc=0
{
  "generated_at": "2026-06-19T18:10:17.403Z",
  "status": "PASS",
  "filesystem": "/dev/vda1",
  "mount_path": "/",
  "free_gb": 26.8,
  "size_bytes": 206900281344,
  "available_bytes": 28800811008,
  "warn_gb": 25,
  "critical_gb": 5,
  "incident_created": false,
  "notes": [
    "Filesystem /dev/vda1 mounted at /",
    "26.8 GB free (87% used)",
    "Disk space healthy"
  ]
}
[2026-06-19T18:10:17Z] BUY-48198 watchdog complete rc=0
[2026-06-19T18:15:01Z] BUY-48198 watchdog start
[2026-06-19T18:15:02Z] BUY-48198 wc cleanup completed rc=0
[2026-06-19T18:15:02Z] starting apply=1 root=/paperclip/instances/default/workspaces log_retention_days=2 run_retention_days=3 heartbeat_retention_min=360 disk_artifact_retention_days=2 trash_archive_minutes=360 trash_archive_min_kb=262144 trash_archive_dirname=_trash_archives alert_pct=90
[2026-06-19T18:15:02Z] skip-undeletable kind=pycache-dir kb=4 path=/paperclip/instances/default/workspaces/7fb55262-e658-45e2-88c0-b0e8ccc5ad6c/scripts/__pycache__
[2026-06-19T18:15:02Z] skip-undeletable kind=pycache-file kb=24 path=/paperclip/instances/default/workspaces/7fb55262-e658-45e2-88c0-b0e8ccc5ad6c/scripts/__pycache__/ingested_marker.cpython-312.pyc
[2026-06-19T18:15:02Z] skip-undeletable kind=pycache-file kb=37 path=/paperclip/instances/default/workspaces/7fb55262-e658-45e2-88c0-b0e8ccc5ad6c/scripts/__pycache__/ingest_buy30620_lanes.cpython-312.pyc
[2026-06-19T18:15:06Z] deleted kind=stale-pid kb=1 path=/paperclip/instances/default/workspaces/476c8023-3635-45bb-9f71-db6f4f5700e1/buywhere-api/data/.buy31015-deep-page.pid
[2026-06-19T18:15:10Z] skip-undeletable kind=pycache-dir kb=4 path=/paperclip/instances/default/workspaces/3ec8f6dd-1735-4479-9825-a2c42edac34c/scripts/__pycache__
[2026-06-19T18:15:10Z] skip-undeletable kind=pycache-file kb=26 path=/paperclip/instances/default/workspaces/3ec8f6dd-1735-4479-9825-a2c42edac34c/scripts/__pycache__/ingest_buy30620_lanes.cpython-312.pyc
[2026-06-19T18:15:12Z] deleted kind=disk-monitor-dir kb=4 path=/paperclip/instances/default/workspaces/8ca957f8-0911-4e81-a963-e2cf54c97d44/data/buy-48198-disk-monitor-2026-06-16T181501Z
[2026-06-19T18:15:19Z] summary apply=1 scanned=12 removed=2 skipped_undeletable=5 failed=0 reclaimed_kb=5 report=/paperclip/instances/default/workspaces/logs/buy53114_worker_wc_cycle_cleanup_report.json
[2026-06-19T18:15:19Z] BUY-48198 worker artifact cleanup completed rc=0
{
  "generated_at": "2026-06-19T18:15:20.002Z",
  "status": "PASS",
  "filesystem": "/dev/vda1",
  "mount_path": "/",
  "free_gb": 26.8,
  "size_bytes": 206900281344,
  "available_bytes": 28746645504,
  "warn_gb": 25,
  "critical_gb": 5,
  "incident_created": false,
  "notes": [
    "Filesystem /dev/vda1 mounted at /",
    "26.8 GB free (87% used)",
    "Disk space healthy"
  ]
}
[2026-06-19T18:15:20Z] BUY-48198 watchdog complete rc=0
[2026-06-19T18:20:01Z] BUY-48198 watchdog start
[2026-06-19T18:20:01Z] BUY-48198 wc cleanup completed rc=0
[2026-06-19T18:20:01Z] starting apply=1 root=/paperclip/instances/default/workspaces log_retention_days=2 run_retention_days=3 heartbeat_retention_min=360 disk_artifact_retention_days=2 trash_archive_minutes=360 trash_archive_min_kb=262144 trash_archive_dirname=_trash_archives alert_pct=90
[2026-06-19T18:20:01Z] skip-undeletable kind=pycache-dir kb=4 path=/paperclip/instances/default/workspaces/7fb55262-e658-45e2-88c0-b0e8ccc5ad6c/scripts/__pycache__
[2026-06-19T18:20:01Z] skip-undeletable kind=pycache-file kb=24 path=/paperclip/instances/default/workspaces/7fb55262-e658-45e2-88c0-b0e8ccc5ad6c/scripts/__pycache__/ingested_marker.cpython-312.pyc
[2026-06-19T18:20:01Z] skip-undeletable kind=pycache-file kb=37 path=/paperclip/instances/default/workspaces/7fb55262-e658-45e2-88c0-b0e8ccc5ad6c/scripts/__pycache__/ingest_buy30620_lanes.cpython-312.pyc
[2026-06-19T18:20:04Z] deleted kind=stale-pid kb=1 path=/paperclip/instances/default/workspaces/476c8023-3635-45bb-9f71-db6f4f5700e1/buywhere-api/data/.buy31015-deep-page.pid
[2026-06-19T18:20:08Z] skip-undeletable kind=pycache-dir kb=4 path=/paperclip/instances/default/workspaces/3ec8f6dd-1735-4479-9825-a2c42edac34c/scripts/__pycache__
[2026-06-19T18:20:08Z] skip-undeletable kind=pycache-file kb=26 path=/paperclip/instances/default/workspaces/3ec8f6dd-1735-4479-9825-a2c42edac34c/scripts/__pycache__/ingest_buy30620_lanes.cpython-312.pyc
[2026-06-19T18:20:08Z] deleted kind=cycle-log kb=1 path=/paperclip/instances/default/workspaces/3ec8f6dd-1735-4479-9825-a2c42edac34c/logs/buy31015-deep-supervisor-20260616T181602Z.log
[2026-06-19T18:20:09Z] deleted kind=disk-monitor-dir kb=4 path=/paperclip/instances/default/workspaces/8ca957f8-0911-4e81-a963-e2cf54c97d44/data/buy-48198-disk-monitor-2026-06-16T182001Z
[2026-06-19T18:20:17Z] summary apply=1 scanned=14 removed=3 skipped_undeletable=5 failed=0 reclaimed_kb=6 report=/paperclip/instances/default/workspaces/logs/buy53114_worker_wc_cycle_cleanup_report.json
[2026-06-19T18:20:17Z] BUY-48198 worker artifact cleanup completed rc=0
{
  "generated_at": "2026-06-19T18:20:17.482Z",
  "status": "PASS",
  "filesystem": "/dev/vda1",
  "mount_path": "/",
  "free_gb": 26.8,
  "size_bytes": 206900281344,
  "available_bytes": 28764065792,
  "warn_gb": 20,
  "critical_gb": 5,
  "incident_created": false,
  "notes": [
    "Filesystem /dev/vda1 mounted at /",
    "26.8 GB free (87% used)",
    "Disk space healthy"
  ]
}
[2026-06-19T18:20:17Z] BUY-48198 watchdog complete rc=0
[2026-06-19T18:25:01Z] BUY-48198 watchdog start
[2026-06-19T18:25:01Z] BUY-48198 wc cleanup completed rc=0
[2026-06-19T18:25:01Z] starting apply=1 root=/paperclip/instances/default/workspaces log_retention_days=2 run_retention_days=3 heartbeat_retention_min=360 disk_artifact_retention_days=2 trash_archive_minutes=360 trash_archive_min_kb=262144 trash_archive_dirname=_trash_archives alert_pct=90
[2026-06-19T18:25:02Z] skip-undeletable kind=pycache-dir kb=4 path=/paperclip/instances/default/workspaces/7fb55262-e658-45e2-88c0-b0e8ccc5ad6c/scripts/__pycache__
[2026-06-19T18:25:02Z] skip-undeletable kind=pycache-file kb=24 path=/paperclip/instances/default/workspaces/7fb55262-e658-45e2-88c0-b0e8ccc5ad6c/scripts/__pycache__/ingested_marker.cpython-312.pyc
[2026-06-19T18:25:02Z] skip-undeletable kind=pycache-file kb=37 path=/paperclip/instances/default/workspaces/7fb55262-e658-45e2-88c0-b0e8ccc5ad6c/scripts/__pycache__/ingest_buy30620_lanes.cpython-312.pyc
[2026-06-19T18:25:04Z] deleted kind=stale-pid kb=1 path=/paperclip/instances/default/workspaces/476c8023-3635-45bb-9f71-db6f4f5700e1/buywhere-api/data/.buy31015-deep-page.pid
[2026-06-19T18:25:08Z] skip-undeletable kind=pycache-dir kb=4 path=/paperclip/instances/default/workspaces/3ec8f6dd-1735-4479-9825-a2c42edac34c/scripts/__pycache__
[2026-06-19T18:25:08Z] skip-undeletable kind=pycache-file kb=26 path=/paperclip/instances/default/workspaces/3ec8f6dd-1735-4479-9825-a2c42edac34c/scripts/__pycache__/ingest_buy30620_lanes.cpython-312.pyc
[2026-06-19T18:25:08Z] deleted kind=cycle-log kb=1 path=/paperclip/instances/default/workspaces/3ec8f6dd-1735-4479-9825-a2c42edac34c/logs/buy31015-deep-supervisor-20260616T182401Z.log
[2026-06-19T18:25:09Z] deleted kind=disk-monitor-dir kb=4 path=/paperclip/instances/default/workspaces/8ca957f8-0911-4e81-a963-e2cf54c97d44/data/buy-48198-disk-monitor-2026-06-16T182501Z
[2026-06-19T18:25:11Z] deleted kind=stale-pid kb=1 path=/paperclip/instances/default/workspaces/708a8ce4-96dd-409d-94e7-a91d5032e4e0/data/homedepot_sitemap_cutover.pid
[2026-06-19T18:25:16Z] summary apply=1 scanned=14 removed=4 skipped_undeletable=5 failed=0 reclaimed_kb=7 report=/paperclip/instances/default/workspaces/logs/buy53114_worker_wc_cycle_cleanup_report.json
[2026-06-19T18:25:16Z] BUY-48198 worker artifact cleanup completed rc=0
{
  "generated_at": "2026-06-19T18:25:16.236Z",
  "status": "PASS",
  "filesystem": "/dev/vda1",
  "mount_path": "/",
  "free_gb": 26.8,
  "size_bytes": 206900281344,
  "available_bytes": 28728770560,
  "warn_gb": 20,
  "critical_gb": 5,
  "incident_created": false,
  "notes": [
    "Filesystem /dev/vda1 mounted at /",
    "26.8 GB free (87% used)",
    "Disk space healthy"
  ]
}
[2026-06-19T18:25:16Z] BUY-48198 watchdog complete rc=0
[2026-06-19T18:30:01Z] BUY-48198 watchdog start
[2026-06-19T18:30:01Z] BUY-48198 wc cleanup completed rc=0
[2026-06-19T18:30:01Z] starting apply=1 root=/paperclip/instances/default/workspaces log_retention_days=2 run_retention_days=3 heartbeat_retention_min=360 disk_artifact_retention_days=2 trash_archive_minutes=360 trash_archive_min_kb=262144 trash_archive_dirname=_trash_archives alert_pct=90
[2026-06-19T18:30:02Z] skip-undeletable kind=pycache-dir kb=4 path=/paperclip/instances/default/workspaces/7fb55262-e658-45e2-88c0-b0e8ccc5ad6c/scripts/__pycache__
[2026-06-19T18:30:02Z] skip-undeletable kind=pycache-file kb=24 path=/paperclip/instances/default/workspaces/7fb55262-e658-45e2-88c0-b0e8ccc5ad6c/scripts/__pycache__/ingested_marker.cpython-312.pyc
[2026-06-19T18:30:02Z] skip-undeletable kind=pycache-file kb=37 path=/paperclip/instances/default/workspaces/7fb55262-e658-45e2-88c0-b0e8ccc5ad6c/scripts/__pycache__/ingest_buy30620_lanes.cpython-312.pyc
[2026-06-19T18:30:04Z] deleted kind=stale-pid kb=1 path=/paperclip/instances/default/workspaces/476c8023-3635-45bb-9f71-db6f4f5700e1/buywhere-api/data/.buy31015-deep-page.pid
[2026-06-19T18:30:08Z] skip-undeletable kind=pycache-dir kb=4 path=/paperclip/instances/default/workspaces/3ec8f6dd-1735-4479-9825-a2c42edac34c/scripts/__pycache__
[2026-06-19T18:30:08Z] skip-undeletable kind=pycache-file kb=26 path=/paperclip/instances/default/workspaces/3ec8f6dd-1735-4479-9825-a2c42edac34c/scripts/__pycache__/ingest_buy30620_lanes.cpython-312.pyc
[2026-06-19T18:30:09Z] deleted kind=disk-monitor-dir kb=4 path=/paperclip/instances/default/workspaces/8ca957f8-0911-4e81-a963-e2cf54c97d44/data/buy-48198-disk-monitor-2026-06-16T183001Z
[2026-06-19T18:30:16Z] summary apply=1 scanned=12 removed=2 skipped_undeletable=5 failed=0 reclaimed_kb=5 report=/paperclip/instances/default/workspaces/logs/buy53114_worker_wc_cycle_cleanup_report.json
[2026-06-19T18:30:16Z] BUY-48198 worker artifact cleanup completed rc=0
{
  "generated_at": "2026-06-19T18:30:16.952Z",
  "status": "PASS",
  "filesystem": "/dev/vda1",
  "mount_path": "/",
  "free_gb": 26.7,
  "size_bytes": 206900281344,
  "available_bytes": 28714524672,
  "warn_gb": 20,
  "critical_gb": 5,
  "incident_created": false,
  "notes": [
    "Filesystem /dev/vda1 mounted at /",
    "26.7 GB free (87% used)",
    "Disk space healthy"
  ]
}
[2026-06-19T18:30:16Z] BUY-48198 watchdog complete rc=0
[2026-06-19T18:35:00Z] BUY-48198 watchdog start
[2026-06-19T18:35:01Z] BUY-48198 wc cleanup completed rc=0
[2026-06-19T18:35:01Z] starting apply=1 root=/paperclip/instances/default/workspaces log_retention_days=2 run_retention_days=3 heartbeat_retention_min=360 disk_artifact_retention_days=2 trash_archive_minutes=360 trash_archive_min_kb=262144 trash_archive_dirname=_trash_archives alert_pct=90
[2026-06-19T18:35:01Z] skip-undeletable kind=pycache-dir kb=4 path=/paperclip/instances/default/workspaces/7fb55262-e658-45e2-88c0-b0e8ccc5ad6c/scripts/__pycache__
[2026-06-19T18:35:01Z] skip-undeletable kind=pycache-file kb=24 path=/paperclip/instances/default/workspaces/7fb55262-e658-45e2-88c0-b0e8ccc5ad6c/scripts/__pycache__/ingested_marker.cpython-312.pyc
[2026-06-19T18:35:01Z] skip-undeletable kind=pycache-file kb=37 path=/paperclip/instances/default/workspaces/7fb55262-e658-45e2-88c0-b0e8ccc5ad6c/scripts/__pycache__/ingest_buy30620_lanes.cpython-312.pyc
[2026-06-19T18:35:07Z] skip-undeletable kind=pycache-dir kb=4 path=/paperclip/instances/default/workspaces/3ec8f6dd-1735-4479-9825-a2c42edac34c/scripts/__pycache__
[2026-06-19T18:35:08Z] skip-undeletable kind=pycache-file kb=26 path=/paperclip/instances/default/workspaces/3ec8f6dd-1735-4479-9825-a2c42edac34c/scripts/__pycache__/ingest_buy30620_lanes.cpython-312.pyc
[2026-06-19T18:35:08Z] deleted kind=cycle-log kb=1 path=/paperclip/instances/default/workspaces/3ec8f6dd-1735-4479-9825-a2c42edac34c/logs/buy31015-deep-supervisor-20260616T183202Z.log
[2026-06-19T18:35:08Z] deleted kind=disk-monitor-dir kb=4 path=/paperclip/instances/default/workspaces/8ca957f8-0911-4e81-a963-e2cf54c97d44/data/buy-48198-disk-monitor-2026-06-16T183501Z
[2026-06-19T18:35:16Z] summary apply=1 scanned=12 removed=2 skipped_undeletable=5 failed=0 reclaimed_kb=5 report=/paperclip/instances/default/workspaces/logs/buy53114_worker_wc_cycle_cleanup_report.json
[2026-06-19T18:35:16Z] BUY-48198 worker artifact cleanup completed rc=0
{
  "generated_at": "2026-06-19T18:35:16.527Z",
  "status": "PASS",
  "filesystem": "/dev/vda1",
  "mount_path": "/",
  "free_gb": 26.8,
  "size_bytes": 206900281344,
  "available_bytes": 28724592640,
  "warn_gb": 20,
  "critical_gb": 5,
  "incident_created": false,
  "notes": [
    "Filesystem /dev/vda1 mounted at /",
    "26.8 GB free (87% used)",
    "Disk space healthy"
  ]
}
[2026-06-19T18:35:16Z] BUY-48198 watchdog complete rc=0
[2026-06-19T18:40:01Z] BUY-48198 watchdog start
[2026-06-19T18:40:02Z] BUY-48198 wc cleanup completed rc=0
[2026-06-19T18:40:02Z] starting apply=1 root=/paperclip/instances/default/workspaces log_retention_days=2 run_retention_days=3 heartbeat_retention_min=360 disk_artifact_retention_days=2 trash_archive_minutes=360 trash_archive_min_kb=262144 trash_archive_dirname=_trash_archives alert_pct=90
[2026-06-19T18:40:02Z] skip-undeletable kind=pycache-dir kb=4 path=/paperclip/instances/default/workspaces/7fb55262-e658-45e2-88c0-b0e8ccc5ad6c/scripts/__pycache__
[2026-06-19T18:40:02Z] skip-undeletable kind=pycache-file kb=24 path=/paperclip/instances/default/workspaces/7fb55262-e658-45e2-88c0-b0e8ccc5ad6c/scripts/__pycache__/ingested_marker.cpython-312.pyc
[2026-06-19T18:40:02Z] skip-undeletable kind=pycache-file kb=37 path=/paperclip/instances/default/workspaces/7fb55262-e658-45e2-88c0-b0e8ccc5ad6c/scripts/__pycache__/ingest_buy30620_lanes.cpython-312.pyc
[2026-06-19T18:40:06Z] deleted kind=stale-pid kb=1 path=/paperclip/instances/default/workspaces/476c8023-3635-45bb-9f71-db6f4f5700e1/buywhere-api/data/.buy31015-deep-page.pid
[2026-06-19T18:40:10Z] skip-undeletable kind=pycache-dir kb=4 path=/paperclip/instances/default/workspaces/3ec8f6dd-1735-4479-9825-a2c42edac34c/scripts/__pycache__
[2026-06-19T18:40:10Z] skip-undeletable kind=pycache-file kb=26 path=/paperclip/instances/default/workspaces/3ec8f6dd-1735-4479-9825-a2c42edac34c/scripts/__pycache__/ingest_buy30620_lanes.cpython-312.pyc
[2026-06-19T18:40:11Z] deleted kind=disk-monitor-dir kb=4 path=/paperclip/instances/default/workspaces/8ca957f8-0911-4e81-a963-e2cf54c97d44/data/buy-48198-disk-monitor-2026-06-16T184001Z
[2026-06-19T18:40:20Z] summary apply=1 scanned=12 removed=2 skipped_undeletable=5 failed=0 reclaimed_kb=5 report=/paperclip/instances/default/workspaces/logs/buy53114_worker_wc_cycle_cleanup_report.json
[2026-06-19T18:40:20Z] BUY-48198 worker artifact cleanup completed rc=0
{
  "generated_at": "2026-06-19T18:40:20.671Z",
  "status": "PASS",
  "filesystem": "/dev/vda1",
  "mount_path": "/",
  "free_gb": 26.7,
  "size_bytes": 206900281344,
  "available_bytes": 28684267520,
  "warn_gb": 20,
  "critical_gb": 5,
  "incident_created": false,
  "notes": [
    "Filesystem /dev/vda1 mounted at /",
    "26.7 GB free (87% used)",
    "Disk space healthy"
  ]
}
[2026-06-19T18:40:20Z] BUY-48198 watchdog complete rc=0
[2026-06-19T18:45:01Z] BUY-48198 watchdog start
[2026-06-19T18:45:03Z] BUY-48198 wc cleanup completed rc=0
[2026-06-19T18:45:03Z] starting apply=1 root=/paperclip/instances/default/workspaces log_retention_days=2 run_retention_days=3 heartbeat_retention_min=360 disk_artifact_retention_days=2 trash_archive_minutes=360 trash_archive_min_kb=262144 trash_archive_dirname=_trash_archives alert_pct=90
[2026-06-19T18:45:03Z] skip-undeletable kind=pycache-dir kb=4 path=/paperclip/instances/default/workspaces/7fb55262-e658-45e2-88c0-b0e8ccc5ad6c/scripts/__pycache__
[2026-06-19T18:45:04Z] skip-undeletable kind=pycache-file kb=24 path=/paperclip/instances/default/workspaces/7fb55262-e658-45e2-88c0-b0e8ccc5ad6c/scripts/__pycache__/ingested_marker.cpython-312.pyc
[2026-06-19T18:45:04Z] skip-undeletable kind=pycache-file kb=37 path=/paperclip/instances/default/workspaces/7fb55262-e658-45e2-88c0-b0e8ccc5ad6c/scripts/__pycache__/ingest_buy30620_lanes.cpython-312.pyc
[2026-06-19T18:45:07Z] deleted kind=stale-pid kb=1 path=/paperclip/instances/default/workspaces/476c8023-3635-45bb-9f71-db6f4f5700e1/buywhere-api/data/.buy31015-deep-page.pid
[2026-06-19T18:45:11Z] skip-undeletable kind=pycache-dir kb=4 path=/paperclip/instances/default/workspaces/3ec8f6dd-1735-4479-9825-a2c42edac34c/scripts/__pycache__
[2026-06-19T18:45:11Z] skip-undeletable kind=pycache-file kb=26 path=/paperclip/instances/default/workspaces/3ec8f6dd-1735-4479-9825-a2c42edac34c/scripts/__pycache__/ingest_buy30620_lanes.cpython-312.pyc
[2026-06-19T18:45:12Z] deleted kind=cycle-log kb=1 path=/paperclip/instances/default/workspaces/3ec8f6dd-1735-4479-9825-a2c42edac34c/logs/buy31015-deep-supervisor-20260616T184002Z.log
[2026-06-19T18:45:12Z] deleted kind=disk-monitor-dir kb=4 path=/paperclip/instances/default/workspaces/8ca957f8-0911-4e81-a963-e2cf54c97d44/data/buy-48198-disk-monitor-2026-06-16T184501Z
[2026-06-19T18:45:20Z] summary apply=1 scanned=13 removed=3 skipped_undeletable=5 failed=0 reclaimed_kb=6 report=/paperclip/instances/default/workspaces/logs/buy53114_worker_wc_cycle_cleanup_report.json
[2026-06-19T18:45:20Z] BUY-48198 worker artifact cleanup completed rc=0
{
  "generated_at": "2026-06-19T18:45:20.603Z",
  "status": "PASS",
  "filesystem": "/dev/vda1",
  "mount_path": "/",
  "free_gb": 25.3,
  "size_bytes": 206900281344,
  "available_bytes": 27114307584,
  "warn_gb": 20,
  "critical_gb": 5,
  "incident_created": false,
  "notes": [
    "Filesystem /dev/vda1 mounted at /",
    "25.3 GB free (87% used)",
    "Disk space healthy"
  ]
}
[2026-06-19T18:45:20Z] BUY-48198 watchdog complete rc=0
