[scraper_scheduler] Starting continuous mode for platform=carousell_sg
[scraper_scheduler]   run_budget=14400s, max_restarts=50
[scraper_scheduler]   WORKSPACE=/paperclip/instances/default/workspaces/476c8023-3635-45bb-9f71-db6f4f5700e1/buywhere-api
[scraper_scheduler] [restart=0] starting at 20260625T083504Z
[scraper_scheduler]   cmd: /usr/bin/python3 -m scrapers.carousell_sg --scrape-only --concurrency 6 --batch-size 50 --page-limit 5 --output-dir /paperclip/instances/default/workspaces/476c8023-3635-45bb-9f71-db6f4f5700e1/buywhere-api/data/carousell-sg
[scraper_scheduler]   log: /paperclip/instances/default/workspaces/476c8023-3635-45bb-9f71-db6f4f5700e1/buywhere-api/logs/carousell_sg_scheduler_20260625T083504Z.log
[scraper_scheduler] [restart=0] completed cleanly (rc=0)
[scraper_scheduler] [restart=1] starting at 20260625T083712Z
[scraper_scheduler]   cmd: /usr/bin/python3 -m scrapers.carousell_sg --scrape-only --concurrency 6 --batch-size 50 --page-limit 5 --output-dir /paperclip/instances/default/workspaces/476c8023-3635-45bb-9f71-db6f4f5700e1/buywhere-api/data/carousell-sg
[scraper_scheduler]   log: /paperclip/instances/default/workspaces/476c8023-3635-45bb-9f71-db6f4f5700e1/buywhere-api/logs/carousell_sg_scheduler_20260625T083712Z.log
[scraper_scheduler] [restart=1] completed cleanly (rc=0)
[scraper_scheduler] [restart=2] starting at 20260625T083928Z
[scraper_scheduler]   cmd: /usr/bin/python3 -m scrapers.carousell_sg --scrape-only --concurrency 6 --batch-size 50 --page-limit 5 --output-dir /paperclip/instances/default/workspaces/476c8023-3635-45bb-9f71-db6f4f5700e1/buywhere-api/data/carousell-sg
[scraper_scheduler]   log: /paperclip/instances/default/workspaces/476c8023-3635-45bb-9f71-db6f4f5700e1/buywhere-api/logs/carousell_sg_scheduler_20260625T083928Z.log
[scraper_scheduler] Starting continuous mode for platform=carousell_sg
[scraper_scheduler]   run_budget=14400s, max_restarts=50
[scraper_scheduler]   WORKSPACE=/paperclip/instances/default/workspaces/476c8023-3635-45bb-9f71-db6f4f5700e1/buywhere-api
[scraper_scheduler] [restart=0] starting at 20260625T084004Z
[scraper_scheduler]   cmd: /usr/bin/python3 -m scrapers.carousell_sg --scrape-only --concurrency 6 --batch-size 50 --page-limit 5 --output-dir /paperclip/instances/default/workspaces/476c8023-3635-45bb-9f71-db6f4f5700e1/buywhere-api/data/carousell-sg
[scraper_scheduler]   log: /paperclip/instances/default/workspaces/476c8023-3635-45bb-9f71-db6f4f5700e1/buywhere-api/logs/carousell_sg_scheduler_20260625T084004Z.log
[scraper_scheduler] [restart=0] completed cleanly (rc=0)
[scraper_scheduler] [restart=1] starting at 20260625T084211Z
[scraper_scheduler]   cmd: /usr/bin/python3 -m scrapers.carousell_sg --scrape-only --concurrency 6 --batch-size 50 --page-limit 5 --output-dir /paperclip/instances/default/workspaces/476c8023-3635-45bb-9f71-db6f4f5700e1/buywhere-api/data/carousell-sg
[scraper_scheduler]   log: /paperclip/instances/default/workspaces/476c8023-3635-45bb-9f71-db6f4f5700e1/buywhere-api/logs/carousell_sg_scheduler_20260625T084211Z.log
[scraper_scheduler] [restart=1] completed cleanly (rc=0)
[scraper_scheduler] [restart=2] starting at 20260625T084419Z
[scraper_scheduler]   cmd: /usr/bin/python3 -m scrapers.carousell_sg --scrape-only --concurrency 6 --batch-size 50 --page-limit 5 --output-dir /paperclip/instances/default/workspaces/476c8023-3635-45bb-9f71-db6f4f5700e1/buywhere-api/data/carousell-sg
[scraper_scheduler]   log: /paperclip/instances/default/workspaces/476c8023-3635-45bb-9f71-db6f4f5700e1/buywhere-api/logs/carousell_sg_scheduler_20260625T084419Z.log
[scraper_scheduler] Starting continuous mode for platform=carousell_sg
[scraper_scheduler]   run_budget=14400s, max_restarts=50
[scraper_scheduler]   WORKSPACE=/paperclip/instances/default/workspaces/476c8023-3635-45bb-9f71-db6f4f5700e1/buywhere-api
[scraper_scheduler] [restart=0] starting at 20260625T084504Z
[scraper_scheduler]   cmd: /usr/bin/python3 -m scrapers.carousell_sg --scrape-only --concurrency 6 --batch-size 50 --page-limit 5 --output-dir /paperclip/instances/default/workspaces/476c8023-3635-45bb-9f71-db6f4f5700e1/buywhere-api/data/carousell-sg
[scraper_scheduler]   log: /paperclip/instances/default/workspaces/476c8023-3635-45bb-9f71-db6f4f5700e1/buywhere-api/logs/carousell_sg_scheduler_20260625T084504Z.log
[scraper_scheduler] Starting continuous mode for platform=carousell_sg
[scraper_scheduler]   run_budget=14400s, max_restarts=50
[scraper_scheduler]   WORKSPACE=/paperclip/instances/default/workspaces/476c8023-3635-45bb-9f71-db6f4f5700e1/buywhere-api
[scraper_scheduler] [restart=0] starting at 20260626T073503Z
[scraper_scheduler]   cmd: /usr/bin/python3 -m scrapers.carousell_sg --scrape-only --concurrency 6 --batch-size 50 --page-limit 5 --output-dir /paperclip/instances/default/workspaces/476c8023-3635-45bb-9f71-db6f4f5700e1/buywhere-api/data/carousell-sg
[scraper_scheduler]   log: /paperclip/instances/default/workspaces/476c8023-3635-45bb-9f71-db6f4f5700e1/buywhere-api/logs/carousell_sg_scheduler_20260626T073503Z.log
[scraper_scheduler] [restart=0] completed cleanly (rc=0)
[scraper_scheduler] [restart=1] starting at 20260626T073710Z
[scraper_scheduler]   cmd: /usr/bin/python3 -m scrapers.carousell_sg --scrape-only --concurrency 6 --batch-size 50 --page-limit 5 --output-dir /paperclip/instances/default/workspaces/476c8023-3635-45bb-9f71-db6f4f5700e1/buywhere-api/data/carousell-sg
[scraper_scheduler]   log: /paperclip/instances/default/workspaces/476c8023-3635-45bb-9f71-db6f4f5700e1/buywhere-api/logs/carousell_sg_scheduler_20260626T073710Z.log
[scraper_scheduler] [restart=1] completed cleanly (rc=0)
[scraper_scheduler] [restart=2] starting at 20260626T073919Z
[scraper_scheduler]   cmd: /usr/bin/python3 -m scrapers.carousell_sg --scrape-only --concurrency 6 --batch-size 50 --page-limit 5 --output-dir /paperclip/instances/default/workspaces/476c8023-3635-45bb-9f71-db6f4f5700e1/buywhere-api/data/carousell-sg
[scraper_scheduler]   log: /paperclip/instances/default/workspaces/476c8023-3635-45bb-9f71-db6f4f5700e1/buywhere-api/logs/carousell_sg_scheduler_20260626T073919Z.log
[scraper_scheduler] Starting continuous mode for platform=carousell_sg
[scraper_scheduler]   run_budget=14400s, max_restarts=50
[scraper_scheduler]   WORKSPACE=/paperclip/instances/default/workspaces/476c8023-3635-45bb-9f71-db6f4f5700e1/buywhere-api
[scraper_scheduler] [restart=0] starting at 20260626T074004Z
[scraper_scheduler]   cmd: /usr/bin/python3 -m scrapers.carousell_sg --scrape-only --concurrency 6 --batch-size 50 --page-limit 5 --output-dir /paperclip/instances/default/workspaces/476c8023-3635-45bb-9f71-db6f4f5700e1/buywhere-api/data/carousell-sg
[scraper_scheduler]   log: /paperclip/instances/default/workspaces/476c8023-3635-45bb-9f71-db6f4f5700e1/buywhere-api/logs/carousell_sg_scheduler_20260626T074004Z.log
[scraper_scheduler] [restart=0] completed cleanly (rc=0)
[scraper_scheduler] [restart=1] starting at 20260626T074210Z
[scraper_scheduler]   cmd: /usr/bin/python3 -m scrapers.carousell_sg --scrape-only --concurrency 6 --batch-size 50 --page-limit 5 --output-dir /paperclip/instances/default/workspaces/476c8023-3635-45bb-9f71-db6f4f5700e1/buywhere-api/data/carousell-sg
[scraper_scheduler]   log: /paperclip/instances/default/workspaces/476c8023-3635-45bb-9f71-db6f4f5700e1/buywhere-api/logs/carousell_sg_scheduler_20260626T074210Z.log
[scraper_scheduler] [restart=1] completed cleanly (rc=0)
[scraper_scheduler] [restart=2] starting at 20260626T074417Z
[scraper_scheduler]   cmd: /usr/bin/python3 -m scrapers.carousell_sg --scrape-only --concurrency 6 --batch-size 50 --page-limit 5 --output-dir /paperclip/instances/default/workspaces/476c8023-3635-45bb-9f71-db6f4f5700e1/buywhere-api/data/carousell-sg
[scraper_scheduler]   log: /paperclip/instances/default/workspaces/476c8023-3635-45bb-9f71-db6f4f5700e1/buywhere-api/logs/carousell_sg_scheduler_20260626T074417Z.log
[scraper_scheduler] Starting continuous mode for platform=carousell_sg
[scraper_scheduler]   run_budget=14400s, max_restarts=50
[scraper_scheduler]   WORKSPACE=/paperclip/instances/default/workspaces/476c8023-3635-45bb-9f71-db6f4f5700e1/buywhere-api
[scraper_scheduler] [restart=0] starting at 20260626T074503Z
[scraper_scheduler]   cmd: /usr/bin/python3 -m scrapers.carousell_sg --scrape-only --concurrency 6 --batch-size 50 --page-limit 5 --output-dir /paperclip/instances/default/workspaces/476c8023-3635-45bb-9f71-db6f4f5700e1/buywhere-api/data/carousell-sg
[scraper_scheduler]   log: /paperclip/instances/default/workspaces/476c8023-3635-45bb-9f71-db6f4f5700e1/buywhere-api/logs/carousell_sg_scheduler_20260626T074503Z.log
[scraper_scheduler] [restart=0] completed cleanly (rc=0)
[scraper_scheduler] [restart=1] starting at 20260626T074713Z
[scraper_scheduler]   cmd: /usr/bin/python3 -m scrapers.carousell_sg --scrape-only --concurrency 6 --batch-size 50 --page-limit 5 --output-dir /paperclip/instances/default/workspaces/476c8023-3635-45bb-9f71-db6f4f5700e1/buywhere-api/data/carousell-sg
[scraper_scheduler]   log: /paperclip/instances/default/workspaces/476c8023-3635-45bb-9f71-db6f4f5700e1/buywhere-api/logs/carousell_sg_scheduler_20260626T074713Z.log
[scraper_scheduler] [restart=1] completed cleanly (rc=0)
[scraper_scheduler] [restart=2] starting at 20260626T074920Z
[scraper_scheduler]   cmd: /usr/bin/python3 -m scrapers.carousell_sg --scrape-only --concurrency 6 --batch-size 50 --page-limit 5 --output-dir /paperclip/instances/default/workspaces/476c8023-3635-45bb-9f71-db6f4f5700e1/buywhere-api/data/carousell-sg
[scraper_scheduler]   log: /paperclip/instances/default/workspaces/476c8023-3635-45bb-9f71-db6f4f5700e1/buywhere-api/logs/carousell_sg_scheduler_20260626T074920Z.log
[scraper_scheduler] Starting continuous mode for platform=carousell_sg
[scraper_scheduler]   run_budget=14400s, max_restarts=50
[scraper_scheduler]   WORKSPACE=/paperclip/instances/default/workspaces/476c8023-3635-45bb-9f71-db6f4f5700e1/buywhere-api
[scraper_scheduler] [restart=0] starting at 20260626T075004Z
[scraper_scheduler]   cmd: /usr/bin/python3 -m scrapers.carousell_sg --scrape-only --concurrency 6 --batch-size 50 --page-limit 5 --output-dir /paperclip/instances/default/workspaces/476c8023-3635-45bb-9f71-db6f4f5700e1/buywhere-api/data/carousell-sg
[scraper_scheduler]   log: /paperclip/instances/default/workspaces/476c8023-3635-45bb-9f71-db6f4f5700e1/buywhere-api/logs/carousell_sg_scheduler_20260626T075004Z.log
[scraper_scheduler] [restart=0] completed cleanly (rc=0)
[scraper_scheduler] [restart=1] starting at 20260626T075215Z
[scraper_scheduler]   cmd: /usr/bin/python3 -m scrapers.carousell_sg --scrape-only --concurrency 6 --batch-size 50 --page-limit 5 --output-dir /paperclip/instances/default/workspaces/476c8023-3635-45bb-9f71-db6f4f5700e1/buywhere-api/data/carousell-sg
[scraper_scheduler]   log: /paperclip/instances/default/workspaces/476c8023-3635-45bb-9f71-db6f4f5700e1/buywhere-api/logs/carousell_sg_scheduler_20260626T075215Z.log
[scraper_scheduler] [restart=1] completed cleanly (rc=0)
[scraper_scheduler] [restart=2] starting at 20260626T075421Z
[scraper_scheduler]   cmd: /usr/bin/python3 -m scrapers.carousell_sg --scrape-only --concurrency 6 --batch-size 50 --page-limit 5 --output-dir /paperclip/instances/default/workspaces/476c8023-3635-45bb-9f71-db6f4f5700e1/buywhere-api/data/carousell-sg
[scraper_scheduler]   log: /paperclip/instances/default/workspaces/476c8023-3635-45bb-9f71-db6f4f5700e1/buywhere-api/logs/carousell_sg_scheduler_20260626T075421Z.log
[scraper_scheduler] Starting continuous mode for platform=carousell_sg
[scraper_scheduler]   run_budget=14400s, max_restarts=50
[scraper_scheduler]   WORKSPACE=/paperclip/instances/default/workspaces/476c8023-3635-45bb-9f71-db6f4f5700e1/buywhere-api
[scraper_scheduler] [restart=0] starting at 20260626T075504Z
[scraper_scheduler]   cmd: /usr/bin/python3 -m scrapers.carousell_sg --scrape-only --concurrency 6 --batch-size 50 --page-limit 5 --output-dir /paperclip/instances/default/workspaces/476c8023-3635-45bb-9f71-db6f4f5700e1/buywhere-api/data/carousell-sg
[scraper_scheduler]   log: /paperclip/instances/default/workspaces/476c8023-3635-45bb-9f71-db6f4f5700e1/buywhere-api/logs/carousell_sg_scheduler_20260626T075504Z.log
[scraper_scheduler] [restart=0] completed cleanly (rc=0)
[scraper_scheduler] [restart=1] starting at 20260626T075710Z
[scraper_scheduler]   cmd: /usr/bin/python3 -m scrapers.carousell_sg --scrape-only --concurrency 6 --batch-size 50 --page-limit 5 --output-dir /paperclip/instances/default/workspaces/476c8023-3635-45bb-9f71-db6f4f5700e1/buywhere-api/data/carousell-sg
[scraper_scheduler]   log: /paperclip/instances/default/workspaces/476c8023-3635-45bb-9f71-db6f4f5700e1/buywhere-api/logs/carousell_sg_scheduler_20260626T075710Z.log
[scraper_scheduler] [restart=1] completed cleanly (rc=0)
[scraper_scheduler] [restart=2] starting at 20260626T075916Z
[scraper_scheduler]   cmd: /usr/bin/python3 -m scrapers.carousell_sg --scrape-only --concurrency 6 --batch-size 50 --page-limit 5 --output-dir /paperclip/instances/default/workspaces/476c8023-3635-45bb-9f71-db6f4f5700e1/buywhere-api/data/carousell-sg
[scraper_scheduler]   log: /paperclip/instances/default/workspaces/476c8023-3635-45bb-9f71-db6f4f5700e1/buywhere-api/logs/carousell_sg_scheduler_20260626T075916Z.log
[scraper_scheduler] Starting continuous mode for platform=carousell_sg
[scraper_scheduler]   run_budget=14400s, max_restarts=50
[scraper_scheduler]   WORKSPACE=/paperclip/instances/default/workspaces/476c8023-3635-45bb-9f71-db6f4f5700e1/buywhere-api
[scraper_scheduler] [restart=0] starting at 20260626T080003Z
[scraper_scheduler]   cmd: /usr/bin/python3 -m scrapers.carousell_sg --scrape-only --concurrency 6 --batch-size 50 --page-limit 5 --output-dir /paperclip/instances/default/workspaces/476c8023-3635-45bb-9f71-db6f4f5700e1/buywhere-api/data/carousell-sg
[scraper_scheduler]   log: /paperclip/instances/default/workspaces/476c8023-3635-45bb-9f71-db6f4f5700e1/buywhere-api/logs/carousell_sg_scheduler_20260626T080003Z.log
[scraper_scheduler] [restart=0] completed cleanly (rc=0)
[scraper_scheduler] [restart=1] starting at 20260626T080210Z
[scraper_scheduler]   cmd: /usr/bin/python3 -m scrapers.carousell_sg --scrape-only --concurrency 6 --batch-size 50 --page-limit 5 --output-dir /paperclip/instances/default/workspaces/476c8023-3635-45bb-9f71-db6f4f5700e1/buywhere-api/data/carousell-sg
[scraper_scheduler]   log: /paperclip/instances/default/workspaces/476c8023-3635-45bb-9f71-db6f4f5700e1/buywhere-api/logs/carousell_sg_scheduler_20260626T080210Z.log
[scraper_scheduler] [restart=1] completed cleanly (rc=0)
[scraper_scheduler] [restart=2] starting at 20260626T080417Z
[scraper_scheduler]   cmd: /usr/bin/python3 -m scrapers.carousell_sg --scrape-only --concurrency 6 --batch-size 50 --page-limit 5 --output-dir /paperclip/instances/default/workspaces/476c8023-3635-45bb-9f71-db6f4f5700e1/buywhere-api/data/carousell-sg
[scraper_scheduler]   log: /paperclip/instances/default/workspaces/476c8023-3635-45bb-9f71-db6f4f5700e1/buywhere-api/logs/carousell_sg_scheduler_20260626T080417Z.log
[scraper_scheduler] Starting continuous mode for platform=carousell_sg
[scraper_scheduler]   run_budget=14400s, max_restarts=50
[scraper_scheduler]   WORKSPACE=/paperclip/instances/default/workspaces/476c8023-3635-45bb-9f71-db6f4f5700e1/buywhere-api
[scraper_scheduler] [restart=0] starting at 20260626T080503Z
[scraper_scheduler]   cmd: /usr/bin/python3 -m scrapers.carousell_sg --scrape-only --concurrency 6 --batch-size 50 --page-limit 5 --output-dir /paperclip/instances/default/workspaces/476c8023-3635-45bb-9f71-db6f4f5700e1/buywhere-api/data/carousell-sg
[scraper_scheduler]   log: /paperclip/instances/default/workspaces/476c8023-3635-45bb-9f71-db6f4f5700e1/buywhere-api/logs/carousell_sg_scheduler_20260626T080503Z.log
[scraper_scheduler] Starting continuous mode for platform=carousell_sg
[scraper_scheduler]   run_budget=14400s, max_restarts=50
[scraper_scheduler]   WORKSPACE=/paperclip/instances/default/workspaces/476c8023-3635-45bb-9f71-db6f4f5700e1/buywhere-api
[scraper_scheduler] [restart=0] starting at 20260626T081004Z
[scraper_scheduler]   cmd: /usr/bin/python3 -m scrapers.carousell_sg --scrape-only --concurrency 6 --batch-size 50 --page-limit 5 --output-dir /paperclip/instances/default/workspaces/476c8023-3635-45bb-9f71-db6f4f5700e1/buywhere-api/data/carousell-sg
[scraper_scheduler]   log: /paperclip/instances/default/workspaces/476c8023-3635-45bb-9f71-db6f4f5700e1/buywhere-api/logs/carousell_sg_scheduler_20260626T081004Z.log
[scraper_scheduler] [restart=0] completed cleanly (rc=0)
[scraper_scheduler] [restart=1] starting at 20260626T081210Z
[scraper_scheduler]   cmd: /usr/bin/python3 -m scrapers.carousell_sg --scrape-only --concurrency 6 --batch-size 50 --page-limit 5 --output-dir /paperclip/instances/default/workspaces/476c8023-3635-45bb-9f71-db6f4f5700e1/buywhere-api/data/carousell-sg
[scraper_scheduler]   log: /paperclip/instances/default/workspaces/476c8023-3635-45bb-9f71-db6f4f5700e1/buywhere-api/logs/carousell_sg_scheduler_20260626T081210Z.log
[scraper_scheduler] [restart=1] completed cleanly (rc=0)
[scraper_scheduler] [restart=2] starting at 20260626T081423Z
[scraper_scheduler]   cmd: /usr/bin/python3 -m scrapers.carousell_sg --scrape-only --concurrency 6 --batch-size 50 --page-limit 5 --output-dir /paperclip/instances/default/workspaces/476c8023-3635-45bb-9f71-db6f4f5700e1/buywhere-api/data/carousell-sg
[scraper_scheduler]   log: /paperclip/instances/default/workspaces/476c8023-3635-45bb-9f71-db6f4f5700e1/buywhere-api/logs/carousell_sg_scheduler_20260626T081423Z.log
[scraper_scheduler] Starting continuous mode for platform=carousell_sg
[scraper_scheduler]   run_budget=14400s, max_restarts=50
[scraper_scheduler]   WORKSPACE=/paperclip/instances/default/workspaces/476c8023-3635-45bb-9f71-db6f4f5700e1/buywhere-api
[scraper_scheduler] [restart=0] starting at 20260626T081503Z
[scraper_scheduler]   cmd: /usr/bin/python3 -m scrapers.carousell_sg --scrape-only --concurrency 6 --batch-size 50 --page-limit 5 --output-dir /paperclip/instances/default/workspaces/476c8023-3635-45bb-9f71-db6f4f5700e1/buywhere-api/data/carousell-sg
[scraper_scheduler]   log: /paperclip/instances/default/workspaces/476c8023-3635-45bb-9f71-db6f4f5700e1/buywhere-api/logs/carousell_sg_scheduler_20260626T081503Z.log
[scraper_scheduler] [restart=0] completed cleanly (rc=0)
[scraper_scheduler] [restart=1] starting at 20260626T081710Z
[scraper_scheduler]   cmd: /usr/bin/python3 -m scrapers.carousell_sg --scrape-only --concurrency 6 --batch-size 50 --page-limit 5 --output-dir /paperclip/instances/default/workspaces/476c8023-3635-45bb-9f71-db6f4f5700e1/buywhere-api/data/carousell-sg
[scraper_scheduler]   log: /paperclip/instances/default/workspaces/476c8023-3635-45bb-9f71-db6f4f5700e1/buywhere-api/logs/carousell_sg_scheduler_20260626T081710Z.log
[scraper_scheduler] [restart=1] completed cleanly (rc=0)
[scraper_scheduler] [restart=2] starting at 20260626T081917Z
[scraper_scheduler]   cmd: /usr/bin/python3 -m scrapers.carousell_sg --scrape-only --concurrency 6 --batch-size 50 --page-limit 5 --output-dir /paperclip/instances/default/workspaces/476c8023-3635-45bb-9f71-db6f4f5700e1/buywhere-api/data/carousell-sg
[scraper_scheduler]   log: /paperclip/instances/default/workspaces/476c8023-3635-45bb-9f71-db6f4f5700e1/buywhere-api/logs/carousell_sg_scheduler_20260626T081917Z.log
[scraper_scheduler] Starting continuous mode for platform=carousell_sg
[scraper_scheduler]   run_budget=14400s, max_restarts=50
[scraper_scheduler]   WORKSPACE=/paperclip/instances/default/workspaces/476c8023-3635-45bb-9f71-db6f4f5700e1/buywhere-api
[scraper_scheduler] [restart=0] starting at 20260626T082004Z
[scraper_scheduler]   cmd: /usr/bin/python3 -m scrapers.carousell_sg --scrape-only --concurrency 6 --batch-size 50 --page-limit 5 --output-dir /paperclip/instances/default/workspaces/476c8023-3635-45bb-9f71-db6f4f5700e1/buywhere-api/data/carousell-sg
[scraper_scheduler]   log: /paperclip/instances/default/workspaces/476c8023-3635-45bb-9f71-db6f4f5700e1/buywhere-api/logs/carousell_sg_scheduler_20260626T082004Z.log
[scraper_scheduler] [restart=0] completed cleanly (rc=0)
[scraper_scheduler] [restart=1] starting at 20260626T082211Z
[scraper_scheduler]   cmd: /usr/bin/python3 -m scrapers.carousell_sg --scrape-only --concurrency 6 --batch-size 50 --page-limit 5 --output-dir /paperclip/instances/default/workspaces/476c8023-3635-45bb-9f71-db6f4f5700e1/buywhere-api/data/carousell-sg
[scraper_scheduler]   log: /paperclip/instances/default/workspaces/476c8023-3635-45bb-9f71-db6f4f5700e1/buywhere-api/logs/carousell_sg_scheduler_20260626T082211Z.log
[scraper_scheduler] [restart=1] completed cleanly (rc=0)
[scraper_scheduler] [restart=2] starting at 20260626T082417Z
[scraper_scheduler]   cmd: /usr/bin/python3 -m scrapers.carousell_sg --scrape-only --concurrency 6 --batch-size 50 --page-limit 5 --output-dir /paperclip/instances/default/workspaces/476c8023-3635-45bb-9f71-db6f4f5700e1/buywhere-api/data/carousell-sg
[scraper_scheduler]   log: /paperclip/instances/default/workspaces/476c8023-3635-45bb-9f71-db6f4f5700e1/buywhere-api/logs/carousell_sg_scheduler_20260626T082417Z.log
[scraper_scheduler] Starting continuous mode for platform=carousell_sg
[scraper_scheduler]   run_budget=14400s, max_restarts=50
[scraper_scheduler]   WORKSPACE=/paperclip/instances/default/workspaces/476c8023-3635-45bb-9f71-db6f4f5700e1/buywhere-api
[scraper_scheduler] [restart=0] starting at 20260626T082503Z
[scraper_scheduler]   cmd: /usr/bin/python3 -m scrapers.carousell_sg --scrape-only --concurrency 6 --batch-size 50 --page-limit 5 --output-dir /paperclip/instances/default/workspaces/476c8023-3635-45bb-9f71-db6f4f5700e1/buywhere-api/data/carousell-sg
[scraper_scheduler]   log: /paperclip/instances/default/workspaces/476c8023-3635-45bb-9f71-db6f4f5700e1/buywhere-api/logs/carousell_sg_scheduler_20260626T082503Z.log
[scraper_scheduler] [restart=0] completed cleanly (rc=0)
[scraper_scheduler] [restart=1] starting at 20260626T082710Z
[scraper_scheduler]   cmd: /usr/bin/python3 -m scrapers.carousell_sg --scrape-only --concurrency 6 --batch-size 50 --page-limit 5 --output-dir /paperclip/instances/default/workspaces/476c8023-3635-45bb-9f71-db6f4f5700e1/buywhere-api/data/carousell-sg
[scraper_scheduler]   log: /paperclip/instances/default/workspaces/476c8023-3635-45bb-9f71-db6f4f5700e1/buywhere-api/logs/carousell_sg_scheduler_20260626T082710Z.log
[scraper_scheduler] [restart=1] completed cleanly (rc=0)
[scraper_scheduler] [restart=2] starting at 20260626T082917Z
[scraper_scheduler]   cmd: /usr/bin/python3 -m scrapers.carousell_sg --scrape-only --concurrency 6 --batch-size 50 --page-limit 5 --output-dir /paperclip/instances/default/workspaces/476c8023-3635-45bb-9f71-db6f4f5700e1/buywhere-api/data/carousell-sg
[scraper_scheduler]   log: /paperclip/instances/default/workspaces/476c8023-3635-45bb-9f71-db6f4f5700e1/buywhere-api/logs/carousell_sg_scheduler_20260626T082917Z.log
[scraper_scheduler] Starting continuous mode for platform=carousell_sg
[scraper_scheduler]   run_budget=14400s, max_restarts=50
[scraper_scheduler]   WORKSPACE=/paperclip/instances/default/workspaces/476c8023-3635-45bb-9f71-db6f4f5700e1/buywhere-api
[scraper_scheduler] [restart=0] starting at 20260626T083004Z
[scraper_scheduler]   cmd: /usr/bin/python3 -m scrapers.carousell_sg --scrape-only --concurrency 6 --batch-size 50 --page-limit 5 --output-dir /paperclip/instances/default/workspaces/476c8023-3635-45bb-9f71-db6f4f5700e1/buywhere-api/data/carousell-sg
[scraper_scheduler]   log: /paperclip/instances/default/workspaces/476c8023-3635-45bb-9f71-db6f4f5700e1/buywhere-api/logs/carousell_sg_scheduler_20260626T083004Z.log
[scraper_scheduler] [restart=0] completed cleanly (rc=0)
[scraper_scheduler] [restart=1] starting at 20260626T083211Z
[scraper_scheduler]   cmd: /usr/bin/python3 -m scrapers.carousell_sg --scrape-only --concurrency 6 --batch-size 50 --page-limit 5 --output-dir /paperclip/instances/default/workspaces/476c8023-3635-45bb-9f71-db6f4f5700e1/buywhere-api/data/carousell-sg
[scraper_scheduler]   log: /paperclip/instances/default/workspaces/476c8023-3635-45bb-9f71-db6f4f5700e1/buywhere-api/logs/carousell_sg_scheduler_20260626T083211Z.log
[scraper_scheduler] [restart=1] completed cleanly (rc=0)
[scraper_scheduler] [restart=2] starting at 20260626T083417Z
[scraper_scheduler]   cmd: /usr/bin/python3 -m scrapers.carousell_sg --scrape-only --concurrency 6 --batch-size 50 --page-limit 5 --output-dir /paperclip/instances/default/workspaces/476c8023-3635-45bb-9f71-db6f4f5700e1/buywhere-api/data/carousell-sg
[scraper_scheduler]   log: /paperclip/instances/default/workspaces/476c8023-3635-45bb-9f71-db6f4f5700e1/buywhere-api/logs/carousell_sg_scheduler_20260626T083417Z.log
[scraper_scheduler] Starting continuous mode for platform=carousell_sg
[scraper_scheduler]   run_budget=14400s, max_restarts=50
[scraper_scheduler]   WORKSPACE=/paperclip/instances/default/workspaces/476c8023-3635-45bb-9f71-db6f4f5700e1/buywhere-api
[scraper_scheduler] [restart=0] starting at 20260626T083503Z
[scraper_scheduler]   cmd: /usr/bin/python3 -m scrapers.carousell_sg --scrape-only --concurrency 6 --batch-size 50 --page-limit 5 --output-dir /paperclip/instances/default/workspaces/476c8023-3635-45bb-9f71-db6f4f5700e1/buywhere-api/data/carousell-sg
[scraper_scheduler]   log: /paperclip/instances/default/workspaces/476c8023-3635-45bb-9f71-db6f4f5700e1/buywhere-api/logs/carousell_sg_scheduler_20260626T083503Z.log
[scraper_scheduler] Starting continuous mode for platform=carousell_sg
[scraper_scheduler]   run_budget=14400s, max_restarts=50
[scraper_scheduler]   WORKSPACE=/home/paperclip/buywhere
[scraper_scheduler] [restart=0] starting at 20260818T084137Z
[scraper_scheduler]   cmd: /usr/bin/python3 -m scrapers.carousell_sg --scrape-only --concurrency 6 --batch-size 50 --page-limit 5 --output-dir /home/paperclip/buywhere/data/carousell-sg
[scraper_scheduler]   log: /home/paperclip/buywhere/logs/carousell_sg_scheduler_20260818T084137Z.log
[scraper_scheduler] [restart=0] completed cleanly (rc=0)
[scraper_scheduler] [restart=1] starting at 20260818T084346Z
[scraper_scheduler]   cmd: /usr/bin/python3 -m scrapers.carousell_sg --scrape-only --concurrency 6 --batch-size 50 --page-limit 5 --output-dir /home/paperclip/buywhere/data/carousell-sg
[scraper_scheduler]   log: /home/paperclip/buywhere/logs/carousell_sg_scheduler_20260818T084346Z.log
[scraper_scheduler] [restart=1] completed cleanly (rc=0)
[scraper_scheduler] [restart=2] starting at 20260818T084553Z
[scraper_scheduler]   cmd: /usr/bin/python3 -m scrapers.carousell_sg --scrape-only --concurrency 6 --batch-size 50 --page-limit 5 --output-dir /home/paperclip/buywhere/data/carousell-sg
[scraper_scheduler]   log: /home/paperclip/buywhere/logs/carousell_sg_scheduler_20260818T084553Z.log
[scraper_scheduler] Starting continuous mode for platform=carousell_sg
[scraper_scheduler]   run_budget=14400s, max_restarts=50
[scraper_scheduler]   WORKSPACE=/home/paperclip/buywhere
[scraper_scheduler] [restart=0] starting at 20260818T084638Z
[scraper_scheduler]   cmd: /usr/bin/python3 -m scrapers.carousell_sg --scrape-only --concurrency 6 --batch-size 50 --page-limit 5 --output-dir /home/paperclip/buywhere/data/carousell-sg
[scraper_scheduler]   log: /home/paperclip/buywhere/logs/carousell_sg_scheduler_20260818T084638Z.log
[scraper_scheduler] [restart=0] completed cleanly (rc=0)
[scraper_scheduler] [restart=1] starting at 20260818T084851Z
[scraper_scheduler]   cmd: /usr/bin/python3 -m scrapers.carousell_sg --scrape-only --concurrency 6 --batch-size 50 --page-limit 5 --output-dir /home/paperclip/buywhere/data/carousell-sg
[scraper_scheduler]   log: /home/paperclip/buywhere/logs/carousell_sg_scheduler_20260818T084851Z.log
[scraper_scheduler] [restart=1] completed cleanly (rc=0)
[scraper_scheduler] [restart=2] starting at 20260818T085058Z
[scraper_scheduler]   cmd: /usr/bin/python3 -m scrapers.carousell_sg --scrape-only --concurrency 6 --batch-size 50 --page-limit 5 --output-dir /home/paperclip/buywhere/data/carousell-sg
[scraper_scheduler]   log: /home/paperclip/buywhere/logs/carousell_sg_scheduler_20260818T085058Z.log
[scraper_scheduler] Starting continuous mode for platform=carousell_sg
[scraper_scheduler]   run_budget=14400s, max_restarts=50
[scraper_scheduler]   WORKSPACE=/home/paperclip/buywhere
[scraper_scheduler] [restart=0] starting at 20260818T085140Z
[scraper_scheduler]   cmd: /usr/bin/python3 -m scrapers.carousell_sg --scrape-only --concurrency 6 --batch-size 50 --page-limit 5 --output-dir /home/paperclip/buywhere/data/carousell-sg
[scraper_scheduler]   log: /home/paperclip/buywhere/logs/carousell_sg_scheduler_20260818T085140Z.log
[scraper_scheduler] [restart=0] completed cleanly (rc=0)
[scraper_scheduler] [restart=1] starting at 20260818T085349Z
[scraper_scheduler]   cmd: /usr/bin/python3 -m scrapers.carousell_sg --scrape-only --concurrency 6 --batch-size 50 --page-limit 5 --output-dir /home/paperclip/buywhere/data/carousell-sg
[scraper_scheduler]   log: /home/paperclip/buywhere/logs/carousell_sg_scheduler_20260818T085349Z.log
[scraper_scheduler] [restart=1] completed cleanly (rc=0)
[scraper_scheduler] [restart=2] starting at 20260818T085557Z
[scraper_scheduler]   cmd: /usr/bin/python3 -m scrapers.carousell_sg --scrape-only --concurrency 6 --batch-size 50 --page-limit 5 --output-dir /home/paperclip/buywhere/data/carousell-sg
[scraper_scheduler]   log: /home/paperclip/buywhere/logs/carousell_sg_scheduler_20260818T085557Z.log
[scraper_scheduler] Starting continuous mode for platform=carousell_sg
[scraper_scheduler]   run_budget=14400s, max_restarts=50
[scraper_scheduler]   WORKSPACE=/home/paperclip/buywhere
[scraper_scheduler] [restart=0] starting at 20260818T085643Z
[scraper_scheduler]   cmd: /usr/bin/python3 -m scrapers.carousell_sg --scrape-only --concurrency 6 --batch-size 50 --page-limit 5 --output-dir /home/paperclip/buywhere/data/carousell-sg
[scraper_scheduler]   log: /home/paperclip/buywhere/logs/carousell_sg_scheduler_20260818T085643Z.log
[scraper_scheduler] [restart=0] completed cleanly (rc=0)
[scraper_scheduler] [restart=1] starting at 20260818T085853Z
[scraper_scheduler]   cmd: /usr/bin/python3 -m scrapers.carousell_sg --scrape-only --concurrency 6 --batch-size 50 --page-limit 5 --output-dir /home/paperclip/buywhere/data/carousell-sg
[scraper_scheduler]   log: /home/paperclip/buywhere/logs/carousell_sg_scheduler_20260818T085853Z.log
[scraper_scheduler] [restart=1] completed cleanly (rc=0)
[scraper_scheduler] [restart=2] starting at 20260818T090103Z
[scraper_scheduler]   cmd: /usr/bin/python3 -m scrapers.carousell_sg --scrape-only --concurrency 6 --batch-size 50 --page-limit 5 --output-dir /home/paperclip/buywhere/data/carousell-sg
[scraper_scheduler]   log: /home/paperclip/buywhere/logs/carousell_sg_scheduler_20260818T090103Z.log
[scraper_scheduler] Starting continuous mode for platform=carousell_sg
[scraper_scheduler]   run_budget=14400s, max_restarts=50
[scraper_scheduler]   WORKSPACE=/home/paperclip/buywhere
[scraper_scheduler] [restart=0] starting at 20260818T090147Z
[scraper_scheduler]   cmd: /usr/bin/python3 -m scrapers.carousell_sg --scrape-only --concurrency 6 --batch-size 50 --page-limit 5 --output-dir /home/paperclip/buywhere/data/carousell-sg
[scraper_scheduler]   log: /home/paperclip/buywhere/logs/carousell_sg_scheduler_20260818T090147Z.log
[scraper_scheduler] [restart=0] completed cleanly (rc=0)
[scraper_scheduler] [restart=1] starting at 20260818T090359Z
[scraper_scheduler]   cmd: /usr/bin/python3 -m scrapers.carousell_sg --scrape-only --concurrency 6 --batch-size 50 --page-limit 5 --output-dir /home/paperclip/buywhere/data/carousell-sg
[scraper_scheduler]   log: /home/paperclip/buywhere/logs/carousell_sg_scheduler_20260818T090359Z.log
[scraper_scheduler] [restart=1] completed cleanly (rc=0)
[scraper_scheduler] [restart=2] starting at 20260818T090608Z
[scraper_scheduler]   cmd: /usr/bin/python3 -m scrapers.carousell_sg --scrape-only --concurrency 6 --batch-size 50 --page-limit 5 --output-dir /home/paperclip/buywhere/data/carousell-sg
[scraper_scheduler]   log: /home/paperclip/buywhere/logs/carousell_sg_scheduler_20260818T090608Z.log
[scraper_scheduler] Starting continuous mode for platform=carousell_sg
[scraper_scheduler]   run_budget=14400s, max_restarts=50
[scraper_scheduler]   WORKSPACE=/home/paperclip/buywhere
[scraper_scheduler] [restart=0] starting at 20260818T090649Z
[scraper_scheduler]   cmd: /usr/bin/python3 -m scrapers.carousell_sg --scrape-only --concurrency 6 --batch-size 50 --page-limit 5 --output-dir /home/paperclip/buywhere/data/carousell-sg
[scraper_scheduler]   log: /home/paperclip/buywhere/logs/carousell_sg_scheduler_20260818T090649Z.log
[scraper_scheduler] [restart=0] completed cleanly (rc=0)
[scraper_scheduler] [restart=1] starting at 20260818T090856Z
[scraper_scheduler]   cmd: /usr/bin/python3 -m scrapers.carousell_sg --scrape-only --concurrency 6 --batch-size 50 --page-limit 5 --output-dir /home/paperclip/buywhere/data/carousell-sg
[scraper_scheduler]   log: /home/paperclip/buywhere/logs/carousell_sg_scheduler_20260818T090856Z.log
[scraper_scheduler] [restart=1] completed cleanly (rc=0)
[scraper_scheduler] [restart=2] starting at 20260818T091102Z
[scraper_scheduler]   cmd: /usr/bin/python3 -m scrapers.carousell_sg --scrape-only --concurrency 6 --batch-size 50 --page-limit 5 --output-dir /home/paperclip/buywhere/data/carousell-sg
[scraper_scheduler]   log: /home/paperclip/buywhere/logs/carousell_sg_scheduler_20260818T091102Z.log
[scraper_scheduler] Starting continuous mode for platform=carousell_sg
[scraper_scheduler]   run_budget=14400s, max_restarts=50
[scraper_scheduler]   WORKSPACE=/home/paperclip/buywhere
[scraper_scheduler] [restart=0] starting at 20260818T091151Z
[scraper_scheduler]   cmd: /usr/bin/python3 -m scrapers.carousell_sg --scrape-only --concurrency 6 --batch-size 50 --page-limit 5 --output-dir /home/paperclip/buywhere/data/carousell-sg
[scraper_scheduler]   log: /home/paperclip/buywhere/logs/carousell_sg_scheduler_20260818T091151Z.log
[scraper_scheduler] [restart=0] completed cleanly (rc=0)
[scraper_scheduler] [restart=1] starting at 20260818T091358Z
[scraper_scheduler]   cmd: /usr/bin/python3 -m scrapers.carousell_sg --scrape-only --concurrency 6 --batch-size 50 --page-limit 5 --output-dir /home/paperclip/buywhere/data/carousell-sg
[scraper_scheduler]   log: /home/paperclip/buywhere/logs/carousell_sg_scheduler_20260818T091358Z.log
[scraper_scheduler] [restart=1] completed cleanly (rc=0)
[scraper_scheduler] [restart=2] starting at 20260818T091605Z
[scraper_scheduler]   cmd: /usr/bin/python3 -m scrapers.carousell_sg --scrape-only --concurrency 6 --batch-size 50 --page-limit 5 --output-dir /home/paperclip/buywhere/data/carousell-sg
[scraper_scheduler]   log: /home/paperclip/buywhere/logs/carousell_sg_scheduler_20260818T091605Z.log
[scraper_scheduler] Starting continuous mode for platform=carousell_sg
[scraper_scheduler]   run_budget=14400s, max_restarts=50
[scraper_scheduler]   WORKSPACE=/home/paperclip/buywhere
[scraper_scheduler] [restart=0] starting at 20260818T091653Z
[scraper_scheduler]   cmd: /usr/bin/python3 -m scrapers.carousell_sg --scrape-only --concurrency 6 --batch-size 50 --page-limit 5 --output-dir /home/paperclip/buywhere/data/carousell-sg
[scraper_scheduler]   log: /home/paperclip/buywhere/logs/carousell_sg_scheduler_20260818T091653Z.log
[scraper_scheduler] [restart=0] completed cleanly (rc=0)
[scraper_scheduler] [restart=1] starting at 20260818T091900Z
[scraper_scheduler]   cmd: /usr/bin/python3 -m scrapers.carousell_sg --scrape-only --concurrency 6 --batch-size 50 --page-limit 5 --output-dir /home/paperclip/buywhere/data/carousell-sg
[scraper_scheduler]   log: /home/paperclip/buywhere/logs/carousell_sg_scheduler_20260818T091900Z.log
[scraper_scheduler] [restart=1] completed cleanly (rc=0)
[scraper_scheduler] [restart=2] starting at 20260818T092106Z
[scraper_scheduler]   cmd: /usr/bin/python3 -m scrapers.carousell_sg --scrape-only --concurrency 6 --batch-size 50 --page-limit 5 --output-dir /home/paperclip/buywhere/data/carousell-sg
[scraper_scheduler]   log: /home/paperclip/buywhere/logs/carousell_sg_scheduler_20260818T092106Z.log
[scraper_scheduler] Starting continuous mode for platform=carousell_sg
[scraper_scheduler]   run_budget=14400s, max_restarts=50
[scraper_scheduler]   WORKSPACE=/home/paperclip/buywhere
[scraper_scheduler] [restart=0] starting at 20260818T092155Z
[scraper_scheduler]   cmd: /usr/bin/python3 -m scrapers.carousell_sg --scrape-only --concurrency 6 --batch-size 50 --page-limit 5 --output-dir /home/paperclip/buywhere/data/carousell-sg
[scraper_scheduler]   log: /home/paperclip/buywhere/logs/carousell_sg_scheduler_20260818T092155Z.log
[scraper_scheduler] [restart=0] completed cleanly (rc=0)
[scraper_scheduler] [restart=1] starting at 20260818T092401Z
[scraper_scheduler]   cmd: /usr/bin/python3 -m scrapers.carousell_sg --scrape-only --concurrency 6 --batch-size 50 --page-limit 5 --output-dir /home/paperclip/buywhere/data/carousell-sg
[scraper_scheduler]   log: /home/paperclip/buywhere/logs/carousell_sg_scheduler_20260818T092401Z.log
[scraper_scheduler] [restart=1] completed cleanly (rc=0)
[scraper_scheduler] [restart=2] starting at 20260818T092607Z
[scraper_scheduler]   cmd: /usr/bin/python3 -m scrapers.carousell_sg --scrape-only --concurrency 6 --batch-size 50 --page-limit 5 --output-dir /home/paperclip/buywhere/data/carousell-sg
[scraper_scheduler]   log: /home/paperclip/buywhere/logs/carousell_sg_scheduler_20260818T092607Z.log
[scraper_scheduler] Starting continuous mode for platform=carousell_sg
[scraper_scheduler]   run_budget=14400s, max_restarts=50
[scraper_scheduler]   WORKSPACE=/home/paperclip/buywhere
[scraper_scheduler] [restart=0] starting at 20260818T092657Z
[scraper_scheduler]   cmd: /usr/bin/python3 -m scrapers.carousell_sg --scrape-only --concurrency 6 --batch-size 50 --page-limit 5 --output-dir /home/paperclip/buywhere/data/carousell-sg
[scraper_scheduler]   log: /home/paperclip/buywhere/logs/carousell_sg_scheduler_20260818T092657Z.log
[scraper_scheduler] [restart=0] completed cleanly (rc=0)
[scraper_scheduler] [restart=1] starting at 20260818T092903Z
[scraper_scheduler]   cmd: /usr/bin/python3 -m scrapers.carousell_sg --scrape-only --concurrency 6 --batch-size 50 --page-limit 5 --output-dir /home/paperclip/buywhere/data/carousell-sg
[scraper_scheduler]   log: /home/paperclip/buywhere/logs/carousell_sg_scheduler_20260818T092903Z.log
[scraper_scheduler] [restart=1] completed cleanly (rc=0)
[scraper_scheduler] [restart=2] starting at 20260818T093110Z
[scraper_scheduler]   cmd: /usr/bin/python3 -m scrapers.carousell_sg --scrape-only --concurrency 6 --batch-size 50 --page-limit 5 --output-dir /home/paperclip/buywhere/data/carousell-sg
[scraper_scheduler]   log: /home/paperclip/buywhere/logs/carousell_sg_scheduler_20260818T093110Z.log
[scraper_scheduler] Starting continuous mode for platform=carousell_sg
[scraper_scheduler]   run_budget=14400s, max_restarts=50
[scraper_scheduler]   WORKSPACE=/home/paperclip/buywhere
[scraper_scheduler] [restart=0] starting at 20260818T093200Z
[scraper_scheduler]   cmd: /usr/bin/python3 -m scrapers.carousell_sg --scrape-only --concurrency 6 --batch-size 50 --page-limit 5 --output-dir /home/paperclip/buywhere/data/carousell-sg
[scraper_scheduler]   log: /home/paperclip/buywhere/logs/carousell_sg_scheduler_20260818T093200Z.log
[scraper_scheduler] [restart=0] completed cleanly (rc=0)
[scraper_scheduler] [restart=1] starting at 20260818T093409Z
[scraper_scheduler]   cmd: /usr/bin/python3 -m scrapers.carousell_sg --scrape-only --concurrency 6 --batch-size 50 --page-limit 5 --output-dir /home/paperclip/buywhere/data/carousell-sg
[scraper_scheduler]   log: /home/paperclip/buywhere/logs/carousell_sg_scheduler_20260818T093409Z.log
[scraper_scheduler] [restart=1] completed cleanly (rc=0)
[scraper_scheduler] [restart=2] starting at 20260818T093615Z
[scraper_scheduler]   cmd: /usr/bin/python3 -m scrapers.carousell_sg --scrape-only --concurrency 6 --batch-size 50 --page-limit 5 --output-dir /home/paperclip/buywhere/data/carousell-sg
[scraper_scheduler]   log: /home/paperclip/buywhere/logs/carousell_sg_scheduler_20260818T093615Z.log
[scraper_scheduler] Starting continuous mode for platform=carousell_sg
[scraper_scheduler]   run_budget=14400s, max_restarts=50
[scraper_scheduler]   WORKSPACE=/home/paperclip/buywhere
[scraper_scheduler] [restart=0] starting at 20260818T093702Z
[scraper_scheduler]   cmd: /usr/bin/python3 -m scrapers.carousell_sg --scrape-only --concurrency 6 --batch-size 50 --page-limit 5 --output-dir /home/paperclip/buywhere/data/carousell-sg
[scraper_scheduler]   log: /home/paperclip/buywhere/logs/carousell_sg_scheduler_20260818T093702Z.log
[scraper_scheduler] [restart=0] completed cleanly (rc=0)
[scraper_scheduler] [restart=1] starting at 20260818T093908Z
[scraper_scheduler]   cmd: /usr/bin/python3 -m scrapers.carousell_sg --scrape-only --concurrency 6 --batch-size 50 --page-limit 5 --output-dir /home/paperclip/buywhere/data/carousell-sg
[scraper_scheduler]   log: /home/paperclip/buywhere/logs/carousell_sg_scheduler_20260818T093908Z.log
[scraper_scheduler] [restart=1] completed cleanly (rc=0)
[scraper_scheduler] [restart=2] starting at 20260818T094115Z
[scraper_scheduler]   cmd: /usr/bin/python3 -m scrapers.carousell_sg --scrape-only --concurrency 6 --batch-size 50 --page-limit 5 --output-dir /home/paperclip/buywhere/data/carousell-sg
[scraper_scheduler]   log: /home/paperclip/buywhere/logs/carousell_sg_scheduler_20260818T094115Z.log
[scraper_scheduler] Starting continuous mode for platform=carousell_sg
[scraper_scheduler]   run_budget=14400s, max_restarts=50
[scraper_scheduler]   WORKSPACE=/home/paperclip/buywhere
[scraper_scheduler] [restart=0] starting at 20260818T094204Z
[scraper_scheduler]   cmd: /usr/bin/python3 -m scrapers.carousell_sg --scrape-only --concurrency 6 --batch-size 50 --page-limit 5 --output-dir /home/paperclip/buywhere/data/carousell-sg
[scraper_scheduler]   log: /home/paperclip/buywhere/logs/carousell_sg_scheduler_20260818T094204Z.log
[scraper_scheduler] [restart=0] completed cleanly (rc=0)
[scraper_scheduler] [restart=1] starting at 20260818T094410Z
[scraper_scheduler]   cmd: /usr/bin/python3 -m scrapers.carousell_sg --scrape-only --concurrency 6 --batch-size 50 --page-limit 5 --output-dir /home/paperclip/buywhere/data/carousell-sg
[scraper_scheduler]   log: /home/paperclip/buywhere/logs/carousell_sg_scheduler_20260818T094410Z.log
[scraper_scheduler] [restart=1] completed cleanly (rc=0)
[scraper_scheduler] [restart=2] starting at 20260818T094616Z
[scraper_scheduler]   cmd: /usr/bin/python3 -m scrapers.carousell_sg --scrape-only --concurrency 6 --batch-size 50 --page-limit 5 --output-dir /home/paperclip/buywhere/data/carousell-sg
[scraper_scheduler]   log: /home/paperclip/buywhere/logs/carousell_sg_scheduler_20260818T094616Z.log
[scraper_scheduler] Starting continuous mode for platform=carousell_sg
[scraper_scheduler]   run_budget=14400s, max_restarts=50
[scraper_scheduler]   WORKSPACE=/home/paperclip/buywhere
[scraper_scheduler] [restart=0] starting at 20260818T094706Z
[scraper_scheduler]   cmd: /usr/bin/python3 -m scrapers.carousell_sg --scrape-only --concurrency 6 --batch-size 50 --page-limit 5 --output-dir /home/paperclip/buywhere/data/carousell-sg
[scraper_scheduler]   log: /home/paperclip/buywhere/logs/carousell_sg_scheduler_20260818T094706Z.log
[scraper_scheduler] [restart=0] completed cleanly (rc=0)
[scraper_scheduler] [restart=1] starting at 20260818T094912Z
[scraper_scheduler]   cmd: /usr/bin/python3 -m scrapers.carousell_sg --scrape-only --concurrency 6 --batch-size 50 --page-limit 5 --output-dir /home/paperclip/buywhere/data/carousell-sg
[scraper_scheduler]   log: /home/paperclip/buywhere/logs/carousell_sg_scheduler_20260818T094912Z.log
[scraper_scheduler] [restart=1] completed cleanly (rc=0)
[scraper_scheduler] [restart=2] starting at 20260818T095119Z
[scraper_scheduler]   cmd: /usr/bin/python3 -m scrapers.carousell_sg --scrape-only --concurrency 6 --batch-size 50 --page-limit 5 --output-dir /home/paperclip/buywhere/data/carousell-sg
[scraper_scheduler]   log: /home/paperclip/buywhere/logs/carousell_sg_scheduler_20260818T095119Z.log
[scraper_scheduler] Starting continuous mode for platform=carousell_sg
[scraper_scheduler]   run_budget=14400s, max_restarts=50
[scraper_scheduler]   WORKSPACE=/home/paperclip/buywhere
[scraper_scheduler] [restart=0] starting at 20260818T095208Z
[scraper_scheduler]   cmd: /usr/bin/python3 -m scrapers.carousell_sg --scrape-only --concurrency 6 --batch-size 50 --page-limit 5 --output-dir /home/paperclip/buywhere/data/carousell-sg
[scraper_scheduler]   log: /home/paperclip/buywhere/logs/carousell_sg_scheduler_20260818T095208Z.log
[scraper_scheduler] [restart=0] completed cleanly (rc=0)
[scraper_scheduler] [restart=1] starting at 20260818T095416Z
[scraper_scheduler]   cmd: /usr/bin/python3 -m scrapers.carousell_sg --scrape-only --concurrency 6 --batch-size 50 --page-limit 5 --output-dir /home/paperclip/buywhere/data/carousell-sg
[scraper_scheduler]   log: /home/paperclip/buywhere/logs/carousell_sg_scheduler_20260818T095416Z.log
[scraper_scheduler] [restart=1] completed cleanly (rc=0)
[scraper_scheduler] [restart=2] starting at 20260818T095622Z
[scraper_scheduler]   cmd: /usr/bin/python3 -m scrapers.carousell_sg --scrape-only --concurrency 6 --batch-size 50 --page-limit 5 --output-dir /home/paperclip/buywhere/data/carousell-sg
[scraper_scheduler]   log: /home/paperclip/buywhere/logs/carousell_sg_scheduler_20260818T095622Z.log
[scraper_scheduler] Starting continuous mode for platform=carousell_sg
[scraper_scheduler]   run_budget=14400s, max_restarts=50
[scraper_scheduler]   WORKSPACE=/home/paperclip/buywhere
[scraper_scheduler] [restart=0] starting at 20260818T095711Z
[scraper_scheduler]   cmd: /usr/bin/python3 -m scrapers.carousell_sg --scrape-only --concurrency 6 --batch-size 50 --page-limit 5 --output-dir /home/paperclip/buywhere/data/carousell-sg
[scraper_scheduler]   log: /home/paperclip/buywhere/logs/carousell_sg_scheduler_20260818T095711Z.log
[scraper_scheduler] [restart=0] completed cleanly (rc=0)
[scraper_scheduler] [restart=1] starting at 20260818T095917Z
[scraper_scheduler]   cmd: /usr/bin/python3 -m scrapers.carousell_sg --scrape-only --concurrency 6 --batch-size 50 --page-limit 5 --output-dir /home/paperclip/buywhere/data/carousell-sg
[scraper_scheduler]   log: /home/paperclip/buywhere/logs/carousell_sg_scheduler_20260818T095917Z.log
[scraper_scheduler] [restart=1] completed cleanly (rc=0)
[scraper_scheduler] [restart=2] starting at 20260818T100123Z
[scraper_scheduler]   cmd: /usr/bin/python3 -m scrapers.carousell_sg --scrape-only --concurrency 6 --batch-size 50 --page-limit 5 --output-dir /home/paperclip/buywhere/data/carousell-sg
[scraper_scheduler]   log: /home/paperclip/buywhere/logs/carousell_sg_scheduler_20260818T100123Z.log
[scraper_scheduler] Starting continuous mode for platform=carousell_sg
[scraper_scheduler]   run_budget=14400s, max_restarts=50
[scraper_scheduler]   WORKSPACE=/home/paperclip/buywhere
[scraper_scheduler] [restart=0] starting at 20260818T100213Z
[scraper_scheduler]   cmd: /usr/bin/python3 -m scrapers.carousell_sg --scrape-only --concurrency 6 --batch-size 50 --page-limit 5 --output-dir /home/paperclip/buywhere/data/carousell-sg
[scraper_scheduler]   log: /home/paperclip/buywhere/logs/carousell_sg_scheduler_20260818T100213Z.log
[scraper_scheduler] [restart=0] completed cleanly (rc=0)
[scraper_scheduler] [restart=1] starting at 20260818T100421Z
[scraper_scheduler]   cmd: /usr/bin/python3 -m scrapers.carousell_sg --scrape-only --concurrency 6 --batch-size 50 --page-limit 5 --output-dir /home/paperclip/buywhere/data/carousell-sg
[scraper_scheduler]   log: /home/paperclip/buywhere/logs/carousell_sg_scheduler_20260818T100421Z.log
[scraper_scheduler] [restart=1] completed cleanly (rc=0)
[scraper_scheduler] [restart=2] starting at 20260818T100628Z
[scraper_scheduler]   cmd: /usr/bin/python3 -m scrapers.carousell_sg --scrape-only --concurrency 6 --batch-size 50 --page-limit 5 --output-dir /home/paperclip/buywhere/data/carousell-sg
[scraper_scheduler]   log: /home/paperclip/buywhere/logs/carousell_sg_scheduler_20260818T100628Z.log
[scraper_scheduler] Starting continuous mode for platform=carousell_sg
[scraper_scheduler]   run_budget=14400s, max_restarts=50
[scraper_scheduler]   WORKSPACE=/home/paperclip/buywhere
[scraper_scheduler] [restart=0] starting at 20260818T100715Z
[scraper_scheduler]   cmd: /usr/bin/python3 -m scrapers.carousell_sg --scrape-only --concurrency 6 --batch-size 50 --page-limit 5 --output-dir /home/paperclip/buywhere/data/carousell-sg
[scraper_scheduler]   log: /home/paperclip/buywhere/logs/carousell_sg_scheduler_20260818T100715Z.log
[scraper_scheduler] [restart=0] completed cleanly (rc=0)
[scraper_scheduler] [restart=1] starting at 20260818T100922Z
[scraper_scheduler]   cmd: /usr/bin/python3 -m scrapers.carousell_sg --scrape-only --concurrency 6 --batch-size 50 --page-limit 5 --output-dir /home/paperclip/buywhere/data/carousell-sg
[scraper_scheduler]   log: /home/paperclip/buywhere/logs/carousell_sg_scheduler_20260818T100922Z.log
[scraper_scheduler] [restart=1] completed cleanly (rc=0)
[scraper_scheduler] [restart=2] starting at 20260818T101128Z
[scraper_scheduler]   cmd: /usr/bin/python3 -m scrapers.carousell_sg --scrape-only --concurrency 6 --batch-size 50 --page-limit 5 --output-dir /home/paperclip/buywhere/data/carousell-sg
[scraper_scheduler]   log: /home/paperclip/buywhere/logs/carousell_sg_scheduler_20260818T101128Z.log
[scraper_scheduler] Starting continuous mode for platform=carousell_sg
[scraper_scheduler]   run_budget=14400s, max_restarts=50
[scraper_scheduler]   WORKSPACE=/home/paperclip/buywhere
[scraper_scheduler] [restart=0] starting at 20260818T101218Z
[scraper_scheduler]   cmd: /usr/bin/python3 -m scrapers.carousell_sg --scrape-only --concurrency 6 --batch-size 50 --page-limit 5 --output-dir /home/paperclip/buywhere/data/carousell-sg
[scraper_scheduler]   log: /home/paperclip/buywhere/logs/carousell_sg_scheduler_20260818T101218Z.log
[scraper_scheduler] [restart=0] completed cleanly (rc=0)
[scraper_scheduler] [restart=1] starting at 20260818T101425Z
[scraper_scheduler]   cmd: /usr/bin/python3 -m scrapers.carousell_sg --scrape-only --concurrency 6 --batch-size 50 --page-limit 5 --output-dir /home/paperclip/buywhere/data/carousell-sg
[scraper_scheduler]   log: /home/paperclip/buywhere/logs/carousell_sg_scheduler_20260818T101425Z.log
[scraper_scheduler] [restart=1] completed cleanly (rc=0)
[scraper_scheduler] [restart=2] starting at 20260818T101630Z
[scraper_scheduler]   cmd: /usr/bin/python3 -m scrapers.carousell_sg --scrape-only --concurrency 6 --batch-size 50 --page-limit 5 --output-dir /home/paperclip/buywhere/data/carousell-sg
[scraper_scheduler]   log: /home/paperclip/buywhere/logs/carousell_sg_scheduler_20260818T101630Z.log
[scraper_scheduler] Starting continuous mode for platform=carousell_sg
[scraper_scheduler]   run_budget=14400s, max_restarts=50
[scraper_scheduler]   WORKSPACE=/home/paperclip/buywhere
[scraper_scheduler] [restart=0] starting at 20260818T101720Z
[scraper_scheduler]   cmd: /usr/bin/python3 -m scrapers.carousell_sg --scrape-only --concurrency 6 --batch-size 50 --page-limit 5 --output-dir /home/paperclip/buywhere/data/carousell-sg
[scraper_scheduler]   log: /home/paperclip/buywhere/logs/carousell_sg_scheduler_20260818T101720Z.log
[scraper_scheduler] [restart=0] completed cleanly (rc=0)
[scraper_scheduler] [restart=1] starting at 20260818T101926Z
[scraper_scheduler]   cmd: /usr/bin/python3 -m scrapers.carousell_sg --scrape-only --concurrency 6 --batch-size 50 --page-limit 5 --output-dir /home/paperclip/buywhere/data/carousell-sg
[scraper_scheduler]   log: /home/paperclip/buywhere/logs/carousell_sg_scheduler_20260818T101926Z.log
[scraper_scheduler] [restart=1] completed cleanly (rc=0)
[scraper_scheduler] [restart=2] starting at 20260818T102132Z
[scraper_scheduler]   cmd: /usr/bin/python3 -m scrapers.carousell_sg --scrape-only --concurrency 6 --batch-size 50 --page-limit 5 --output-dir /home/paperclip/buywhere/data/carousell-sg
[scraper_scheduler]   log: /home/paperclip/buywhere/logs/carousell_sg_scheduler_20260818T102132Z.log
[scraper_scheduler] Starting continuous mode for platform=carousell_sg
[scraper_scheduler]   run_budget=14400s, max_restarts=50
[scraper_scheduler]   WORKSPACE=/home/paperclip/buywhere
[scraper_scheduler] [restart=0] starting at 20260818T102222Z
[scraper_scheduler]   cmd: /usr/bin/python3 -m scrapers.carousell_sg --scrape-only --concurrency 6 --batch-size 50 --page-limit 5 --output-dir /home/paperclip/buywhere/data/carousell-sg
[scraper_scheduler]   log: /home/paperclip/buywhere/logs/carousell_sg_scheduler_20260818T102222Z.log
[scraper_scheduler] [restart=0] completed cleanly (rc=0)
[scraper_scheduler] [restart=1] starting at 20260818T102429Z
[scraper_scheduler]   cmd: /usr/bin/python3 -m scrapers.carousell_sg --scrape-only --concurrency 6 --batch-size 50 --page-limit 5 --output-dir /home/paperclip/buywhere/data/carousell-sg
[scraper_scheduler]   log: /home/paperclip/buywhere/logs/carousell_sg_scheduler_20260818T102429Z.log
[scraper_scheduler] [restart=1] completed cleanly (rc=0)
[scraper_scheduler] [restart=2] starting at 20260818T102635Z
[scraper_scheduler]   cmd: /usr/bin/python3 -m scrapers.carousell_sg --scrape-only --concurrency 6 --batch-size 50 --page-limit 5 --output-dir /home/paperclip/buywhere/data/carousell-sg
[scraper_scheduler]   log: /home/paperclip/buywhere/logs/carousell_sg_scheduler_20260818T102635Z.log
[scraper_scheduler] Starting continuous mode for platform=carousell_sg
[scraper_scheduler]   run_budget=14400s, max_restarts=50
[scraper_scheduler]   WORKSPACE=/home/paperclip/buywhere
[scraper_scheduler] [restart=0] starting at 20260818T102724Z
[scraper_scheduler]   cmd: /usr/bin/python3 -m scrapers.carousell_sg --scrape-only --concurrency 6 --batch-size 50 --page-limit 5 --output-dir /home/paperclip/buywhere/data/carousell-sg
[scraper_scheduler]   log: /home/paperclip/buywhere/logs/carousell_sg_scheduler_20260818T102724Z.log
[scraper_scheduler] [restart=0] completed cleanly (rc=0)
[scraper_scheduler] [restart=1] starting at 20260818T102930Z
[scraper_scheduler]   cmd: /usr/bin/python3 -m scrapers.carousell_sg --scrape-only --concurrency 6 --batch-size 50 --page-limit 5 --output-dir /home/paperclip/buywhere/data/carousell-sg
[scraper_scheduler]   log: /home/paperclip/buywhere/logs/carousell_sg_scheduler_20260818T102930Z.log
[scraper_scheduler] [restart=1] completed cleanly (rc=0)
[scraper_scheduler] [restart=2] starting at 20260818T103136Z
[scraper_scheduler]   cmd: /usr/bin/python3 -m scrapers.carousell_sg --scrape-only --concurrency 6 --batch-size 50 --page-limit 5 --output-dir /home/paperclip/buywhere/data/carousell-sg
[scraper_scheduler]   log: /home/paperclip/buywhere/logs/carousell_sg_scheduler_20260818T103136Z.log
[scraper_scheduler] Starting continuous mode for platform=carousell_sg
[scraper_scheduler]   run_budget=14400s, max_restarts=50
[scraper_scheduler]   WORKSPACE=/home/paperclip/buywhere
[scraper_scheduler] [restart=0] starting at 20260818T103227Z
[scraper_scheduler]   cmd: /usr/bin/python3 -m scrapers.carousell_sg --scrape-only --concurrency 6 --batch-size 50 --page-limit 5 --output-dir /home/paperclip/buywhere/data/carousell-sg
[scraper_scheduler]   log: /home/paperclip/buywhere/logs/carousell_sg_scheduler_20260818T103227Z.log
[scraper_scheduler] [restart=0] completed cleanly (rc=0)
[scraper_scheduler] [restart=1] starting at 20260818T103436Z
[scraper_scheduler]   cmd: /usr/bin/python3 -m scrapers.carousell_sg --scrape-only --concurrency 6 --batch-size 50 --page-limit 5 --output-dir /home/paperclip/buywhere/data/carousell-sg
[scraper_scheduler]   log: /home/paperclip/buywhere/logs/carousell_sg_scheduler_20260818T103436Z.log
[scraper_scheduler] [restart=1] completed cleanly (rc=0)
[scraper_scheduler] [restart=2] starting at 20260818T103644Z
[scraper_scheduler]   cmd: /usr/bin/python3 -m scrapers.carousell_sg --scrape-only --concurrency 6 --batch-size 50 --page-limit 5 --output-dir /home/paperclip/buywhere/data/carousell-sg
[scraper_scheduler]   log: /home/paperclip/buywhere/logs/carousell_sg_scheduler_20260818T103644Z.log
[scraper_scheduler] Starting continuous mode for platform=carousell_sg
[scraper_scheduler]   run_budget=14400s, max_restarts=50
[scraper_scheduler]   WORKSPACE=/home/paperclip/buywhere
[scraper_scheduler] [restart=0] starting at 20260818T103729Z
[scraper_scheduler]   cmd: /usr/bin/python3 -m scrapers.carousell_sg --scrape-only --concurrency 6 --batch-size 50 --page-limit 5 --output-dir /home/paperclip/buywhere/data/carousell-sg
[scraper_scheduler]   log: /home/paperclip/buywhere/logs/carousell_sg_scheduler_20260818T103729Z.log
[scraper_scheduler] [restart=0] completed cleanly (rc=0)
[scraper_scheduler] [restart=1] starting at 20260818T103936Z
[scraper_scheduler]   cmd: /usr/bin/python3 -m scrapers.carousell_sg --scrape-only --concurrency 6 --batch-size 50 --page-limit 5 --output-dir /home/paperclip/buywhere/data/carousell-sg
[scraper_scheduler]   log: /home/paperclip/buywhere/logs/carousell_sg_scheduler_20260818T103936Z.log
[scraper_scheduler] [restart=1] completed cleanly (rc=0)
[scraper_scheduler] [restart=2] starting at 20260818T104143Z
[scraper_scheduler]   cmd: /usr/bin/python3 -m scrapers.carousell_sg --scrape-only --concurrency 6 --batch-size 50 --page-limit 5 --output-dir /home/paperclip/buywhere/data/carousell-sg
[scraper_scheduler]   log: /home/paperclip/buywhere/logs/carousell_sg_scheduler_20260818T104143Z.log
[scraper_scheduler] Starting continuous mode for platform=carousell_sg
[scraper_scheduler]   run_budget=14400s, max_restarts=50
[scraper_scheduler]   WORKSPACE=/home/paperclip/buywhere
[scraper_scheduler] [restart=0] starting at 20260818T104231Z
[scraper_scheduler]   cmd: /usr/bin/python3 -m scrapers.carousell_sg --scrape-only --concurrency 6 --batch-size 50 --page-limit 5 --output-dir /home/paperclip/buywhere/data/carousell-sg
[scraper_scheduler]   log: /home/paperclip/buywhere/logs/carousell_sg_scheduler_20260818T104231Z.log
[scraper_scheduler] [restart=0] completed cleanly (rc=0)
[scraper_scheduler] [restart=1] starting at 20260818T104438Z
[scraper_scheduler]   cmd: /usr/bin/python3 -m scrapers.carousell_sg --scrape-only --concurrency 6 --batch-size 50 --page-limit 5 --output-dir /home/paperclip/buywhere/data/carousell-sg
[scraper_scheduler]   log: /home/paperclip/buywhere/logs/carousell_sg_scheduler_20260818T104438Z.log
[scraper_scheduler] [restart=1] completed cleanly (rc=0)
[scraper_scheduler] [restart=2] starting at 20260818T104644Z
[scraper_scheduler]   cmd: /usr/bin/python3 -m scrapers.carousell_sg --scrape-only --concurrency 6 --batch-size 50 --page-limit 5 --output-dir /home/paperclip/buywhere/data/carousell-sg
[scraper_scheduler]   log: /home/paperclip/buywhere/logs/carousell_sg_scheduler_20260818T104644Z.log
[scraper_scheduler] Starting continuous mode for platform=carousell_sg
[scraper_scheduler]   run_budget=14400s, max_restarts=50
[scraper_scheduler]   WORKSPACE=/home/paperclip/buywhere
[scraper_scheduler] [restart=0] starting at 20260818T104733Z
[scraper_scheduler]   cmd: /usr/bin/python3 -m scrapers.carousell_sg --scrape-only --concurrency 6 --batch-size 50 --page-limit 5 --output-dir /home/paperclip/buywhere/data/carousell-sg
[scraper_scheduler]   log: /home/paperclip/buywhere/logs/carousell_sg_scheduler_20260818T104733Z.log
[scraper_scheduler] [restart=0] completed cleanly (rc=0)
[scraper_scheduler] [restart=1] starting at 20260818T104939Z
[scraper_scheduler]   cmd: /usr/bin/python3 -m scrapers.carousell_sg --scrape-only --concurrency 6 --batch-size 50 --page-limit 5 --output-dir /home/paperclip/buywhere/data/carousell-sg
[scraper_scheduler]   log: /home/paperclip/buywhere/logs/carousell_sg_scheduler_20260818T104939Z.log
[scraper_scheduler] [restart=1] completed cleanly (rc=0)
[scraper_scheduler] [restart=2] starting at 20260818T105148Z
[scraper_scheduler]   cmd: /usr/bin/python3 -m scrapers.carousell_sg --scrape-only --concurrency 6 --batch-size 50 --page-limit 5 --output-dir /home/paperclip/buywhere/data/carousell-sg
[scraper_scheduler]   log: /home/paperclip/buywhere/logs/carousell_sg_scheduler_20260818T105148Z.log
[scraper_scheduler] Starting continuous mode for platform=carousell_sg
[scraper_scheduler]   run_budget=14400s, max_restarts=50
[scraper_scheduler]   WORKSPACE=/home/paperclip/buywhere
[scraper_scheduler] [restart=0] starting at 20260818T105236Z
[scraper_scheduler]   cmd: /usr/bin/python3 -m scrapers.carousell_sg --scrape-only --concurrency 6 --batch-size 50 --page-limit 5 --output-dir /home/paperclip/buywhere/data/carousell-sg
[scraper_scheduler]   log: /home/paperclip/buywhere/logs/carousell_sg_scheduler_20260818T105236Z.log
[scraper_scheduler] [restart=0] completed cleanly (rc=0)
[scraper_scheduler] [restart=1] starting at 20260818T105442Z
[scraper_scheduler]   cmd: /usr/bin/python3 -m scrapers.carousell_sg --scrape-only --concurrency 6 --batch-size 50 --page-limit 5 --output-dir /home/paperclip/buywhere/data/carousell-sg
[scraper_scheduler]   log: /home/paperclip/buywhere/logs/carousell_sg_scheduler_20260818T105442Z.log
[scraper_scheduler] [restart=1] completed cleanly (rc=0)
[scraper_scheduler] [restart=2] starting at 20260818T105648Z
[scraper_scheduler]   cmd: /usr/bin/python3 -m scrapers.carousell_sg --scrape-only --concurrency 6 --batch-size 50 --page-limit 5 --output-dir /home/paperclip/buywhere/data/carousell-sg
[scraper_scheduler]   log: /home/paperclip/buywhere/logs/carousell_sg_scheduler_20260818T105648Z.log
[scraper_scheduler] Starting continuous mode for platform=carousell_sg
[scraper_scheduler]   run_budget=14400s, max_restarts=50
[scraper_scheduler]   WORKSPACE=/home/paperclip/buywhere
[scraper_scheduler] [restart=0] starting at 20260818T105738Z
[scraper_scheduler]   cmd: /usr/bin/python3 -m scrapers.carousell_sg --scrape-only --concurrency 6 --batch-size 50 --page-limit 5 --output-dir /home/paperclip/buywhere/data/carousell-sg
[scraper_scheduler]   log: /home/paperclip/buywhere/logs/carousell_sg_scheduler_20260818T105738Z.log
[scraper_scheduler] [restart=0] completed cleanly (rc=0)
[scraper_scheduler] [restart=1] starting at 20260818T105944Z
[scraper_scheduler]   cmd: /usr/bin/python3 -m scrapers.carousell_sg --scrape-only --concurrency 6 --batch-size 50 --page-limit 5 --output-dir /home/paperclip/buywhere/data/carousell-sg
[scraper_scheduler]   log: /home/paperclip/buywhere/logs/carousell_sg_scheduler_20260818T105944Z.log
[scraper_scheduler] [restart=1] completed cleanly (rc=0)
[scraper_scheduler] [restart=2] starting at 20260818T110151Z
[scraper_scheduler]   cmd: /usr/bin/python3 -m scrapers.carousell_sg --scrape-only --concurrency 6 --batch-size 50 --page-limit 5 --output-dir /home/paperclip/buywhere/data/carousell-sg
[scraper_scheduler]   log: /home/paperclip/buywhere/logs/carousell_sg_scheduler_20260818T110151Z.log
[scraper_scheduler] Starting continuous mode for platform=carousell_sg
[scraper_scheduler]   run_budget=14400s, max_restarts=50
[scraper_scheduler]   WORKSPACE=/home/paperclip/buywhere
[scraper_scheduler] [restart=0] starting at 20260818T110240Z
[scraper_scheduler]   cmd: /usr/bin/python3 -m scrapers.carousell_sg --scrape-only --concurrency 6 --batch-size 50 --page-limit 5 --output-dir /home/paperclip/buywhere/data/carousell-sg
[scraper_scheduler]   log: /home/paperclip/buywhere/logs/carousell_sg_scheduler_20260818T110240Z.log
[scraper_scheduler] [restart=0] completed cleanly (rc=0)
[scraper_scheduler] [restart=1] starting at 20260818T110447Z
[scraper_scheduler]   cmd: /usr/bin/python3 -m scrapers.carousell_sg --scrape-only --concurrency 6 --batch-size 50 --page-limit 5 --output-dir /home/paperclip/buywhere/data/carousell-sg
[scraper_scheduler]   log: /home/paperclip/buywhere/logs/carousell_sg_scheduler_20260818T110447Z.log
[scraper_scheduler] [restart=1] completed cleanly (rc=0)
[scraper_scheduler] [restart=2] starting at 20260818T110654Z
[scraper_scheduler]   cmd: /usr/bin/python3 -m scrapers.carousell_sg --scrape-only --concurrency 6 --batch-size 50 --page-limit 5 --output-dir /home/paperclip/buywhere/data/carousell-sg
[scraper_scheduler]   log: /home/paperclip/buywhere/logs/carousell_sg_scheduler_20260818T110654Z.log
[scraper_scheduler] Starting continuous mode for platform=carousell_sg
[scraper_scheduler]   run_budget=14400s, max_restarts=50
[scraper_scheduler]   WORKSPACE=/home/paperclip/buywhere
[scraper_scheduler] [restart=0] starting at 20260818T110742Z
[scraper_scheduler]   cmd: /usr/bin/python3 -m scrapers.carousell_sg --scrape-only --concurrency 6 --batch-size 50 --page-limit 5 --output-dir /home/paperclip/buywhere/data/carousell-sg
[scraper_scheduler]   log: /home/paperclip/buywhere/logs/carousell_sg_scheduler_20260818T110742Z.log
[scraper_scheduler] [restart=0] completed cleanly (rc=0)
[scraper_scheduler] [restart=1] starting at 20260818T110949Z
[scraper_scheduler]   cmd: /usr/bin/python3 -m scrapers.carousell_sg --scrape-only --concurrency 6 --batch-size 50 --page-limit 5 --output-dir /home/paperclip/buywhere/data/carousell-sg
[scraper_scheduler]   log: /home/paperclip/buywhere/logs/carousell_sg_scheduler_20260818T110949Z.log
[scraper_scheduler] [restart=1] completed cleanly (rc=0)
[scraper_scheduler] [restart=2] starting at 20260818T111155Z
[scraper_scheduler]   cmd: /usr/bin/python3 -m scrapers.carousell_sg --scrape-only --concurrency 6 --batch-size 50 --page-limit 5 --output-dir /home/paperclip/buywhere/data/carousell-sg
[scraper_scheduler]   log: /home/paperclip/buywhere/logs/carousell_sg_scheduler_20260818T111155Z.log
[scraper_scheduler] Starting continuous mode for platform=carousell_sg
[scraper_scheduler]   run_budget=14400s, max_restarts=50
[scraper_scheduler]   WORKSPACE=/home/paperclip/buywhere
[scraper_scheduler] [restart=0] starting at 20260818T111244Z
[scraper_scheduler]   cmd: /usr/bin/python3 -m scrapers.carousell_sg --scrape-only --concurrency 6 --batch-size 50 --page-limit 5 --output-dir /home/paperclip/buywhere/data/carousell-sg
[scraper_scheduler]   log: /home/paperclip/buywhere/logs/carousell_sg_scheduler_20260818T111244Z.log
[scraper_scheduler] [restart=0] completed cleanly (rc=0)
[scraper_scheduler] [restart=1] starting at 20260818T111450Z
[scraper_scheduler]   cmd: /usr/bin/python3 -m scrapers.carousell_sg --scrape-only --concurrency 6 --batch-size 50 --page-limit 5 --output-dir /home/paperclip/buywhere/data/carousell-sg
[scraper_scheduler]   log: /home/paperclip/buywhere/logs/carousell_sg_scheduler_20260818T111450Z.log
[scraper_scheduler] [restart=1] completed cleanly (rc=0)
[scraper_scheduler] [restart=2] starting at 20260818T111657Z
[scraper_scheduler]   cmd: /usr/bin/python3 -m scrapers.carousell_sg --scrape-only --concurrency 6 --batch-size 50 --page-limit 5 --output-dir /home/paperclip/buywhere/data/carousell-sg
[scraper_scheduler]   log: /home/paperclip/buywhere/logs/carousell_sg_scheduler_20260818T111657Z.log
[scraper_scheduler] Starting continuous mode for platform=carousell_sg
[scraper_scheduler]   run_budget=14400s, max_restarts=50
[scraper_scheduler]   WORKSPACE=/home/paperclip/buywhere
[scraper_scheduler] [restart=0] starting at 20260818T111747Z
[scraper_scheduler]   cmd: /usr/bin/python3 -m scrapers.carousell_sg --scrape-only --concurrency 6 --batch-size 50 --page-limit 5 --output-dir /home/paperclip/buywhere/data/carousell-sg
[scraper_scheduler]   log: /home/paperclip/buywhere/logs/carousell_sg_scheduler_20260818T111747Z.log
[scraper_scheduler] [restart=0] completed cleanly (rc=0)
[scraper_scheduler] [restart=1] starting at 20260818T111953Z
[scraper_scheduler]   cmd: /usr/bin/python3 -m scrapers.carousell_sg --scrape-only --concurrency 6 --batch-size 50 --page-limit 5 --output-dir /home/paperclip/buywhere/data/carousell-sg
[scraper_scheduler]   log: /home/paperclip/buywhere/logs/carousell_sg_scheduler_20260818T111953Z.log
[scraper_scheduler] [restart=1] completed cleanly (rc=0)
[scraper_scheduler] [restart=2] starting at 20260818T112159Z
[scraper_scheduler]   cmd: /usr/bin/python3 -m scrapers.carousell_sg --scrape-only --concurrency 6 --batch-size 50 --page-limit 5 --output-dir /home/paperclip/buywhere/data/carousell-sg
[scraper_scheduler]   log: /home/paperclip/buywhere/logs/carousell_sg_scheduler_20260818T112159Z.log
[scraper_scheduler] Starting continuous mode for platform=carousell_sg
[scraper_scheduler]   run_budget=14400s, max_restarts=50
[scraper_scheduler]   WORKSPACE=/home/paperclip/buywhere
[scraper_scheduler] [restart=0] starting at 20260818T112249Z
[scraper_scheduler]   cmd: /usr/bin/python3 -m scrapers.carousell_sg --scrape-only --concurrency 6 --batch-size 50 --page-limit 5 --output-dir /home/paperclip/buywhere/data/carousell-sg
[scraper_scheduler]   log: /home/paperclip/buywhere/logs/carousell_sg_scheduler_20260818T112249Z.log
[scraper_scheduler] [restart=0] completed cleanly (rc=0)
[scraper_scheduler] [restart=1] starting at 20260818T112455Z
[scraper_scheduler]   cmd: /usr/bin/python3 -m scrapers.carousell_sg --scrape-only --concurrency 6 --batch-size 50 --page-limit 5 --output-dir /home/paperclip/buywhere/data/carousell-sg
[scraper_scheduler]   log: /home/paperclip/buywhere/logs/carousell_sg_scheduler_20260818T112455Z.log
[scraper_scheduler] [restart=1] completed cleanly (rc=0)
[scraper_scheduler] [restart=2] starting at 20260818T112701Z
[scraper_scheduler]   cmd: /usr/bin/python3 -m scrapers.carousell_sg --scrape-only --concurrency 6 --batch-size 50 --page-limit 5 --output-dir /home/paperclip/buywhere/data/carousell-sg
[scraper_scheduler]   log: /home/paperclip/buywhere/logs/carousell_sg_scheduler_20260818T112701Z.log
[scraper_scheduler] Starting continuous mode for platform=carousell_sg
[scraper_scheduler]   run_budget=14400s, max_restarts=50
[scraper_scheduler]   WORKSPACE=/home/paperclip/buywhere
[scraper_scheduler] [restart=0] starting at 20260818T112751Z
[scraper_scheduler]   cmd: /usr/bin/python3 -m scrapers.carousell_sg --scrape-only --concurrency 6 --batch-size 50 --page-limit 5 --output-dir /home/paperclip/buywhere/data/carousell-sg
[scraper_scheduler]   log: /home/paperclip/buywhere/logs/carousell_sg_scheduler_20260818T112751Z.log
[scraper_scheduler] [restart=0] completed cleanly (rc=0)
[scraper_scheduler] [restart=1] starting at 20260818T112958Z
[scraper_scheduler]   cmd: /usr/bin/python3 -m scrapers.carousell_sg --scrape-only --concurrency 6 --batch-size 50 --page-limit 5 --output-dir /home/paperclip/buywhere/data/carousell-sg
[scraper_scheduler]   log: /home/paperclip/buywhere/logs/carousell_sg_scheduler_20260818T112958Z.log
[scraper_scheduler] [restart=1] completed cleanly (rc=0)
[scraper_scheduler] [restart=2] starting at 20260818T113205Z
[scraper_scheduler]   cmd: /usr/bin/python3 -m scrapers.carousell_sg --scrape-only --concurrency 6 --batch-size 50 --page-limit 5 --output-dir /home/paperclip/buywhere/data/carousell-sg
[scraper_scheduler]   log: /home/paperclip/buywhere/logs/carousell_sg_scheduler_20260818T113205Z.log
[scraper_scheduler] Starting continuous mode for platform=carousell_sg
[scraper_scheduler]   run_budget=14400s, max_restarts=50
[scraper_scheduler]   WORKSPACE=/home/paperclip/buywhere
[scraper_scheduler] [restart=0] starting at 20260818T113255Z
[scraper_scheduler]   cmd: /usr/bin/python3 -m scrapers.carousell_sg --scrape-only --concurrency 6 --batch-size 50 --page-limit 5 --output-dir /home/paperclip/buywhere/data/carousell-sg
[scraper_scheduler]   log: /home/paperclip/buywhere/logs/carousell_sg_scheduler_20260818T113255Z.log
[scraper_scheduler] [restart=0] completed cleanly (rc=0)
[scraper_scheduler] [restart=1] starting at 20260818T113508Z
[scraper_scheduler]   cmd: /usr/bin/python3 -m scrapers.carousell_sg --scrape-only --concurrency 6 --batch-size 50 --page-limit 5 --output-dir /home/paperclip/buywhere/data/carousell-sg
[scraper_scheduler]   log: /home/paperclip/buywhere/logs/carousell_sg_scheduler_20260818T113508Z.log
[scraper_scheduler] [restart=1] completed cleanly (rc=0)
[scraper_scheduler] [restart=2] starting at 20260818T113717Z
[scraper_scheduler]   cmd: /usr/bin/python3 -m scrapers.carousell_sg --scrape-only --concurrency 6 --batch-size 50 --page-limit 5 --output-dir /home/paperclip/buywhere/data/carousell-sg
[scraper_scheduler]   log: /home/paperclip/buywhere/logs/carousell_sg_scheduler_20260818T113717Z.log
[scraper_scheduler] Starting continuous mode for platform=carousell_sg
[scraper_scheduler]   run_budget=14400s, max_restarts=50
[scraper_scheduler]   WORKSPACE=/home/paperclip/buywhere
[scraper_scheduler] [restart=0] starting at 20260818T113756Z
[scraper_scheduler]   cmd: /usr/bin/python3 -m scrapers.carousell_sg --scrape-only --concurrency 6 --batch-size 50 --page-limit 5 --output-dir /home/paperclip/buywhere/data/carousell-sg
[scraper_scheduler]   log: /home/paperclip/buywhere/logs/carousell_sg_scheduler_20260818T113756Z.log
[scraper_scheduler] [restart=0] completed cleanly (rc=0)
[scraper_scheduler] [restart=1] starting at 20260818T114006Z
[scraper_scheduler]   cmd: /usr/bin/python3 -m scrapers.carousell_sg --scrape-only --concurrency 6 --batch-size 50 --page-limit 5 --output-dir /home/paperclip/buywhere/data/carousell-sg
[scraper_scheduler]   log: /home/paperclip/buywhere/logs/carousell_sg_scheduler_20260818T114006Z.log
[scraper_scheduler] [restart=1] completed cleanly (rc=0)
[scraper_scheduler] [restart=2] starting at 20260818T114213Z
[scraper_scheduler]   cmd: /usr/bin/python3 -m scrapers.carousell_sg --scrape-only --concurrency 6 --batch-size 50 --page-limit 5 --output-dir /home/paperclip/buywhere/data/carousell-sg
[scraper_scheduler]   log: /home/paperclip/buywhere/logs/carousell_sg_scheduler_20260818T114213Z.log
[scraper_scheduler] Starting continuous mode for platform=carousell_sg
[scraper_scheduler]   run_budget=14400s, max_restarts=50
[scraper_scheduler]   WORKSPACE=/home/paperclip/buywhere
[scraper_scheduler] [restart=0] starting at 20260818T114258Z
[scraper_scheduler]   cmd: /usr/bin/python3 -m scrapers.carousell_sg --scrape-only --concurrency 6 --batch-size 50 --page-limit 5 --output-dir /home/paperclip/buywhere/data/carousell-sg
[scraper_scheduler]   log: /home/paperclip/buywhere/logs/carousell_sg_scheduler_20260818T114258Z.log
[scraper_scheduler] [restart=0] completed cleanly (rc=0)
[scraper_scheduler] [restart=1] starting at 20260818T114506Z
[scraper_scheduler]   cmd: /usr/bin/python3 -m scrapers.carousell_sg --scrape-only --concurrency 6 --batch-size 50 --page-limit 5 --output-dir /home/paperclip/buywhere/data/carousell-sg
[scraper_scheduler]   log: /home/paperclip/buywhere/logs/carousell_sg_scheduler_20260818T114506Z.log
[scraper_scheduler] [restart=1] completed cleanly (rc=0)
[scraper_scheduler] [restart=2] starting at 20260818T114716Z
[scraper_scheduler]   cmd: /usr/bin/python3 -m scrapers.carousell_sg --scrape-only --concurrency 6 --batch-size 50 --page-limit 5 --output-dir /home/paperclip/buywhere/data/carousell-sg
[scraper_scheduler]   log: /home/paperclip/buywhere/logs/carousell_sg_scheduler_20260818T114716Z.log
[scraper_scheduler] Starting continuous mode for platform=carousell_sg
[scraper_scheduler]   run_budget=14400s, max_restarts=50
[scraper_scheduler]   WORKSPACE=/home/paperclip/buywhere
[scraper_scheduler] [restart=0] starting at 20260818T114801Z
[scraper_scheduler]   cmd: /usr/bin/python3 -m scrapers.carousell_sg --scrape-only --concurrency 6 --batch-size 50 --page-limit 5 --output-dir /home/paperclip/buywhere/data/carousell-sg
[scraper_scheduler]   log: /home/paperclip/buywhere/logs/carousell_sg_scheduler_20260818T114801Z.log
[scraper_scheduler] [restart=0] completed cleanly (rc=0)
[scraper_scheduler] [restart=1] starting at 20260818T115009Z
[scraper_scheduler]   cmd: /usr/bin/python3 -m scrapers.carousell_sg --scrape-only --concurrency 6 --batch-size 50 --page-limit 5 --output-dir /home/paperclip/buywhere/data/carousell-sg
[scraper_scheduler]   log: /home/paperclip/buywhere/logs/carousell_sg_scheduler_20260818T115009Z.log
[scraper_scheduler] [restart=1] completed cleanly (rc=0)
[scraper_scheduler] [restart=2] starting at 20260818T115229Z
[scraper_scheduler]   cmd: /usr/bin/python3 -m scrapers.carousell_sg --scrape-only --concurrency 6 --batch-size 50 --page-limit 5 --output-dir /home/paperclip/buywhere/data/carousell-sg
[scraper_scheduler]   log: /home/paperclip/buywhere/logs/carousell_sg_scheduler_20260818T115229Z.log
[scraper_scheduler] Starting continuous mode for platform=carousell_sg
[scraper_scheduler]   run_budget=14400s, max_restarts=50
[scraper_scheduler]   WORKSPACE=/home/paperclip/buywhere
[scraper_scheduler] [restart=0] starting at 20260818T115304Z
[scraper_scheduler]   cmd: /usr/bin/python3 -m scrapers.carousell_sg --scrape-only --concurrency 6 --batch-size 50 --page-limit 5 --output-dir /home/paperclip/buywhere/data/carousell-sg
[scraper_scheduler]   log: /home/paperclip/buywhere/logs/carousell_sg_scheduler_20260818T115304Z.log
[scraper_scheduler] [restart=0] completed cleanly (rc=0)
[scraper_scheduler] [restart=1] starting at 20260818T115513Z
[scraper_scheduler]   cmd: /usr/bin/python3 -m scrapers.carousell_sg --scrape-only --concurrency 6 --batch-size 50 --page-limit 5 --output-dir /home/paperclip/buywhere/data/carousell-sg
[scraper_scheduler]   log: /home/paperclip/buywhere/logs/carousell_sg_scheduler_20260818T115513Z.log
[scraper_scheduler] [restart=1] completed cleanly (rc=0)
[scraper_scheduler] [restart=2] starting at 20260818T115720Z
[scraper_scheduler]   cmd: /usr/bin/python3 -m scrapers.carousell_sg --scrape-only --concurrency 6 --batch-size 50 --page-limit 5 --output-dir /home/paperclip/buywhere/data/carousell-sg
[scraper_scheduler]   log: /home/paperclip/buywhere/logs/carousell_sg_scheduler_20260818T115720Z.log
[scraper_scheduler] Starting continuous mode for platform=carousell_sg
[scraper_scheduler]   run_budget=14400s, max_restarts=50
[scraper_scheduler]   WORKSPACE=/home/paperclip/buywhere
[scraper_scheduler] [restart=0] starting at 20260818T115807Z
[scraper_scheduler]   cmd: /usr/bin/python3 -m scrapers.carousell_sg --scrape-only --concurrency 6 --batch-size 50 --page-limit 5 --output-dir /home/paperclip/buywhere/data/carousell-sg
[scraper_scheduler]   log: /home/paperclip/buywhere/logs/carousell_sg_scheduler_20260818T115807Z.log
[scraper_scheduler] [restart=0] completed cleanly (rc=0)
[scraper_scheduler] [restart=1] starting at 20260818T120019Z
[scraper_scheduler]   cmd: /usr/bin/python3 -m scrapers.carousell_sg --scrape-only --concurrency 6 --batch-size 50 --page-limit 5 --output-dir /home/paperclip/buywhere/data/carousell-sg
[scraper_scheduler]   log: /home/paperclip/buywhere/logs/carousell_sg_scheduler_20260818T120019Z.log
[scraper_scheduler] [restart=1] completed cleanly (rc=0)
[scraper_scheduler] [restart=2] starting at 20260818T120234Z
[scraper_scheduler]   cmd: /usr/bin/python3 -m scrapers.carousell_sg --scrape-only --concurrency 6 --batch-size 50 --page-limit 5 --output-dir /home/paperclip/buywhere/data/carousell-sg
[scraper_scheduler]   log: /home/paperclip/buywhere/logs/carousell_sg_scheduler_20260818T120234Z.log
[scraper_scheduler] Starting continuous mode for platform=carousell_sg
[scraper_scheduler]   run_budget=14400s, max_restarts=50
[scraper_scheduler]   WORKSPACE=/home/paperclip/buywhere
[scraper_scheduler] [restart=0] starting at 20260818T120311Z
[scraper_scheduler]   cmd: /usr/bin/python3 -m scrapers.carousell_sg --scrape-only --concurrency 6 --batch-size 50 --page-limit 5 --output-dir /home/paperclip/buywhere/data/carousell-sg
[scraper_scheduler]   log: /home/paperclip/buywhere/logs/carousell_sg_scheduler_20260818T120311Z.log
[scraper_scheduler] [restart=0] completed cleanly (rc=0)
[scraper_scheduler] [restart=1] starting at 20260818T120522Z
[scraper_scheduler]   cmd: /usr/bin/python3 -m scrapers.carousell_sg --scrape-only --concurrency 6 --batch-size 50 --page-limit 5 --output-dir /home/paperclip/buywhere/data/carousell-sg
[scraper_scheduler]   log: /home/paperclip/buywhere/logs/carousell_sg_scheduler_20260818T120522Z.log
[scraper_scheduler] [restart=1] completed cleanly (rc=0)
[scraper_scheduler] [restart=2] starting at 20260818T120721Z
[scraper_scheduler]   cmd: /usr/bin/python3 -m scrapers.carousell_sg --scrape-only --concurrency 6 --batch-size 50 --page-limit 5 --output-dir /home/paperclip/buywhere/data/carousell-sg
[scraper_scheduler]   log: /home/paperclip/buywhere/logs/carousell_sg_scheduler_20260818T120721Z.log
[scraper_scheduler] Starting continuous mode for platform=carousell_sg
[scraper_scheduler]   run_budget=14400s, max_restarts=50
[scraper_scheduler]   WORKSPACE=/home/paperclip/buywhere
[scraper_scheduler] [restart=0] starting at 20260818T120815Z
[scraper_scheduler]   cmd: /usr/bin/python3 -m scrapers.carousell_sg --scrape-only --concurrency 6 --batch-size 50 --page-limit 5 --output-dir /home/paperclip/buywhere/data/carousell-sg
[scraper_scheduler]   log: /home/paperclip/buywhere/logs/carousell_sg_scheduler_20260818T120815Z.log
[scraper_scheduler] [restart=0] completed cleanly (rc=0)
[scraper_scheduler] [restart=1] starting at 20260818T121032Z
[scraper_scheduler]   cmd: /usr/bin/python3 -m scrapers.carousell_sg --scrape-only --concurrency 6 --batch-size 50 --page-limit 5 --output-dir /home/paperclip/buywhere/data/carousell-sg
[scraper_scheduler]   log: /home/paperclip/buywhere/logs/carousell_sg_scheduler_20260818T121032Z.log
[scraper_scheduler] [restart=1] completed cleanly (rc=0)
[scraper_scheduler] [restart=2] starting at 20260818T121241Z
[scraper_scheduler]   cmd: /usr/bin/python3 -m scrapers.carousell_sg --scrape-only --concurrency 6 --batch-size 50 --page-limit 5 --output-dir /home/paperclip/buywhere/data/carousell-sg
[scraper_scheduler]   log: /home/paperclip/buywhere/logs/carousell_sg_scheduler_20260818T121241Z.log
[scraper_scheduler] Starting continuous mode for platform=carousell_sg
[scraper_scheduler]   run_budget=14400s, max_restarts=50
[scraper_scheduler]   WORKSPACE=/home/paperclip/buywhere
[scraper_scheduler] [restart=0] starting at 20260818T121317Z
[scraper_scheduler]   cmd: /usr/bin/python3 -m scrapers.carousell_sg --scrape-only --concurrency 6 --batch-size 50 --page-limit 5 --output-dir /home/paperclip/buywhere/data/carousell-sg
[scraper_scheduler]   log: /home/paperclip/buywhere/logs/carousell_sg_scheduler_20260818T121317Z.log
[scraper_scheduler] [restart=0] completed cleanly (rc=0)
[scraper_scheduler] [restart=1] starting at 20260818T121529Z
[scraper_scheduler]   cmd: /usr/bin/python3 -m scrapers.carousell_sg --scrape-only --concurrency 6 --batch-size 50 --page-limit 5 --output-dir /home/paperclip/buywhere/data/carousell-sg
[scraper_scheduler]   log: /home/paperclip/buywhere/logs/carousell_sg_scheduler_20260818T121529Z.log
[scraper_scheduler] [restart=1] completed cleanly (rc=0)
[scraper_scheduler] [restart=2] starting at 20260818T121739Z
[scraper_scheduler]   cmd: /usr/bin/python3 -m scrapers.carousell_sg --scrape-only --concurrency 6 --batch-size 50 --page-limit 5 --output-dir /home/paperclip/buywhere/data/carousell-sg
[scraper_scheduler]   log: /home/paperclip/buywhere/logs/carousell_sg_scheduler_20260818T121739Z.log
[scraper_scheduler] Starting continuous mode for platform=carousell_sg
[scraper_scheduler]   run_budget=14400s, max_restarts=50
[scraper_scheduler]   WORKSPACE=/home/paperclip/buywhere
[scraper_scheduler] [restart=0] starting at 20260818T121819Z
[scraper_scheduler]   cmd: /usr/bin/python3 -m scrapers.carousell_sg --scrape-only --concurrency 6 --batch-size 50 --page-limit 5 --output-dir /home/paperclip/buywhere/data/carousell-sg
[scraper_scheduler]   log: /home/paperclip/buywhere/logs/carousell_sg_scheduler_20260818T121819Z.log
[scraper_scheduler] [restart=0] completed cleanly (rc=0)
[scraper_scheduler] [restart=1] starting at 20260818T122027Z
[scraper_scheduler]   cmd: /usr/bin/python3 -m scrapers.carousell_sg --scrape-only --concurrency 6 --batch-size 50 --page-limit 5 --output-dir /home/paperclip/buywhere/data/carousell-sg
[scraper_scheduler]   log: /home/paperclip/buywhere/logs/carousell_sg_scheduler_20260818T122027Z.log
[scraper_scheduler] [restart=1] completed cleanly (rc=0)
[scraper_scheduler] [restart=2] starting at 20260818T122241Z
[scraper_scheduler]   cmd: /usr/bin/python3 -m scrapers.carousell_sg --scrape-only --concurrency 6 --batch-size 50 --page-limit 5 --output-dir /home/paperclip/buywhere/data/carousell-sg
[scraper_scheduler]   log: /home/paperclip/buywhere/logs/carousell_sg_scheduler_20260818T122241Z.log
[scraper_scheduler] Starting continuous mode for platform=carousell_sg
[scraper_scheduler]   run_budget=14400s, max_restarts=50
[scraper_scheduler]   WORKSPACE=/home/paperclip/buywhere
[scraper_scheduler] [restart=0] starting at 20260818T122322Z
[scraper_scheduler]   cmd: /usr/bin/python3 -m scrapers.carousell_sg --scrape-only --concurrency 6 --batch-size 50 --page-limit 5 --output-dir /home/paperclip/buywhere/data/carousell-sg
[scraper_scheduler]   log: /home/paperclip/buywhere/logs/carousell_sg_scheduler_20260818T122322Z.log
[scraper_scheduler] [restart=0] completed cleanly (rc=0)
[scraper_scheduler] [restart=1] starting at 20260818T122530Z
[scraper_scheduler]   cmd: /usr/bin/python3 -m scrapers.carousell_sg --scrape-only --concurrency 6 --batch-size 50 --page-limit 5 --output-dir /home/paperclip/buywhere/data/carousell-sg
[scraper_scheduler]   log: /home/paperclip/buywhere/logs/carousell_sg_scheduler_20260818T122530Z.log
[scraper_scheduler] [restart=1] completed cleanly (rc=0)
[scraper_scheduler] [restart=2] starting at 20260818T122738Z
[scraper_scheduler]   cmd: /usr/bin/python3 -m scrapers.carousell_sg --scrape-only --concurrency 6 --batch-size 50 --page-limit 5 --output-dir /home/paperclip/buywhere/data/carousell-sg
[scraper_scheduler]   log: /home/paperclip/buywhere/logs/carousell_sg_scheduler_20260818T122738Z.log
[scraper_scheduler] Starting continuous mode for platform=carousell_sg
[scraper_scheduler]   run_budget=14400s, max_restarts=50
[scraper_scheduler]   WORKSPACE=/home/paperclip/buywhere
[scraper_scheduler] [restart=0] starting at 20260818T122824Z
[scraper_scheduler]   cmd: /usr/bin/python3 -m scrapers.carousell_sg --scrape-only --concurrency 6 --batch-size 50 --page-limit 5 --output-dir /home/paperclip/buywhere/data/carousell-sg
[scraper_scheduler]   log: /home/paperclip/buywhere/logs/carousell_sg_scheduler_20260818T122824Z.log
[scraper_scheduler] [restart=0] completed cleanly (rc=0)
[scraper_scheduler] [restart=1] starting at 20260818T123032Z
[scraper_scheduler]   cmd: /usr/bin/python3 -m scrapers.carousell_sg --scrape-only --concurrency 6 --batch-size 50 --page-limit 5 --output-dir /home/paperclip/buywhere/data/carousell-sg
[scraper_scheduler]   log: /home/paperclip/buywhere/logs/carousell_sg_scheduler_20260818T123032Z.log
[scraper_scheduler] [restart=1] completed cleanly (rc=0)
[scraper_scheduler] [restart=2] starting at 20260818T123245Z
[scraper_scheduler]   cmd: /usr/bin/python3 -m scrapers.carousell_sg --scrape-only --concurrency 6 --batch-size 50 --page-limit 5 --output-dir /home/paperclip/buywhere/data/carousell-sg
[scraper_scheduler]   log: /home/paperclip/buywhere/logs/carousell_sg_scheduler_20260818T123245Z.log
[scraper_scheduler] Starting continuous mode for platform=carousell_sg
[scraper_scheduler]   run_budget=14400s, max_restarts=50
[scraper_scheduler]   WORKSPACE=/home/paperclip/buywhere
[scraper_scheduler] [restart=0] starting at 20260818T123328Z
[scraper_scheduler]   cmd: /usr/bin/python3 -m scrapers.carousell_sg --scrape-only --concurrency 6 --batch-size 50 --page-limit 5 --output-dir /home/paperclip/buywhere/data/carousell-sg
[scraper_scheduler]   log: /home/paperclip/buywhere/logs/carousell_sg_scheduler_20260818T123328Z.log
[scraper_scheduler] [restart=0] completed cleanly (rc=0)
[scraper_scheduler] [restart=1] starting at 20260818T123542Z
[scraper_scheduler]   cmd: /usr/bin/python3 -m scrapers.carousell_sg --scrape-only --concurrency 6 --batch-size 50 --page-limit 5 --output-dir /home/paperclip/buywhere/data/carousell-sg
[scraper_scheduler]   log: /home/paperclip/buywhere/logs/carousell_sg_scheduler_20260818T123542Z.log
[scraper_scheduler] [restart=1] completed cleanly (rc=0)
[scraper_scheduler] [restart=2] starting at 20260818T123750Z
[scraper_scheduler]   cmd: /usr/bin/python3 -m scrapers.carousell_sg --scrape-only --concurrency 6 --batch-size 50 --page-limit 5 --output-dir /home/paperclip/buywhere/data/carousell-sg
[scraper_scheduler]   log: /home/paperclip/buywhere/logs/carousell_sg_scheduler_20260818T123750Z.log
[scraper_scheduler] Starting continuous mode for platform=carousell_sg
[scraper_scheduler]   run_budget=14400s, max_restarts=50
[scraper_scheduler]   WORKSPACE=/home/paperclip/buywhere
[scraper_scheduler] [restart=0] starting at 20260818T123830Z
[scraper_scheduler]   cmd: /usr/bin/python3 -m scrapers.carousell_sg --scrape-only --concurrency 6 --batch-size 50 --page-limit 5 --output-dir /home/paperclip/buywhere/data/carousell-sg
[scraper_scheduler]   log: /home/paperclip/buywhere/logs/carousell_sg_scheduler_20260818T123830Z.log
[scraper_scheduler] [restart=0] completed cleanly (rc=0)
[scraper_scheduler] [restart=1] starting at 20260818T124038Z
[scraper_scheduler]   cmd: /usr/bin/python3 -m scrapers.carousell_sg --scrape-only --concurrency 6 --batch-size 50 --page-limit 5 --output-dir /home/paperclip/buywhere/data/carousell-sg
[scraper_scheduler]   log: /home/paperclip/buywhere/logs/carousell_sg_scheduler_20260818T124038Z.log
[scraper_scheduler] [restart=1] completed cleanly (rc=0)
[scraper_scheduler] [restart=2] starting at 20260818T124235Z
[scraper_scheduler]   cmd: /usr/bin/python3 -m scrapers.carousell_sg --scrape-only --concurrency 6 --batch-size 50 --page-limit 5 --output-dir /home/paperclip/buywhere/data/carousell-sg
[scraper_scheduler]   log: /home/paperclip/buywhere/logs/carousell_sg_scheduler_20260818T124235Z.log
[scraper_scheduler] Starting continuous mode for platform=carousell_sg
[scraper_scheduler]   run_budget=14400s, max_restarts=50
[scraper_scheduler]   WORKSPACE=/home/paperclip/buywhere
[scraper_scheduler] [restart=0] starting at 20260818T124332Z
[scraper_scheduler]   cmd: /usr/bin/python3 -m scrapers.carousell_sg --scrape-only --concurrency 6 --batch-size 50 --page-limit 5 --output-dir /home/paperclip/buywhere/data/carousell-sg
[scraper_scheduler]   log: /home/paperclip/buywhere/logs/carousell_sg_scheduler_20260818T124332Z.log
[scraper_scheduler] [restart=0] completed cleanly (rc=0)
[scraper_scheduler] [restart=1] starting at 20260818T124539Z
[scraper_scheduler]   cmd: /usr/bin/python3 -m scrapers.carousell_sg --scrape-only --concurrency 6 --batch-size 50 --page-limit 5 --output-dir /home/paperclip/buywhere/data/carousell-sg
[scraper_scheduler]   log: /home/paperclip/buywhere/logs/carousell_sg_scheduler_20260818T124539Z.log
[scraper_scheduler] [restart=1] completed cleanly (rc=0)
[scraper_scheduler] [restart=2] starting at 20260818T124734Z
[scraper_scheduler]   cmd: /usr/bin/python3 -m scrapers.carousell_sg --scrape-only --concurrency 6 --batch-size 50 --page-limit 5 --output-dir /home/paperclip/buywhere/data/carousell-sg
[scraper_scheduler]   log: /home/paperclip/buywhere/logs/carousell_sg_scheduler_20260818T124734Z.log
[scraper_scheduler] Starting continuous mode for platform=carousell_sg
[scraper_scheduler]   run_budget=14400s, max_restarts=50
[scraper_scheduler]   WORKSPACE=/home/paperclip/buywhere
[scraper_scheduler] [restart=0] starting at 20260818T124834Z
[scraper_scheduler]   cmd: /usr/bin/python3 -m scrapers.carousell_sg --scrape-only --concurrency 6 --batch-size 50 --page-limit 5 --output-dir /home/paperclip/buywhere/data/carousell-sg
[scraper_scheduler]   log: /home/paperclip/buywhere/logs/carousell_sg_scheduler_20260818T124834Z.log
[scraper_scheduler] Starting continuous mode for platform=carousell_sg
[scraper_scheduler]   run_budget=14400s, max_restarts=50
[scraper_scheduler]   WORKSPACE=/home/paperclip/buywhere
[scraper_scheduler] [restart=0] starting at 20260818T125336Z
[scraper_scheduler]   cmd: /usr/bin/python3 -m scrapers.carousell_sg --scrape-only --concurrency 6 --batch-size 50 --page-limit 5 --output-dir /home/paperclip/buywhere/data/carousell-sg
[scraper_scheduler]   log: /home/paperclip/buywhere/logs/carousell_sg_scheduler_20260818T125336Z.log
[scraper_scheduler] [restart=0] completed cleanly (rc=0)
[scraper_scheduler] [restart=1] starting at 20260818T125542Z
[scraper_scheduler]   cmd: /usr/bin/python3 -m scrapers.carousell_sg --scrape-only --concurrency 6 --batch-size 50 --page-limit 5 --output-dir /home/paperclip/buywhere/data/carousell-sg
[scraper_scheduler]   log: /home/paperclip/buywhere/logs/carousell_sg_scheduler_20260818T125542Z.log
[scraper_scheduler] [restart=1] completed cleanly (rc=0)
[scraper_scheduler] [restart=2] starting at 20260818T125749Z
[scraper_scheduler]   cmd: /usr/bin/python3 -m scrapers.carousell_sg --scrape-only --concurrency 6 --batch-size 50 --page-limit 5 --output-dir /home/paperclip/buywhere/data/carousell-sg
[scraper_scheduler]   log: /home/paperclip/buywhere/logs/carousell_sg_scheduler_20260818T125749Z.log
[scraper_scheduler] Starting continuous mode for platform=carousell_sg
[scraper_scheduler]   run_budget=14400s, max_restarts=50
[scraper_scheduler]   WORKSPACE=/home/paperclip/buywhere
[scraper_scheduler] [restart=0] starting at 20260818T125838Z
[scraper_scheduler]   cmd: /usr/bin/python3 -m scrapers.carousell_sg --scrape-only --concurrency 6 --batch-size 50 --page-limit 5 --output-dir /home/paperclip/buywhere/data/carousell-sg
[scraper_scheduler]   log: /home/paperclip/buywhere/logs/carousell_sg_scheduler_20260818T125838Z.log
[scraper_scheduler] [restart=0] completed cleanly (rc=0)
[scraper_scheduler] [restart=1] starting at 20260818T130047Z
[scraper_scheduler]   cmd: /usr/bin/python3 -m scrapers.carousell_sg --scrape-only --concurrency 6 --batch-size 50 --page-limit 5 --output-dir /home/paperclip/buywhere/data/carousell-sg
[scraper_scheduler]   log: /home/paperclip/buywhere/logs/carousell_sg_scheduler_20260818T130047Z.log
[scraper_scheduler] [restart=1] completed cleanly (rc=0)
[scraper_scheduler] [restart=2] starting at 20260818T130255Z
[scraper_scheduler]   cmd: /usr/bin/python3 -m scrapers.carousell_sg --scrape-only --concurrency 6 --batch-size 50 --page-limit 5 --output-dir /home/paperclip/buywhere/data/carousell-sg
[scraper_scheduler]   log: /home/paperclip/buywhere/logs/carousell_sg_scheduler_20260818T130255Z.log
[scraper_scheduler] Starting continuous mode for platform=carousell_sg
[scraper_scheduler]   run_budget=14400s, max_restarts=50
[scraper_scheduler]   WORKSPACE=/home/paperclip/buywhere
[scraper_scheduler] [restart=0] starting at 20260818T130341Z
[scraper_scheduler]   cmd: /usr/bin/python3 -m scrapers.carousell_sg --scrape-only --concurrency 6 --batch-size 50 --page-limit 5 --output-dir /home/paperclip/buywhere/data/carousell-sg
[scraper_scheduler]   log: /home/paperclip/buywhere/logs/carousell_sg_scheduler_20260818T130341Z.log
[scraper_scheduler] [restart=0] completed cleanly (rc=0)
[scraper_scheduler] [restart=1] starting at 20260818T130541Z
[scraper_scheduler]   cmd: /usr/bin/python3 -m scrapers.carousell_sg --scrape-only --concurrency 6 --batch-size 50 --page-limit 5 --output-dir /home/paperclip/buywhere/data/carousell-sg
[scraper_scheduler]   log: /home/paperclip/buywhere/logs/carousell_sg_scheduler_20260818T130541Z.log
[scraper_scheduler] [restart=1] completed cleanly (rc=0)
[scraper_scheduler] [restart=2] starting at 20260818T130747Z
[scraper_scheduler]   cmd: /usr/bin/python3 -m scrapers.carousell_sg --scrape-only --concurrency 6 --batch-size 50 --page-limit 5 --output-dir /home/paperclip/buywhere/data/carousell-sg
[scraper_scheduler]   log: /home/paperclip/buywhere/logs/carousell_sg_scheduler_20260818T130747Z.log
[scraper_scheduler] Starting continuous mode for platform=carousell_sg
[scraper_scheduler]   run_budget=14400s, max_restarts=50
[scraper_scheduler]   WORKSPACE=/home/paperclip/buywhere
[scraper_scheduler] [restart=0] starting at 20260818T130843Z
[scraper_scheduler]   cmd: /usr/bin/python3 -m scrapers.carousell_sg --scrape-only --concurrency 6 --batch-size 50 --page-limit 5 --output-dir /home/paperclip/buywhere/data/carousell-sg
[scraper_scheduler]   log: /home/paperclip/buywhere/logs/carousell_sg_scheduler_20260818T130843Z.log
[scraper_scheduler] [restart=0] completed cleanly (rc=0)
[scraper_scheduler] [restart=1] starting at 20260818T131050Z
[scraper_scheduler]   cmd: /usr/bin/python3 -m scrapers.carousell_sg --scrape-only --concurrency 6 --batch-size 50 --page-limit 5 --output-dir /home/paperclip/buywhere/data/carousell-sg
[scraper_scheduler]   log: /home/paperclip/buywhere/logs/carousell_sg_scheduler_20260818T131050Z.log
[scraper_scheduler] [restart=1] completed cleanly (rc=0)
[scraper_scheduler] [restart=2] starting at 20260818T131257Z
[scraper_scheduler]   cmd: /usr/bin/python3 -m scrapers.carousell_sg --scrape-only --concurrency 6 --batch-size 50 --page-limit 5 --output-dir /home/paperclip/buywhere/data/carousell-sg
[scraper_scheduler]   log: /home/paperclip/buywhere/logs/carousell_sg_scheduler_20260818T131257Z.log
[scraper_scheduler] Starting continuous mode for platform=carousell_sg
[scraper_scheduler]   run_budget=14400s, max_restarts=50
[scraper_scheduler]   WORKSPACE=/home/paperclip/buywhere
[scraper_scheduler] [restart=0] starting at 20260818T131345Z
[scraper_scheduler]   cmd: /usr/bin/python3 -m scrapers.carousell_sg --scrape-only --concurrency 6 --batch-size 50 --page-limit 5 --output-dir /home/paperclip/buywhere/data/carousell-sg
[scraper_scheduler]   log: /home/paperclip/buywhere/logs/carousell_sg_scheduler_20260818T131345Z.log
[scraper_scheduler] [restart=0] completed cleanly (rc=0)
[scraper_scheduler] [restart=1] starting at 20260818T131551Z
[scraper_scheduler]   cmd: /usr/bin/python3 -m scrapers.carousell_sg --scrape-only --concurrency 6 --batch-size 50 --page-limit 5 --output-dir /home/paperclip/buywhere/data/carousell-sg
[scraper_scheduler]   log: /home/paperclip/buywhere/logs/carousell_sg_scheduler_20260818T131551Z.log
[scraper_scheduler] [restart=1] completed cleanly (rc=0)
[scraper_scheduler] [restart=2] starting at 20260818T131758Z
[scraper_scheduler]   cmd: /usr/bin/python3 -m scrapers.carousell_sg --scrape-only --concurrency 6 --batch-size 50 --page-limit 5 --output-dir /home/paperclip/buywhere/data/carousell-sg
[scraper_scheduler]   log: /home/paperclip/buywhere/logs/carousell_sg_scheduler_20260818T131758Z.log
[scraper_scheduler] Starting continuous mode for platform=carousell_sg
[scraper_scheduler]   run_budget=14400s, max_restarts=50
[scraper_scheduler]   WORKSPACE=/home/paperclip/buywhere
[scraper_scheduler] [restart=0] starting at 20260818T131847Z
[scraper_scheduler]   cmd: /usr/bin/python3 -m scrapers.carousell_sg --scrape-only --concurrency 6 --batch-size 50 --page-limit 5 --output-dir /home/paperclip/buywhere/data/carousell-sg
[scraper_scheduler]   log: /home/paperclip/buywhere/logs/carousell_sg_scheduler_20260818T131847Z.log
[scraper_scheduler] [restart=0] completed cleanly (rc=0)
[scraper_scheduler] [restart=1] starting at 20260818T132053Z
[scraper_scheduler]   cmd: /usr/bin/python3 -m scrapers.carousell_sg --scrape-only --concurrency 6 --batch-size 50 --page-limit 5 --output-dir /home/paperclip/buywhere/data/carousell-sg
[scraper_scheduler]   log: /home/paperclip/buywhere/logs/carousell_sg_scheduler_20260818T132053Z.log
[scraper_scheduler] [restart=1] completed cleanly (rc=0)
[scraper_scheduler] [restart=2] starting at 20260818T132300Z
[scraper_scheduler]   cmd: /usr/bin/python3 -m scrapers.carousell_sg --scrape-only --concurrency 6 --batch-size 50 --page-limit 5 --output-dir /home/paperclip/buywhere/data/carousell-sg
[scraper_scheduler]   log: /home/paperclip/buywhere/logs/carousell_sg_scheduler_20260818T132300Z.log
[scraper_scheduler] Starting continuous mode for platform=carousell_sg
[scraper_scheduler]   run_budget=14400s, max_restarts=50
[scraper_scheduler]   WORKSPACE=/home/paperclip/buywhere
[scraper_scheduler] [restart=0] starting at 20260818T132349Z
[scraper_scheduler]   cmd: /usr/bin/python3 -m scrapers.carousell_sg --scrape-only --concurrency 6 --batch-size 50 --page-limit 5 --output-dir /home/paperclip/buywhere/data/carousell-sg
[scraper_scheduler]   log: /home/paperclip/buywhere/logs/carousell_sg_scheduler_20260818T132349Z.log
[scraper_scheduler] [restart=0] completed cleanly (rc=0)
[scraper_scheduler] [restart=1] starting at 20260818T132555Z
[scraper_scheduler]   cmd: /usr/bin/python3 -m scrapers.carousell_sg --scrape-only --concurrency 6 --batch-size 50 --page-limit 5 --output-dir /home/paperclip/buywhere/data/carousell-sg
[scraper_scheduler]   log: /home/paperclip/buywhere/logs/carousell_sg_scheduler_20260818T132555Z.log
[scraper_scheduler] [restart=1] completed cleanly (rc=0)
[scraper_scheduler] [restart=2] starting at 20260818T132801Z
[scraper_scheduler]   cmd: /usr/bin/python3 -m scrapers.carousell_sg --scrape-only --concurrency 6 --batch-size 50 --page-limit 5 --output-dir /home/paperclip/buywhere/data/carousell-sg
[scraper_scheduler]   log: /home/paperclip/buywhere/logs/carousell_sg_scheduler_20260818T132801Z.log
[scraper_scheduler] Starting continuous mode for platform=carousell_sg
[scraper_scheduler]   run_budget=14400s, max_restarts=50
[scraper_scheduler]   WORKSPACE=/home/paperclip/buywhere
[scraper_scheduler] [restart=0] starting at 20260818T132851Z
[scraper_scheduler]   cmd: /usr/bin/python3 -m scrapers.carousell_sg --scrape-only --concurrency 6 --batch-size 50 --page-limit 5 --output-dir /home/paperclip/buywhere/data/carousell-sg
[scraper_scheduler]   log: /home/paperclip/buywhere/logs/carousell_sg_scheduler_20260818T132851Z.log
[scraper_scheduler] [restart=0] completed cleanly (rc=0)
[scraper_scheduler] [restart=1] starting at 20260818T133058Z
[scraper_scheduler]   cmd: /usr/bin/python3 -m scrapers.carousell_sg --scrape-only --concurrency 6 --batch-size 50 --page-limit 5 --output-dir /home/paperclip/buywhere/data/carousell-sg
[scraper_scheduler]   log: /home/paperclip/buywhere/logs/carousell_sg_scheduler_20260818T133058Z.log
[scraper_scheduler] [restart=1] completed cleanly (rc=0)
[scraper_scheduler] [restart=2] starting at 20260818T133251Z
[scraper_scheduler]   cmd: /usr/bin/python3 -m scrapers.carousell_sg --scrape-only --concurrency 6 --batch-size 50 --page-limit 5 --output-dir /home/paperclip/buywhere/data/carousell-sg
[scraper_scheduler]   log: /home/paperclip/buywhere/logs/carousell_sg_scheduler_20260818T133251Z.log
[scraper_scheduler] Starting continuous mode for platform=carousell_sg
[scraper_scheduler]   run_budget=14400s, max_restarts=50
[scraper_scheduler]   WORKSPACE=/home/paperclip/buywhere
[scraper_scheduler] [restart=0] starting at 20260818T133354Z
[scraper_scheduler]   cmd: /usr/bin/python3 -m scrapers.carousell_sg --scrape-only --concurrency 6 --batch-size 50 --page-limit 5 --output-dir /home/paperclip/buywhere/data/carousell-sg
[scraper_scheduler]   log: /home/paperclip/buywhere/logs/carousell_sg_scheduler_20260818T133354Z.log
[scraper_scheduler] [restart=0] completed cleanly (rc=0)
[scraper_scheduler] [restart=1] starting at 20260818T133600Z
[scraper_scheduler]   cmd: /usr/bin/python3 -m scrapers.carousell_sg --scrape-only --concurrency 6 --batch-size 50 --page-limit 5 --output-dir /home/paperclip/buywhere/data/carousell-sg
[scraper_scheduler]   log: /home/paperclip/buywhere/logs/carousell_sg_scheduler_20260818T133600Z.log
